# Blender 4.5.3 LTS
# www.blender.org
mtllib diablo_lod1.mtl
o diablo3_pose
v 0.115260 0.700717 0.067726
v 0.114223 0.654606 0.082171
v 0.121113 0.671099 0.117355
v 0.120690 0.712368 0.093241
v 0.101166 0.641743 0.120274
v 0.110674 0.714740 0.118248
v 0.114155 0.673019 0.127762
v 0.087879 0.652998 0.129236
v 0.091098 0.702896 0.120497
v 0.116526 0.652831 0.018697
v 0.123507 0.595617 0.041215
v 0.116841 0.568726 0.056297
v 0.107247 0.593611 0.124012
v 0.055421 0.665911 0.142221
v 0.074456 0.657700 0.132058
v 0.067693 0.625779 0.153467
v 0.044912 0.657250 0.165448
v 0.042663 0.669006 0.159795
v 0.062456 0.644882 0.159349
v 0.038731 0.642046 0.164431
v 0.044855 0.606330 0.154708
v 0.021597 0.677468 0.155590
v 0.057511 0.672017 0.152080
v 0.038960 0.711112 0.154718
v 0.061716 0.711489 0.150880
v 0.070660 0.695445 0.133782
v 0.012969 0.711183 0.137714
v 0.119509 0.760658 0.116300
v 0.078425 0.810492 0.105973
v 0.069280 0.593738 0.162436
v 0.089253 0.572418 0.146698
v 0.049098 0.640828 0.149259
v 0.135047 0.790409 0.095016
v 0.090821 0.825884 0.052258
v 0.013096 0.774802 0.123284
v 0.078129 0.671792 0.138720
v 0.087899 0.595034 0.002935
v 0.128176 0.558166 0.024655
v 0.107194 0.567445 0.096510
v 0.109934 0.542042 0.088692
v 0.074846 0.524740 0.096888
v 0.100658 0.513863 0.073841
v 0.114100 0.533037 0.067111
v 0.115092 0.529374 0.042641
v 0.100544 0.527496 0.045164
v 0.098537 0.491749 0.040914
v 0.084868 0.481139 0.039823
v 0.091487 0.481642 0.024547
v 0.072798 0.583643 0.000491
v 0.087407 0.557569 0.030717
v 0.080037 0.497412 0.034048
v -0.002480 0.856059 0.085337
v -0.039416 0.901632 0.061590
v -0.002193 0.807416 0.068797
v -0.006931 0.761156 0.125497
v -0.029609 0.861925 0.103097
v -0.010506 0.856389 0.104727
v 0.020950 0.806763 0.083123
v 0.023521 0.798662 0.102657
v -0.220199 -0.229361 0.075396
v -0.202785 -0.399584 0.096470
v -0.100862 -0.166981 0.042572
v -0.097485 -0.130442 0.036756
v -0.268074 -0.269339 0.065037
v -0.243946 -0.149703 0.021246
v -0.189084 -0.002320 -0.060872
v -0.259147 -0.376006 0.090939
v -0.140495 -0.052719 0.022599
v -0.164921 -0.010860 -0.009806
v -0.119057 -0.084362 0.033366
v -0.114707 -0.024578 0.040220
v -0.120655 -0.052525 0.043018
v -0.134754 -0.411027 0.057601
v -0.237813 -0.446297 0.116033
v -0.205110 -0.499332 0.084156
v -0.272291 -0.426932 0.106158
v -0.270506 -0.461238 0.164201
v -0.233630 -0.509643 0.102582
v -0.283362 -0.512406 0.086564
v -0.298207 -0.456133 0.114096
v -0.291674 -0.453854 0.139897
v -0.284153 -0.488068 0.128897
v -0.302639 -0.443292 0.096528
v -0.311004 -0.454768 0.124890
v -0.320423 -0.453836 0.087899
v -0.311865 -0.403683 0.061400
v -0.328718 -0.434137 0.038590
v -0.328278 -0.278442 -0.007064
v -0.321495 -0.343110 0.047833
v -0.297754 -0.253506 -0.137736
v -0.220829 -0.533766 0.106693
v -0.254309 -0.523071 0.091036
v -0.232477 -0.529176 0.119372
v -0.212679 -0.530950 0.074639
v -0.180209 -0.502091 0.064633
v -0.278617 -0.532422 0.106368
v -0.247390 -0.547007 0.060943
v -0.272256 -0.556567 0.051594
v -0.237128 -0.554546 -0.002724
v -0.329438 -0.473131 0.021456
v -0.328981 -0.486733 0.060837
v -0.307384 -0.510948 0.058324
v -0.214266 -0.520806 0.064194
v -0.210118 -0.541472 0.051682
v -0.184480 -0.526307 0.014445
v -0.141310 -0.493853 -0.009839
v -0.076477 -0.164640 -0.246828
v -0.215215 -0.185780 -0.218676
v -0.177468 -0.068534 -0.291200
v -0.300513 -0.164886 -0.061153
v -0.328489 -0.511264 -0.017450
v -0.327540 -0.511071 0.035638
v -0.294732 -0.547429 -0.001669
v -0.313974 -0.486012 0.056251
v -0.087706 -0.132200 0.050487
v -0.074843 -0.168576 0.028960
v -0.102965 -0.056268 0.020223
v -0.076372 -0.204442 0.028081
v -0.155678 -0.252803 -0.213914
v -0.270464 -0.298615 -0.174779
v -0.227252 -0.034214 -0.120321
v -0.229097 -0.083629 -0.207834
v -0.095930 -0.172671 -0.223140
v -0.185710 -0.119987 -0.244210
v -0.068404 -0.202831 0.042876
v -0.060376 -0.241139 0.008175
v -0.081745 -0.222127 0.037656
v -0.361825 -0.347046 -0.051717
v -0.356465 -0.383352 0.012371
v -0.365041 -0.413717 -0.037430
v -0.198011 -0.343672 -0.195164
v -0.222884 -0.382461 -0.170923
v -0.089112 -0.308386 -0.115946
v -0.024778 -0.200436 -0.169420
v -0.122096 -0.400907 -0.110357
v -0.079105 -0.329649 -0.025515
v -0.150946 -0.463951 -0.079171
v -0.343496 -0.371420 -0.228429
v -0.272077 -0.361052 -0.244864
v -0.171950 -0.413577 -0.222964
v -0.319439 -0.410818 -0.323955
v -0.242647 -0.419785 -0.345634
v -0.300373 -0.419147 -0.372492
v -0.338731 -0.370534 -0.117660
v -0.341528 -0.467894 -0.310635
v -0.375304 -0.419276 -0.202401
v -0.340210 -0.470987 -0.359734
v -0.356922 -0.494693 -0.231540
v -0.369100 -0.469423 -0.118248
v -0.334229 -0.528817 -0.195439
v -0.268197 -0.578551 -0.134977
v -0.189587 -0.537479 -0.073669
v -0.170052 -0.525604 -0.152884
v -0.146153 -0.481074 -0.182283
v -0.204570 -0.456197 -0.375497
v -0.279219 -0.363680 -0.155641
v -0.159315 -0.374846 -0.160071
v -0.177514 -0.417820 -0.144555
v -0.200190 -0.524444 -0.379503
v -0.285431 -0.578090 -0.330424
v -0.175816 -0.507697 -0.257214
v -0.293695 -0.535023 0.056251
v -0.017280 -0.193210 -0.093903
v -0.024989 -0.115858 -0.005500
v -0.012393 -0.169567 -0.027459
v -0.232910 -0.571153 -0.356694
v -0.211893 -0.551805 -0.242365
v -0.213334 -0.494640 -0.477524
v -0.241960 -0.540681 -0.524602
v -0.222824 -0.433786 -0.465680
v -0.322303 -0.541771 -0.514656
v -0.347767 -0.520121 -0.487664
v -0.280392 -0.547306 -0.527994
v -0.335676 -0.543387 -0.345904
v -0.371261 -0.533406 -0.419358
v -0.324289 -0.469845 -0.504270
v -0.359347 -0.473430 -0.451956
v -0.242259 -0.468843 -0.513584
v -0.328155 -0.438284 -0.464064
v -0.274066 -0.472727 -0.520121
v -0.268636 -0.418778 -0.473360
v -0.264299 -0.685139 -0.367600
v -0.223509 -0.587302 -0.461551
v -0.232174 -0.694635 -0.389286
v -0.217798 -0.629336 -0.456683
v -0.235256 -0.680757 -0.469092
v -0.270780 -0.728043 -0.425509
v -0.283204 -0.679841 -0.483376
v -0.277867 -0.791608 -0.402288
v -0.243924 -0.728839 -0.413289
v -0.245447 -0.792241 -0.377450
v -0.247390 -0.767353 -0.363354
v -0.255083 -0.821205 -0.369421
v -0.275796 -0.829414 -0.379470
v -0.275489 -0.814870 -0.357748
v -0.257881 -0.783801 -0.405107
v -0.340754 -0.713417 -0.474790
v -0.367167 -0.637666 -0.455101
v -0.388641 -0.741943 -0.435631
v -0.376199 -0.631515 -0.395108
v -0.400098 -0.749288 -0.367958
v -0.383721 -0.823042 -0.261308
v -0.341229 -0.632657 -0.354620
v -0.362352 -0.751995 -0.321882
v -0.423934 -0.853597 -0.301543
v -0.374196 -0.812920 -0.477929
v -0.319228 -0.757776 -0.318754
v -0.282642 -0.767582 -0.344621
v -0.337117 -0.824061 -0.251221
v -0.377981 -0.845456 -0.196302
v -0.353670 -0.852025 -0.173100
v -0.398341 -0.847310 -0.154711
v -0.352436 -0.852477 -0.137373
v -0.403841 -0.868169 -0.125505
v -0.407268 -0.896601 -0.109988
v -0.432134 -0.947905 -0.076495
v -0.383528 -0.950801 -0.050908
v -0.430585 -0.981343 -0.038086
v -0.404373 -0.976230 -0.026735
v -0.420619 -0.996152 -0.029162
v -0.417484 -0.942865 -0.027018
v -0.368555 -0.903806 -0.104699
v -0.341055 -0.882025 -0.162694
v -0.322708 -0.865621 -0.209732
v -0.305029 -0.838523 -0.252820
v -0.394229 -0.880435 -0.212790
v -0.402980 -0.884916 -0.172548
v -0.340333 -0.942467 -0.116332
v -0.372263 -0.974871 -0.070977
v -0.418111 -0.930781 -0.135627
v -0.355256 -0.945063 -0.168771
v -0.400448 -0.989475 -0.096693
v -0.413485 -0.970600 -0.051985
v -0.430183 -0.963326 -0.099269
v -0.436527 -0.875479 -0.277827
v -0.409078 -0.870471 -0.240203
v -0.392612 -0.924736 -0.175588
v -0.330826 -0.922803 -0.173795
v -0.319826 -0.938302 -0.223263
v -0.383246 -0.934190 -0.226075
v -0.347784 -0.955277 -0.227568
v -0.492321 -0.866644 -0.258478
v -0.483812 -0.861698 -0.230616
v -0.521116 -0.876669 -0.243115
v -0.514301 -0.872422 -0.220070
v -0.592808 -0.933703 -0.205345
v -0.578146 -0.948967 -0.178267
v -0.603399 -0.965013 -0.185112
v -0.595838 -0.980411 -0.173816
v -0.592494 -0.976599 -0.202712
v -0.499197 -0.904966 -0.256309
v -0.576249 -0.955312 -0.233332
v -0.549134 -0.946790 -0.181686
v -0.490902 -0.918299 -0.206343
v -0.551742 -0.975200 -0.210674
v -0.510175 -0.936650 -0.225196
v -0.580244 -0.973828 -0.194075
v -0.474519 -0.931536 -0.233244
v -0.419358 -0.913190 -0.226532
v -0.431203 -0.943712 -0.319459
v -0.403086 -0.886515 -0.359224
v -0.386269 -0.851984 -0.426300
v -0.313341 -0.810829 -0.460127
v -0.316188 -0.843602 -0.441131
v -0.336397 -0.967947 -0.279725
v -0.260763 -0.938847 -0.308069
v -0.331336 -0.942554 -0.324307
v -0.331266 -0.886444 -0.370506
v -0.402225 -0.957070 -0.275103
v -0.289021 -0.878203 -0.359347
v -0.281288 -0.843813 -0.282975
v -0.270323 -0.859347 -0.334481
v -0.244790 -0.877289 -0.243893
v -0.248199 -0.887095 -0.304731
v -0.236566 -0.848662 -0.209948
v -0.303676 -0.750290 -0.466717
v -0.289108 -0.850455 -0.208502
v -0.263817 -0.844871 -0.188127
v -0.207989 -0.855841 -0.170643
v -0.240589 -0.848344 -0.152582
v -0.195410 -0.921221 -0.103943
v -0.216146 -0.921098 -0.103697
v -0.198591 -0.962798 -0.090746
v -0.218423 -0.951642 -0.099257
v -0.201551 -0.982080 -0.098210
v -0.189767 -0.940637 -0.126279
v -0.222709 -0.885136 -0.203271
v -0.244526 -0.947440 -0.123150
v -0.262584 -0.885366 -0.168930
v -0.229629 -0.962549 -0.151928
v -0.195779 -0.953432 -0.152198
v -0.240398 -0.909023 -0.183203
v -0.212504 -0.960585 -0.112665
v -0.307929 -0.903314 -0.210066
v -0.240484 -0.924402 -0.250308
v -0.278231 -0.957896 -0.251590
v -0.268987 -0.933399 -0.223456
v -0.021808 -0.117158 0.005764
v 0.022856 -0.133436 0.003278
v 0.023811 -0.188258 -0.019066
v -0.059864 -0.013574 0.013555
v -0.094176 0.064247 0.006212
v 0.001300 -0.029030 0.024092
v -0.068117 0.071300 0.004794
v -0.127493 -0.033759 0.016741
v -0.171651 0.086353 -0.045971
v -0.159655 0.071624 -0.016851
v -0.236794 0.112080 -0.127719
v 0.009700 -0.244807 -0.252750
v -0.006309 -0.252961 -0.285629
v -0.126911 -0.230521 -0.328032
v -0.040470 -0.290022 -0.341757
v -0.158050 -0.313658 -0.377640
v -0.083225 -0.350771 -0.392753
v -0.256054 -0.452518 -0.493463
v -0.208150 -0.500773 -0.534478
v -0.387850 -0.571943 -0.536727
v -0.358310 -0.604172 -0.591642
v -0.540699 -0.660106 -0.534829
v -0.543475 -0.680473 -0.592679
v -0.683214 -0.726338 -0.418321
v -0.724001 -0.750641 -0.408744
v -0.724388 -0.787808 -0.271782
v -0.747633 -0.788728 -0.256430
v -0.211313 -0.245001 -0.433381
v -0.302499 -0.393263 -0.526043
v -0.427301 -0.509964 -0.533318
v -0.554036 -0.612449 -0.514199
v -0.680245 -0.695516 -0.410888
v -0.737585 -0.772502 -0.255017
v -0.178171 -0.180192 -0.381313
v -0.190262 -0.171193 -0.419081
v -0.202053 -0.145064 -0.392120
v -0.221031 -0.117808 -0.435455
v -0.186447 -0.118442 -0.376295
v -0.176484 -0.109971 -0.401733
v -0.181826 -0.108793 -0.358328
v -0.109865 -0.184638 -0.285313
v -0.154623 -0.103557 -0.339982
v -0.202105 -0.071293 -0.404562
v -0.160990 -0.080839 -0.373219
v -0.237673 -0.218747 -0.499807
v -0.242125 -0.199476 -0.566487
v -0.232288 -0.246677 -0.534903
v -0.259701 -0.207529 -0.579776
v -0.230890 -0.256071 -0.488666
v -0.207043 -0.223298 -0.566162
v -0.206217 -0.240853 -0.557498
v -0.182037 -0.187297 -0.550314
v -0.206850 -0.173057 -0.491934
v -0.215234 -0.119178 -0.497589
v -0.218413 -0.113661 -0.525147
v -0.233275 -0.048861 -0.473019
v -0.201227 -0.099410 -0.483007
v -0.237444 -0.079833 -0.476435
v -0.190437 -0.136400 -0.440147
v -0.200608 -0.027015 -0.441281
v -0.221506 -0.009630 -0.477858
v -0.204899 -0.045391 -0.494746
v -0.194820 -0.098883 -0.491554
v -0.252188 -0.047464 -0.521035
v -0.151654 -0.104471 -0.517538
v -0.169595 -0.033072 -0.360524
v -0.213686 0.020314 -0.414912
v -0.227270 0.043036 -0.425720
v -0.183689 -0.021210 -0.453045
v -0.137332 -0.066302 -0.501599
v -0.112677 -0.028714 -0.463185
v -0.295294 -0.356096 -0.576424
v -0.431079 -0.483569 -0.569009
v -0.567901 -0.587179 -0.534109
v -0.692089 -0.676326 -0.409816
v -0.255100 -0.306687 -0.554358
v -0.257512 -0.329192 -0.491811
v -0.271079 -0.273082 -0.567005
v -0.224423 -0.265631 -0.564756
v -0.252765 -0.269175 -0.531279
v -0.239676 -0.282202 -0.568868
v -0.170580 -0.148350 -0.537219
v -0.179348 -0.114329 -0.518979
v -0.191597 -0.007152 -0.308140
v -0.223983 0.079095 -0.344287
v -0.278732 0.146316 -0.383580
v -0.214125 0.032879 -0.389818
v -0.183830 0.024040 -0.427231
v -0.253137 0.104137 -0.375637
v -0.218202 0.115418 -0.406548
v -0.113731 0.016501 -0.454627
v -0.106632 0.064545 -0.419710
v -0.047183 0.182318 0.006045
v -0.037008 0.130549 -0.004165
v 0.028398 0.118494 -0.034777
v -0.045074 0.109514 0.010579
v -0.068798 0.109936 0.020279
v -0.056690 0.128475 -0.025006
v -0.082540 0.067989 -0.015693
v -0.064123 0.105279 -0.011282
v -0.099708 0.044213 -0.002952
v -0.051524 0.263680 -0.028433
v -0.101673 0.405609 0.033048
v 0.094694 0.458114 -0.019786
v 0.089903 0.504077 -0.014023
v -0.210681 0.101466 -0.060626
v -0.165009 0.090096 -0.030893
v -0.230907 0.108987 -0.083559
v -0.250554 0.145661 -0.116578
v -0.200893 0.125663 -0.036534
v -0.237620 0.088339 -0.157453
v -0.243384 0.101887 -0.219081
v -0.228078 0.108495 -0.156838
v -0.242119 0.046006 -0.217148
v -0.268724 0.124398 -0.177169
v -0.267652 0.106948 -0.200401
v -0.258690 0.098109 -0.257196
v -0.259709 0.086968 -0.311461
v -0.245299 0.094102 -0.284680
v -0.256950 0.141620 -0.257354
v -0.196306 0.118845 -0.202369
v -0.273732 0.146030 -0.312094
v -0.215056 0.115348 -0.267634
v -0.170527 0.115172 -0.243489
v -0.215688 0.116344 -0.293998
v -0.273556 0.141321 -0.210171
v -0.227094 0.121639 -0.194883
v -0.245387 0.132816 -0.183900
v -0.226690 0.121920 -0.242997
v -0.203037 0.127825 -0.075546
v -0.199311 0.055319 -0.064422
v -0.152181 0.114505 -0.047078
v -0.147137 0.088374 -0.038555
v -0.023530 0.169859 -0.007047
v -0.035620 0.185991 -0.016765
v -0.023952 0.218184 -0.028152
v -0.056620 0.318332 0.010315
v -0.064445 0.369275 0.015654
v -0.036446 0.218097 -0.012090
v -0.043317 0.219098 -0.037044
v -0.053070 0.172354 -0.032106
v -0.024830 0.275858 -0.014638
v 0.061579 0.246419 -0.053258
v -0.070291 0.389133 0.013057
v -0.141040 0.178927 -0.042649
v -0.111201 0.222560 -0.057217
v -0.142305 0.331863 -0.011194
v -0.191509 0.132130 -0.126981
v -0.173609 0.223972 -0.123985
v -0.176273 0.291973 -0.072435
v -0.199294 0.174323 -0.243278
v -0.218009 0.268003 -0.221312
v -0.197079 0.350789 -0.040013
v -0.265258 0.352293 -0.152025
v -0.265297 0.322040 -0.262398
v -0.296803 0.367901 -0.256096
v -0.238815 0.310301 -0.361508
v -0.164552 0.174815 -0.262345
v -0.198910 0.253044 -0.353533
v -0.224728 0.256059 -0.323061
v -0.286420 0.334306 -0.245914
v -0.287175 0.361561 -0.288827
v -0.104918 0.223835 -0.337973
v -0.073788 0.120304 -0.331195
v -0.224686 0.145942 -0.351773
v -0.153921 0.104348 -0.353601
v -0.154729 0.134432 -0.300109
v -0.086142 0.470161 0.063209
v -0.069624 0.420026 0.035497
v -0.116174 0.456788 0.065986
v -0.128443 0.438840 0.041322
v -0.095280 0.419798 0.023969
v -0.063543 0.366148 0.003339
v -0.076705 0.349594 -0.002794
v -0.216937 0.325537 -0.317963
v -0.267593 0.367845 -0.276591
v -0.251415 0.353232 -0.298896
v -0.214248 0.287474 -0.268988
v -0.135996 0.272449 -0.331441
v -0.185991 0.352002 -0.366183
v -0.177802 0.298334 -0.299353
v -0.134292 0.347890 -0.371683
v -0.158419 0.209749 -0.320775
v -0.144818 0.381788 -0.391628
v -0.218870 0.291006 -0.323709
v -0.263895 0.383395 -0.294733
v -0.297684 0.401206 -0.397586
v -0.303553 0.405441 -0.369926
v -0.299932 0.435665 -0.345648
v -0.408410 0.456244 -0.431378
v -0.433482 0.481406 -0.453487
v -0.439987 0.480891 -0.423665
v -0.476374 0.488421 -0.469713
v -0.451801 0.466883 -0.449190
v -0.451611 0.498323 -0.448774
v -0.429131 0.496411 -0.423085
v -0.270253 0.463361 -0.397058
v -0.258426 0.427653 -0.419183
v -0.285242 0.464714 -0.364232
v -0.250185 0.415000 -0.287913
v -0.163884 0.398587 -0.370242
v -0.219731 0.462746 -0.353495
v -0.188961 0.445067 -0.354110
v -0.361104 0.568288 -0.308245
v -0.354374 0.574403 -0.367589
v -0.300671 0.599989 -0.392384
v -0.312603 0.471637 -0.212051
v -0.386058 0.625136 -0.270780
v -0.440551 0.614206 -0.365181
v -0.428162 0.646558 -0.388518
v -0.435631 0.655660 -0.290444
v -0.412997 0.686360 -0.368063
v -0.319984 0.679524 -0.371999
v -0.342003 0.658823 -0.283327
v -0.419024 0.697079 -0.322180
v -0.347538 0.705813 -0.334007
v -0.150898 0.625716 -0.381893
v -0.217552 0.679577 -0.296735
v -0.172671 0.673479 -0.332232
v -0.117756 0.687766 -0.318455
v -0.274593 0.646874 -0.386726
v -0.294072 0.678925 -0.329838
v -0.350396 0.679144 -0.320517
v -0.320616 0.659386 -0.380259
v -0.148283 0.554983 -0.395465
v -0.223491 0.658120 -0.237216
v -0.278635 0.654360 -0.281763
v -0.268724 0.631164 -0.229431
v -0.307103 0.626401 -0.261080
v -0.188484 0.687495 -0.254698
v -0.138263 0.694531 -0.272678
v -0.221910 0.704495 -0.291621
v -0.462227 0.636883 -0.317164
v -0.469627 0.715765 -0.301278
v -0.571768 0.731410 -0.382495
v -0.576625 0.769612 -0.336978
v -0.496134 0.739325 -0.369979
v -0.572558 0.782993 -0.358873
v -0.575177 0.739940 -0.349489
v -0.503356 0.754279 -0.335097
v -0.573753 0.768566 -0.379872
v -0.656182 0.758162 -0.372181
v -0.657107 0.766240 -0.378524
v -0.185622 0.524198 -0.384898
v -0.195972 0.482902 -0.368678
v -0.205334 0.495983 -0.517588
v -0.208748 0.450216 -0.438776
v -0.174727 0.536727 -0.443257
v -0.207518 0.508523 -0.428971
v -0.221129 0.525122 -0.517988
v -0.223790 0.498998 -0.504956
v -0.086269 0.483469 0.072446
v -0.025375 0.461832 0.029452
v 0.017327 0.396935 0.008171
v 0.022792 0.347169 -0.011335
v -0.144501 0.538379 0.084262
v -0.121007 0.498225 0.057832
v -0.177380 0.700137 -0.291727
v -0.094454 0.718676 -0.274576
v -0.186430 0.712456 -0.219748
v -0.122223 0.765462 -0.171190
v -0.070889 0.798351 -0.173291
v -0.067292 0.811325 -0.152946
v -0.202527 0.718676 -0.194039
v -0.172425 0.732700 -0.191245
v -0.198847 0.699824 -0.188191
v -0.191298 0.731575 -0.162039
v -0.187889 0.720293 -0.151794
v -0.168893 0.765912 -0.128194
v -0.118582 0.757196 -0.141215
v -0.256001 0.688855 -0.215285
v -0.252697 0.664183 -0.237655
v -0.299336 0.516940 -0.317787
v -0.351109 0.495234 -0.346802
v -0.319275 0.474703 -0.349821
v -0.291217 0.558395 -0.371753
v -0.173813 0.725266 -0.155959
v -0.151900 0.741662 -0.109338
v -0.168311 0.738299 -0.130673
v -0.101958 0.792395 -0.147788
v -0.114364 0.756071 -0.102959
v -0.119240 0.805145 -0.174701
v -0.014409 0.855228 -0.093924
v -0.068839 0.827431 -0.119025
v -0.088504 0.815738 -0.136743
v -0.092240 0.784522 -0.096229
v -0.115183 0.775602 -0.165472
v -0.214582 0.714283 -0.138140
v -0.219661 0.734000 -0.107862
v -0.208679 0.692820 -0.117084
v -0.233279 0.688785 -0.156662
v -0.192722 0.682075 -0.083638
v -0.230028 0.679384 -0.129670
v -0.233016 0.704812 -0.150951
v -0.241205 0.703089 -0.115735
v -0.191702 0.721646 -0.109075
v -0.233033 0.661213 -0.112413
v -0.079570 0.802552 -0.103223
v -0.098285 0.783924 -0.165132
v -0.103012 0.778863 -0.108723
v -0.088251 0.757337 -0.119337
v -0.036279 0.601039 -0.020834
v -0.158525 0.619741 -0.054054
v -0.082118 0.708836 -0.110832
v -0.153165 0.686202 -0.055196
v -0.098004 0.604699 -0.043633
v -0.014041 0.523776 0.023548
v -0.112923 0.520789 0.066337
v -0.188521 0.609057 -0.033652
v -0.150652 0.559062 0.029997
v -0.222982 0.630021 0.014252
v -0.202703 0.545865 0.046761
v -0.174129 0.521650 0.059519
v -0.186993 0.649211 -0.074948
v -0.211805 0.605964 -0.070871
v -0.226531 0.680051 -0.076073
v -0.236443 0.616016 -0.092117
v -0.332777 0.474010 -0.181334
v -0.364812 0.500560 -0.110155
v -0.383158 0.421080 -0.117474
v -0.276632 0.657435 -0.172073
v -0.331793 0.511493 -0.219977
v -0.396830 0.498295 -0.216146
v -0.256599 0.664658 -0.123766
v -0.271869 0.626226 -0.129916
v -0.317717 0.629442 -0.157400
v -0.313297 0.528517 -0.140805
v -0.332689 0.496116 -0.155783
v -0.355938 0.566777 -0.148174
v -0.331008 0.530792 -0.113058
v -0.348276 0.502003 -0.126577
v -0.394950 0.413225 0.045953
v -0.403332 0.363143 -0.016483
v -0.399817 0.398991 -0.065037
v -0.392489 0.450181 -0.004077
v -0.346308 0.434910 0.123959
v -0.367518 0.474801 0.046234
v -0.332373 0.535427 -0.038291
v -0.281710 0.441078 0.132236
v -0.227849 0.465768 0.117439
v -0.427459 0.387095 0.091080
v -0.447227 0.324826 0.051164
v -0.399467 0.379045 0.162020
v -0.445981 0.345218 0.129793
v -0.343022 0.395828 0.198415
v -0.248155 0.388709 0.147992
v -0.301111 0.351193 0.208554
v -0.502935 0.347099 0.210927
v -0.412979 0.368737 0.267035
v -0.472393 0.369047 0.222507
v -0.522787 0.293923 0.215940
v -0.445647 0.289442 0.112765
v -0.417749 0.287988 0.031937
v -0.296190 0.500808 0.109813
v -0.271483 0.550118 0.038906
v -0.258215 0.567093 0.003866
v -0.136558 0.471176 0.058712
v -0.180543 0.516308 0.092644
v -0.511311 0.341223 0.316421
v -0.383653 0.314671 0.238427
v -0.372489 0.303613 0.239233
v -0.403455 0.349260 0.222015
v -0.473077 0.348034 0.477459
v -0.506276 0.303782 0.428653
v -0.506466 0.322146 0.471550
v -0.513303 0.304643 0.460900
v -0.510579 0.288757 0.368063
v -0.527249 0.270420 0.284799
v -0.459836 0.371454 0.343842
v -0.522047 0.242727 0.214652
v -0.420430 0.246863 0.106316
v -0.499900 0.243723 0.337227
v -0.511638 0.220692 0.219726
v -0.507539 0.291575 0.470075
v -0.477788 0.219239 0.165835
v -0.493270 0.246723 0.159210
v -0.312777 0.389973 -0.246917
v -0.241785 0.297719 0.042386
v -0.302042 0.396830 -0.224282
v -0.285277 0.271711 -0.000949
v -0.268243 0.415522 -0.286480
v -0.286156 0.401961 -0.303887
v -0.317008 0.419426 -0.305323
v -0.310881 0.427390 -0.304346
v -0.307331 0.457052 -0.262398
v -0.370822 0.327382 -0.089569
v -0.343953 0.366218 -0.148139
v -0.300671 0.491583 -0.277616
v -0.335659 0.290637 -0.073736
v -0.331814 0.471856 -0.337332
v -0.297455 0.435719 -0.267617
v -0.256634 0.516343 -0.333726
v -0.273333 0.492875 -0.354551
v -0.386567 0.326714 -0.040295
v -0.335378 0.285875 -0.023249
v -0.178625 0.408596 -0.028642
v -0.149896 0.414297 0.026324
v -0.167258 0.475011 0.097494
v -0.352740 0.258619 0.207799
v -0.313353 0.249757 0.094123
v -0.208185 0.421116 0.075581
v -0.363195 0.231136 0.119407
v -0.381454 0.243911 0.039469
v -0.444241 0.202755 0.242646
v -0.429023 0.199294 0.184251
v -0.465498 0.258364 0.407188
v -0.415211 0.276596 0.412751
v -0.393597 0.231311 0.322954
v -0.374876 0.291143 0.321421
v -0.404000 0.318508 0.418778
v -0.416804 0.348981 0.450235
v -0.365279 0.249958 0.302656
v -0.322198 0.264489 0.169402
v -0.378115 0.221892 0.213018
v -0.395406 0.317840 0.498172
v -0.395582 0.311356 0.464889
v -0.529013 0.265543 0.560310
v -0.500404 0.254736 0.616958
v -0.450412 0.259559 0.636810
v -0.421535 0.274444 0.608138
v -0.550543 0.239031 0.549026
v -0.457996 0.242711 0.702989
v -0.442616 0.247057 0.704344
v -0.467495 0.205908 0.759911
v -0.436175 0.188519 0.772446
v -0.448730 0.211374 0.762162
v -0.373370 0.244649 0.570081
v -0.382438 0.288862 0.488543
v -0.404466 0.241756 0.622613
v -0.429603 0.229765 0.707535
v -0.441886 0.165215 0.783839
v -0.469445 0.167209 0.776193
v -0.457614 0.177345 0.796067
v -0.454749 0.142713 0.809405
v -0.369534 0.240867 0.494225
v -0.407005 0.235418 0.496469
v -0.388733 0.216299 0.528607
v -0.421625 0.273398 0.459706
v -0.195111 0.171950 -0.131480
v -0.221857 0.217675 -0.229484
v -0.216445 0.599743 -0.042368
v -0.249605 0.611078 -0.026482
v -0.246072 0.579904 -0.015605
v -0.222595 0.611429 -0.013795
v -0.304256 0.549028 -0.079464
v -0.334798 0.551559 -0.065793
v -0.307472 0.551383 -0.046515
v -0.291315 0.568310 -0.097654
v -0.269251 0.558887 -0.064774
v -0.265838 0.582105 -0.098630
v -0.279391 0.611588 -0.077936
v -0.297561 0.552402 -0.124960
v -0.320775 0.592855 -0.098654
v -0.276948 0.558553 -0.043809
v -0.299564 0.572400 -0.066109
v -0.244558 0.569755 -0.070279
v -0.236588 0.593351 -0.077890
v -0.228728 0.610463 -0.064264
v -0.257990 0.567822 -0.048123
v -0.272713 0.570133 -0.057744
v -0.328770 0.535163 -0.079254
v -0.465119 0.221298 0.644677
v -0.468000 0.226215 0.696974
v -0.441500 0.163340 0.764190
v -0.435589 0.203875 0.721008
v -0.460042 0.198333 0.708614
v -0.462570 0.162039 0.760974
v -0.418700 0.215862 0.626061
v -0.341300 0.250958 0.508997
v -0.347608 0.255158 0.535497
v -0.340055 0.200620 0.544634
v -0.340235 0.215517 0.515821
v -0.327392 0.183521 0.521475
v -0.284044 0.161765 0.553864
v -0.288421 0.152417 0.530558
v -0.347204 0.191737 0.506976
v -0.314027 0.149158 0.516975
v -0.263978 0.125178 0.554491
v -0.352986 0.197027 0.551928
v -0.301779 0.154377 0.563083
v -0.318954 0.139814 0.534079
v -0.319337 0.145178 0.556760
v -0.364988 0.183900 0.546357
v -0.364443 0.178645 0.521316
v -0.389098 0.217007 0.557797
v -0.456472 0.223034 0.531860
v -0.428812 0.211050 0.570239
v -0.484782 0.249886 0.629547
v -0.517555 0.180854 0.685406
v -0.498368 0.185739 0.694422
v -0.502703 0.087822 0.689155
v -0.491313 0.097369 0.700759
v -0.473068 0.086638 0.695643
v -0.478913 0.169789 0.684462
v -0.459095 0.082663 0.675614
v -0.481742 0.050346 0.689716
v -0.481743 0.052150 0.665744
v -0.464522 0.058699 0.682739
v -0.461965 0.033473 0.660722
v -0.517169 0.166186 0.667979
v -0.499386 0.079797 0.666889
v -0.509043 0.213043 0.618207
v -0.469177 0.118986 0.676133
v -0.481684 0.076122 0.654800
v -0.501898 0.157101 0.654061
v -0.475750 0.165062 0.668734
v -0.457544 0.197536 0.633764
v -0.521843 0.238780 0.604822
v -0.539774 0.236667 0.579709
v -0.547436 0.160465 0.631828
v -0.532929 0.163553 0.642430
v -0.527944 0.116831 0.622930
v -0.513460 0.118340 0.629992
v -0.481218 0.077290 0.586187
v -0.483119 0.078253 0.569470
v -0.463250 0.084243 0.579721
v -0.509571 0.154663 0.629090
v -0.473968 0.101806 0.594845
v -0.455014 0.072857 0.550979
v -0.543493 0.145732 0.618125
v -0.503923 0.095194 0.580544
v -0.536303 0.194861 0.583389
v -0.472586 0.109725 0.578217
v -0.493428 0.127139 0.601413
v -0.527314 0.149990 0.605530
v -0.490300 0.102081 0.568288
v -0.523407 0.185727 0.575036
v -0.493358 0.190015 0.606825
v -0.526014 0.227640 0.515495
v -0.482339 0.268232 0.453801
v -0.573918 0.163593 0.582690
v -0.564316 0.160205 0.592005
v -0.548209 0.123385 0.563572
v -0.538418 0.124811 0.572194
v -0.511908 0.128798 0.534645
v -0.544026 0.166551 0.583875
v -0.536636 0.138583 0.575433
v -0.502133 0.132404 0.549351
v -0.497665 0.124944 0.535203
v -0.566425 0.169841 0.563157
v -0.545339 0.140742 0.548007
v -0.549889 0.211208 0.548132
v -0.523723 0.147612 0.543159
v -0.553316 0.166555 0.558412
v -0.536850 0.196183 0.541577
v -0.010315 0.638052 -0.023829
v -0.034566 0.629775 -0.019049
v 0.019836 0.577931 -0.026216
v 0.046354 0.577564 -0.043845
v 0.007697 0.631867 0.004586
v 0.039047 0.596791 -0.021650
v -0.091642 0.719766 -0.068499
v -0.040294 0.674287 -0.018346
v -0.107378 0.737557 -0.060763
v -0.047508 0.848351 -0.101629
v -0.090906 0.935209 -0.112300
v -0.125248 0.838769 -0.098589
v -0.108389 0.790391 -0.050417
v -0.095227 0.788318 -0.004850
v -0.095227 0.926387 -0.137261
v -0.110891 0.960077 -0.158593
v -0.092245 0.848865 -0.134381
v -0.078779 0.917917 -0.151337
v -0.102518 0.964124 -0.167229
v -0.057324 0.942574 -0.144188
v -0.097830 0.970625 -0.155933
v -0.077076 0.960247 -0.128648
v -0.036569 0.849770 -0.047148
v -0.055530 0.884968 -0.078182
v -0.058834 0.934506 -0.114100
v -0.030857 0.834902 0.003097
v -0.068306 0.893034 -0.064686
v -0.021459 0.597219 0.016106
v -0.056128 0.648034 0.054933
v -0.054081 0.622479 0.112234
v -0.018738 0.602444 0.105934
v -0.015443 0.621249 0.121534
v -0.044776 0.661125 0.110357
v -0.067111 0.660106 0.104963
v -0.031526 0.609813 0.071293
v 0.025180 0.529058 0.025970
v 0.005621 0.628511 0.155630
v -0.007487 0.632523 0.125939
v 0.011027 0.580885 0.144136
v 0.016627 0.553616 0.107580
v 0.024268 0.552736 0.138878
v -0.070555 0.653587 0.078972
v 0.008454 0.654505 0.153382
v 0.020314 0.645963 0.164454
v 0.011673 0.609532 0.149482
v -0.004338 0.653014 0.147472
v 0.005931 0.662194 0.159473
v -0.008797 0.693275 0.151975
v -0.009448 0.655653 0.134418
v -0.029663 0.683408 0.144045
v -0.112800 0.754437 -0.006537
v -0.078797 0.707061 0.114751
v 0.035401 0.590766 0.154169
v 0.059115 0.557112 0.148350
v 0.020355 0.631992 0.147106
v -0.103981 0.766027 0.037710
v -0.181984 0.660475 0.033318
v -0.162689 0.638931 -0.042825
v -0.215812 0.575581 0.054072
v -0.178856 0.511844 0.023635
v -0.200981 0.541560 0.080062
v -0.082368 0.524263 0.144729
v -0.165958 0.540470 0.115787
v -0.014081 0.531526 0.173078
v -0.092802 0.541525 0.164482
v -0.120620 0.656592 0.079745
v -0.104875 0.687379 0.096405
v -0.143421 0.587320 0.091375
v -0.126155 0.710136 0.075510
v -0.074069 0.562841 0.150582
v -0.142252 0.814308 -0.026728
v -0.170562 0.813236 0.011071
v -0.130865 0.792307 0.058922
v -0.187194 0.801737 -0.052206
v -0.196113 0.814607 -0.024989
v -0.211265 0.792362 -0.063336
v -0.090209 0.839407 0.069129
v -0.181818 0.847936 -0.021517
v -0.160512 0.842063 -0.040697
v -0.066548 0.818912 0.007416
v -0.095913 0.758567 0.089885
v -0.067585 0.843075 0.024619
v -0.027449 0.815063 0.053457
v -0.064932 0.749359 0.111447
v -0.030162 0.781678 0.100951
v -0.027115 0.792677 0.082789
v -0.044300 0.848255 0.082140
v -0.041465 0.846532 0.102947
v -0.019260 0.641848 0.131462
v -0.091361 0.644730 -0.021316
v -0.082329 0.621657 0.038766
v -0.173057 0.544454 -0.004508
v -0.115295 0.565829 0.030088
v -0.103961 0.538326 0.066408
v -0.060222 0.534583 0.120022
v -0.012447 0.523444 0.166968
v 0.080818 0.600458 -0.036613
v 0.049239 0.583787 0.004885
v 0.018182 0.537324 0.047619
v 0.032205 0.518585 0.082281
v 0.040063 0.509015 0.058906
v 0.042985 0.507306 0.037120
v 0.059291 0.505729 0.073068
v 0.054265 0.510350 0.052666
v 0.066531 0.547886 0.022546
v 0.070045 0.518135 0.033880
v 0.029979 -0.116772 -0.009437
v 0.036500 -0.172209 -0.035738
v 0.051967 -0.006102 0.006773
v 0.107651 0.046304 -0.031596
v 0.117456 0.067694 -0.033180
v 0.009081 -0.218742 -0.164178
v 0.033101 -0.194144 -0.104238
v 0.036973 -0.196236 -0.178874
v 0.114382 0.167241 -0.071609
v 0.106527 0.129301 -0.059607
v 0.144027 0.178364 -0.087196
v 0.109250 0.109321 -0.040927
v 0.098478 0.074966 -0.030928
v 0.134380 0.109619 -0.047798
v 0.108161 0.105015 -0.064844
v 0.105648 0.127157 -0.085527
v 0.099726 0.068569 -0.050996
v 0.113644 0.169332 -0.109180
v 0.119443 0.182670 -0.092802
v 0.172214 0.545127 -0.080115
v 0.192862 0.504358 -0.083577
v 0.227358 0.598792 -0.185229
v 0.113907 0.214002 -0.103240
v 0.140038 0.264436 -0.121182
v 0.131867 0.338962 -0.082768
v 0.159649 0.400169 -0.081854
v 0.179911 0.300531 -0.144572
v 0.194438 0.355374 -0.152735
v 0.134274 0.213106 -0.104857
v 0.116666 0.214406 -0.123273
v 0.137420 0.254982 -0.142656
v 0.180139 0.331547 -0.170703
v 0.182424 0.350648 -0.157066
v 0.222820 0.459590 -0.146578
v 0.250431 0.527572 -0.192897
v 0.231645 0.542122 -0.176080
v 0.233535 0.451525 -0.168593
v 0.219942 0.462746 -0.168155
v 0.240748 0.503075 -0.204109
v 0.203827 0.402963 -0.158753
v 0.185200 0.490353 -0.098549
v 0.234931 0.568183 -0.174129
v 0.240625 0.539574 -0.218307
v -0.183496 0.644396 -0.012934
v -0.209134 0.549766 0.019717
v -0.198714 0.522599 0.051559
v -0.106971 0.609061 0.060885
v -0.115302 0.570257 0.066226
v 0.079552 0.555671 0.017678
v 0.084402 0.502601 0.034390
v 0.095974 0.489475 0.028129
v 0.319615 -0.279391 -0.049239
v 0.265420 -0.323744 -0.048642
v 0.245229 -0.168875 -0.011809
v 0.159667 -0.202629 -0.004550
v 0.131093 -0.152427 0.012073
v 0.349541 -0.256388 -0.073613
v 0.284170 -0.142199 -0.052982
v 0.173313 0.008549 -0.086536
v 0.368221 -0.355340 -0.083682
v 0.133079 -0.053298 0.012600
v 0.156627 -0.005430 -0.029768
v 0.116499 -0.084955 0.024045
v 0.098137 -0.021478 0.033856
v 0.106439 -0.050821 0.037887
v 0.326820 -0.398939 -0.063491
v 0.249649 -0.417213 -0.080442
v 0.372439 -0.428092 -0.062840
v 0.343936 -0.485028 -0.088866
v 0.396496 -0.400380 -0.080027
v 0.421284 -0.436095 -0.030993
v 0.378197 -0.488203 -0.082407
v 0.419060 -0.476822 -0.112906
v 0.429254 -0.421480 -0.084583
v 0.431097 -0.422328 -0.058728
v 0.428197 -0.456015 -0.071100
v 0.424771 -0.407391 -0.100271
v 0.444118 -0.417408 -0.078515
v 0.440586 -0.412171 -0.115014
v 0.423667 -0.375244 -0.141835
v 0.382473 -0.233930 -0.155871
v 0.404685 -0.306558 -0.135838
v 0.307718 -0.187889 -0.250958
v 0.373100 -0.514458 -0.078188
v 0.396250 -0.494741 -0.101317
v 0.386892 -0.507807 -0.069607
v 0.354512 -0.512038 -0.105083
v 0.315468 -0.493182 -0.099287
v 0.425491 -0.498014 -0.096405
v 0.385355 -0.517292 -0.130162
v 0.407040 -0.519067 -0.148034
v 0.358240 -0.524989 -0.182213
v 0.431589 -0.424507 -0.180807
v 0.448764 -0.444183 -0.147515
v 0.431536 -0.467525 -0.145907
v 0.350508 -0.501722 -0.112941
v 0.347134 -0.521456 -0.126103
v 0.305980 -0.512775 -0.151362
v 0.254781 -0.494213 -0.152825
v 0.068358 -0.169156 -0.319492
v 0.199188 -0.144045 -0.250554
v 0.104963 -0.073402 -0.409623
v 0.314730 -0.122852 -0.143570
v 0.427881 -0.461305 -0.218132
v 0.409500 -0.503005 -0.198696
v 0.431466 -0.442361 -0.146294
v 0.110428 -0.153253 0.029786
v 0.118845 -0.198538 -0.005746
v 0.111658 -0.154536 0.006889
v 0.093716 -0.078340 0.012582
v 0.140495 -0.239500 -0.024936
v 0.151355 -0.217938 -0.267283
v 0.279162 -0.253611 -0.309071
v 0.201789 -0.012196 -0.147208
v 0.199100 -0.052314 -0.231715
v 0.108495 -0.165255 -0.268197
v 0.166714 -0.096211 -0.275876
v 0.136384 -0.242683 -0.008262
v 0.131258 -0.271317 -0.049428
v 0.159369 -0.253083 -0.023431
v 0.159895 -0.277458 -0.035497
v 0.409851 -0.294099 -0.240801
v 0.433592 -0.333058 -0.185938
v 0.432766 -0.361807 -0.239694
v 0.216374 -0.339244 -0.328630
v 0.256163 -0.383504 -0.322442
v 0.131937 -0.302657 -0.197273
v 0.184989 -0.412540 -0.230960
v 0.157269 -0.346262 -0.115921
v 0.237485 -0.471480 -0.213750
v 0.347556 -0.362703 -0.420694
v 0.274429 -0.371277 -0.414276
v 0.203019 -0.443662 -0.359294
v 0.307999 -0.418532 -0.501898
v 0.234240 -0.446672 -0.495101
v 0.277756 -0.436791 -0.542772
v 0.374687 -0.338774 -0.308840
v 0.347520 -0.466032 -0.493006
v 0.396437 -0.399447 -0.405868
v 0.332390 -0.475029 -0.539100
v 0.393544 -0.478456 -0.420922
v 0.429445 -0.435947 -0.319299
v 0.397920 -0.515531 -0.361763
v 0.373388 -0.568727 -0.293045
v 0.253469 -0.543581 -0.285823
v 0.209398 -0.509630 -0.309247
v 0.199384 -0.495805 -0.511892
v 0.306935 -0.345565 -0.322432
v 0.198573 -0.380628 -0.287878
v 0.231349 -0.428854 -0.284401
v 0.212684 -0.562805 -0.510667
v 0.322018 -0.584558 -0.482240
v 0.222050 -0.537940 -0.388219
v 0.423541 -0.493551 -0.147120
v 0.262380 -0.594788 -0.493481
v 0.273785 -0.569026 -0.380786
v 0.189541 -0.547218 -0.610674
v 0.216093 -0.592170 -0.660229
v 0.181141 -0.483692 -0.607599
v 0.293185 -0.572260 -0.675201
v 0.317910 -0.540910 -0.659122
v 0.252434 -0.589815 -0.674656
v 0.352441 -0.541894 -0.517186
v 0.362018 -0.536358 -0.599427
v 0.277493 -0.500914 -0.672126
v 0.325098 -0.487295 -0.632710
v 0.197607 -0.521105 -0.656117
v 0.283116 -0.463062 -0.637701
v 0.227516 -0.518416 -0.671652
v 0.218220 -0.460039 -0.630514
v 0.322329 -0.687465 -0.488505
v 0.229958 -0.631181 -0.589534
v 0.290250 -0.707938 -0.494042
v 0.238551 -0.671054 -0.575757
v 0.262639 -0.709722 -0.580549
v 0.322426 -0.739377 -0.538660
v 0.304309 -0.703687 -0.606070
v 0.351056 -0.794602 -0.511656
v 0.303175 -0.743024 -0.514233
v 0.332379 -0.796450 -0.475527
v 0.334815 -0.771202 -0.465171
v 0.349431 -0.821692 -0.471949
v 0.364877 -0.827518 -0.491041
v 0.371701 -0.811672 -0.471427
v 0.330123 -0.789583 -0.507047
v 0.339033 -0.676185 -0.628633
v 0.377535 -0.639757 -0.613204
v 0.423505 -0.727762 -0.592029
v 0.401856 -0.620515 -0.559607
v 0.461797 -0.725530 -0.536569
v 0.513303 -0.800513 -0.446912
v 0.383035 -0.622852 -0.510069
v 0.448107 -0.729765 -0.477735
v 0.525366 -0.822667 -0.505350
v 0.376041 -0.738815 -0.609795
v 0.396707 -0.799494 -0.624504
v 0.412663 -0.743243 -0.456507
v 0.372597 -0.762890 -0.464257
v 0.478649 -0.807454 -0.416828
v 0.538524 -0.819819 -0.389400
v 0.520006 -0.823909 -0.363305
v 0.570379 -0.816487 -0.349910
v 0.531067 -0.821269 -0.318421
v 0.583489 -0.839648 -0.320616
v 0.588374 -0.870646 -0.307191
v 0.615799 -0.926552 -0.283001
v 0.574910 -0.928295 -0.247173
v 0.622020 -0.962693 -0.249490
v 0.600188 -0.957299 -0.231124
v 0.613708 -0.977747 -0.239312
v 0.602151 -0.901856 -0.253559
v 0.552525 -0.876568 -0.291902
v 0.617861 -0.936386 -0.230503
v 0.517339 -0.848634 -0.338093
v 0.486487 -0.846765 -0.378853
v 0.454170 -0.827013 -0.401873
v 0.552402 -0.855745 -0.409781
v 0.572365 -0.854919 -0.370594
v 0.535040 -0.916933 -0.301093
v 0.557938 -0.950339 -0.264893
v 0.588578 -0.896770 -0.356686
v 0.555378 -0.924513 -0.362614
v 0.579005 -0.963888 -0.299491
v 0.602687 -0.949873 -0.257413
v 0.607669 -0.939180 -0.307331
v 0.564088 -0.845289 -0.496591
v 0.552771 -0.845025 -0.446104
v 0.524426 -0.904984 -0.351246
v 0.495115 -0.924683 -0.389959
v 0.546199 -0.911451 -0.424367
v 0.519049 -0.937581 -0.409834
v 0.636070 -0.843409 -0.487922
v 0.626332 -0.838751 -0.458750
v 0.665054 -0.857466 -0.475512
v 0.662346 -0.852847 -0.451657
v 0.741440 -0.908561 -0.446783
v 0.731548 -0.922910 -0.417265
v 0.756634 -0.938548 -0.427530
v 0.751708 -0.953808 -0.414715
v 0.743652 -0.951257 -0.442800
v 0.639911 -0.881310 -0.488941
v 0.721787 -0.931853 -0.471128
v 0.702861 -0.922504 -0.416230
v 0.653464 -0.898763 -0.432889
v 0.701694 -0.951870 -0.444155
v 0.658419 -0.913665 -0.457614
v 0.732818 -0.948694 -0.432417
v 0.619952 -0.902717 -0.468773
v 0.622184 -0.891013 -0.448389
v 0.570924 -0.885864 -0.441992
v 0.553175 -0.886849 -0.523407
v 0.486733 -0.862704 -0.544407
v 0.436175 -0.832935 -0.588163
v 0.356834 -0.808614 -0.579535
v 0.370066 -0.837258 -0.565020
v 0.483482 -0.952536 -0.448898
v 0.401293 -0.935525 -0.430816
v 0.452167 -0.928848 -0.482146
v 0.422223 -0.873687 -0.514832
v 0.537448 -0.915563 -0.531227
v 0.538256 -0.931167 -0.479844
v 0.391171 -0.871859 -0.483183
v 0.420536 -0.835378 -0.412048
v 0.385320 -0.855323 -0.451112
v 0.418304 -0.875303 -0.361104
v 0.385689 -0.885583 -0.417513
v 0.432426 -0.851253 -0.331463
v 0.340087 -0.757196 -0.585158
v 0.466873 -0.847190 -0.342025
v 0.429058 -0.862949 -0.284047
v 0.466014 -0.857099 -0.285974
v 0.445647 -0.914016 -0.213949
v 0.463782 -0.917250 -0.223544
v 0.451376 -0.953414 -0.196095
v 0.465330 -0.946900 -0.214906
v 0.448651 -0.973676 -0.200248
v 0.428275 -0.934923 -0.226786
v 0.422288 -0.889810 -0.320849
v 0.476786 -0.950111 -0.248902
v 0.474668 -0.894397 -0.310247
v 0.449812 -0.958036 -0.277932
v 0.420008 -0.952061 -0.250079
v 0.447362 -0.916590 -0.309583
v 0.452874 -0.956350 -0.221986
v 0.449724 -0.966190 -0.248445
v 0.484923 -0.891418 -0.370365
v 0.412944 -0.923400 -0.370400
v 0.448547 -0.950989 -0.393632
v 0.452237 -0.928373 -0.363494
v 0.109506 -0.031383 0.010997
v 0.132956 0.013267 -0.016220
v 0.174987 0.089677 -0.134370
v 0.171997 0.074636 -0.088589
v 0.171159 0.108829 -0.285049
v 0.037584 -0.194744 -0.389759
v -0.047078 -0.322356 -0.465100
v -0.206288 -0.446754 -0.598162
v -0.387411 -0.551928 -0.631445
v -0.577268 -0.634450 -0.594559
v -0.729255 -0.698028 -0.432784
v -0.756634 -0.767687 -0.272432
v -0.079236 -0.255087 -0.536024
v -0.261572 -0.388817 -0.610832
v -0.427213 -0.493516 -0.610639
v -0.583787 -0.592222 -0.559713
v -0.710400 -0.676994 -0.421221
v -0.027097 -0.190806 -0.492918
v -0.059453 -0.179810 -0.517465
v -0.023407 -0.156609 -0.518012
v -0.051401 -0.128001 -0.550258
v -0.009595 -0.129140 -0.495100
v -0.035708 -0.118283 -0.496187
v 0.007117 -0.119214 -0.480547
v 0.014568 -0.112326 -0.445964
v -0.022282 -0.080536 -0.516835
v -0.012770 -0.087802 -0.466932
v -0.131445 -0.226655 -0.581046
v -0.161038 -0.199944 -0.592732
v -0.183827 -0.250678 -0.575890
v -0.193676 -0.212168 -0.628100
v -0.141202 -0.265654 -0.569378
v -0.121833 -0.178909 -0.554037
v -0.111405 -0.125608 -0.567339
v -0.130584 -0.118546 -0.582259
v -0.066446 -0.057357 -0.575125
v -0.103673 -0.104441 -0.551250
v -0.071152 -0.088233 -0.579341
v -0.072347 -0.144238 -0.524584
v -0.052429 -0.034211 -0.531059
v -0.077689 -0.016800 -0.565898
v -0.098654 -0.050645 -0.559677
v -0.099761 -0.085756 -0.573349
v -0.100692 -0.054915 -0.613608
v 0.006625 -0.041050 -0.463958
v -0.040488 0.011528 -0.520332
v -0.060644 0.034074 -0.528099
v -0.071557 -0.026781 -0.521632
v -0.237427 -0.307929 -0.574316
v -0.176308 -0.333954 -0.587425
v -0.239694 -0.275841 -0.599304
v -0.189470 -0.269655 -0.585211
v -0.144132 -0.116473 -0.542983
v 0.080677 -0.012143 -0.424314
v -0.004165 0.070203 -0.465505
v -0.081688 0.138739 -0.507692
v -0.025129 0.023618 -0.502829
v -0.062946 0.017959 -0.500650
v -0.048800 0.093909 -0.497382
v -0.092539 0.109092 -0.482779
v 0.199487 0.100938 -0.197782
v 0.198310 0.106421 -0.242382
v 0.175887 0.137174 -0.313728
v 0.206639 0.121463 -0.197870
v 0.157362 0.102315 -0.295682
v 0.111763 0.097125 -0.364724
v 0.154588 0.052648 -0.320616
v 0.144045 0.116350 -0.363319
v 0.133835 0.100376 -0.371753
v 0.085474 0.090869 -0.411521
v 0.033142 0.076951 -0.462359
v 0.056743 0.086441 -0.427090
v 0.057867 0.132394 -0.418814
v 0.091467 0.115664 -0.319017
v 0.001617 0.135241 -0.468404
v 0.049344 0.109145 -0.391611
v 0.048940 0.111588 -0.338225
v 0.022957 0.109107 -0.413525
v 0.108635 0.131322 -0.399483
v 0.118533 0.121935 -0.343465
v 0.071908 0.115612 -0.379767
v 0.181773 0.124222 -0.225758
v 0.161776 0.113239 -0.152321
v 0.156644 0.089446 -0.115770
v 0.163533 0.173005 -0.186237
v 0.138052 0.216550 -0.187854
v 0.189839 0.314607 -0.241785
v 0.139194 0.129389 -0.254472
v 0.101035 0.216253 -0.304349
v 0.140635 0.300373 -0.309159
v 0.035919 0.167785 -0.365445
v 0.051611 0.260623 -0.381559
v 0.184603 0.382684 -0.320423
v 0.138490 0.375866 -0.408479
v 0.048132 0.337785 -0.456929
v 0.059448 0.384378 -0.481541
v -0.077338 0.303975 -0.465680
v 0.002566 0.170052 -0.349875
v -0.076775 0.245038 -0.424253
v -0.031462 0.245812 -0.433901
v 0.069272 0.352740 -0.468861
v 0.027519 0.374653 -0.486399
v -0.050135 0.138790 -0.453133
v -0.046498 0.100271 -0.412470
v -0.015446 0.130267 -0.371507
v -0.044002 0.319562 -0.428795
v 0.029344 0.378787 -0.462801
v -0.005817 0.351791 -0.455365
v 0.006344 0.282782 -0.404316
v -0.085334 0.271272 -0.362405
v -0.108460 0.346167 -0.416951
v -0.037465 0.295681 -0.386321
v -0.062542 0.206727 -0.376322
v -0.043844 0.287351 -0.433715
v 0.009502 0.392445 -0.466923
v -0.070801 0.407426 -0.540962
v -0.043510 0.412540 -0.534267
v -0.021030 0.452630 -0.520165
v -0.048290 0.500281 -0.651337
v -0.060726 0.531146 -0.678476
v -0.031619 0.535629 -0.674783
v -0.057456 0.545227 -0.724298
v -0.045848 0.521218 -0.694866
v -0.061294 0.537131 -0.637367
v -0.038643 0.548277 -0.662818
v -0.052209 0.552030 -0.696717
v -0.081907 0.478157 -0.513935
v -0.106122 0.434717 -0.514796
v -0.046181 0.483745 -0.512512
v 0.008786 0.425755 -0.450708
v -0.115998 0.394985 -0.401610
v -0.065828 0.470935 -0.449812
v -0.082065 0.444083 -0.422504
v 0.017766 0.620304 -0.538432
v -0.038590 0.617158 -0.559537
v -0.089006 0.628668 -0.521052
v 0.042351 0.613222 -0.466664
v 0.053632 0.686571 -0.536639
v -0.006256 0.673022 -0.629178
v -0.038467 0.699329 -0.625400
v 0.048958 0.721295 -0.585000
v -0.035005 0.737550 -0.597828
v -0.078146 0.712280 -0.518996
v 0.014023 0.706112 -0.499930
v 0.005764 0.754613 -0.580378
v -0.037870 0.747759 -0.522247
v -0.053193 0.699698 -0.395407
v -0.105560 0.682195 -0.372790
v -0.104717 0.669894 -0.489984
v -0.052770 0.711699 -0.476592
v -0.019552 0.724154 -0.521605
v -0.081187 0.691825 -0.525797
v 0.006607 0.685288 -0.375514
v -0.009612 0.688381 -0.444909
v 0.038362 0.668330 -0.415703
v 0.026658 0.667786 -0.464433
v -0.029130 0.705983 -0.349464
v -0.068358 0.702334 -0.313992
v -0.051734 0.725600 -0.393684
v 0.040922 0.704895 -0.622907
v 0.042810 0.786606 -0.614408
v 0.013602 0.810697 -0.738305
v 0.048138 0.854237 -0.716758
v -0.010350 0.805117 -0.665255
v 0.024549 0.863863 -0.721840
v 0.042333 0.823586 -0.724862
v 0.020472 0.825221 -0.653516
v 0.009507 0.847573 -0.734404
v 0.054632 0.854440 -0.804262
v 0.047908 0.861726 -0.807065
v -0.115981 0.531051 -0.427653
v -0.091238 0.489737 -0.433873
v -0.149598 0.450497 -0.476435
v -0.142990 0.513847 -0.468949
v -0.201086 0.521492 -0.515271
v 0.245510 0.627122 -0.204091
v -0.069342 0.712860 -0.356043
v -0.004745 0.733877 -0.327874
v 0.003702 0.781310 -0.241774
v 0.022933 0.746020 -0.328753
v 0.010210 0.754086 -0.299599
v 0.030330 0.727201 -0.325108
v 0.043458 0.759920 -0.302060
v 0.053123 0.749165 -0.295522
v 0.059730 0.793361 -0.261589
v 0.031262 0.774259 -0.225389
v 0.032440 0.725214 -0.389414
v 0.016905 0.697308 -0.400467
v -0.008031 0.556391 -0.494851
v 0.022265 0.523020 -0.523969
v -0.007063 0.533927 -0.560973
v -0.038094 0.490436 -0.504014
v -0.066988 0.588760 -0.508066
v 0.042825 0.750641 -0.284592
v 0.061628 0.772854 -0.233508
v 0.061790 0.764846 -0.266358
v 0.032598 0.812586 -0.209451
v 0.065986 0.777791 -0.199803
v 0.076546 0.855004 -0.200400
v 0.042913 0.830651 -0.188346
v 0.039750 0.837978 -0.164499
v 0.049039 0.863472 -0.110887
v 0.072903 0.867027 -0.125876
v 0.088251 0.835413 -0.097125
v 0.065564 0.817155 -0.217868
v 0.076969 0.750589 -0.313306
v 0.096844 0.776860 -0.299687
v 0.099013 0.729423 -0.300803
v 0.074509 0.727182 -0.342143
v 0.103662 0.737919 -0.272274
v 0.099339 0.720768 -0.328208
v 0.075493 0.743700 -0.336907
v 0.109865 0.748111 -0.327944
v 0.081081 0.760693 -0.274699
v 0.121094 0.716146 -0.278178
v 0.117931 0.712403 -0.323235
v 0.069132 0.846431 -0.097846
v 0.058078 0.800214 -0.187871
v 0.086845 0.798914 -0.148578
v 0.114751 0.643904 -0.123924
v 0.148297 0.657769 -0.237269
v 0.101149 0.750343 -0.149756
v 0.108670 0.729361 -0.215478
v 0.125769 0.632622 -0.179788
v 0.183127 0.658788 -0.255931
v 0.213598 0.618933 -0.212913
v 0.235300 0.687010 -0.260430
v 0.246108 0.624381 -0.262942
v 0.246231 0.594612 -0.244280
v 0.134907 0.692247 -0.267160
v 0.156820 0.673374 -0.290022
v 0.141760 0.728904 -0.299564
v 0.142410 0.691157 -0.318385
v 0.076495 0.682582 -0.446420
v 0.168980 0.688715 -0.444470
v 0.144554 0.645696 -0.502970
v 0.082083 0.709943 -0.390381
v 0.047622 0.665009 -0.471971
v 0.082838 0.701191 -0.526412
v 0.115787 0.719748 -0.348944
v 0.120567 0.709556 -0.362791
v 0.105349 0.729378 -0.411960
v 0.142782 0.711330 -0.383681
v 0.114346 0.702105 -0.422346
v 0.136154 0.738569 -0.429164
v 0.168101 0.703215 -0.400438
v 0.150810 0.694602 -0.431659
v 0.127842 0.713352 -0.399431
v 0.202070 0.501476 -0.500211
v 0.167036 0.554565 -0.525445
v 0.223896 0.560995 -0.485028
v 0.256563 0.454416 -0.452413
v 0.265016 0.527994 -0.443749
v 0.244895 0.638140 -0.399466
v 0.256599 0.444646 -0.385179
v 0.261027 0.474555 -0.314290
v 0.207096 0.454434 -0.539117
v 0.131564 0.450698 -0.564053
v 0.256787 0.392135 -0.498945
v 0.203335 0.399448 -0.562718
v 0.276473 0.372720 -0.454065
v 0.228974 0.396250 -0.360278
v 0.253207 0.328120 -0.415615
v 0.237128 0.345201 -0.636998
v 0.315075 0.319590 -0.572504
v 0.278846 0.350262 -0.607915
v 0.188716 0.295041 -0.649483
v 0.150529 0.375584 -0.569465
v 0.093466 0.433499 -0.542057
v 0.278477 0.478895 -0.362194
v 0.203160 0.651619 -0.462851
v 0.268720 0.598670 -0.319214
v 0.254428 0.515715 -0.236466
v 0.292364 0.268182 -0.677238
v 0.269811 0.303939 -0.528305
v 0.265855 0.292003 -0.514893
v 0.274013 0.333814 -0.537799
v 0.427233 0.149142 -0.692591
v 0.345014 0.152444 -0.699109
v 0.384197 0.144646 -0.712904
v 0.365535 0.126038 -0.707697
v 0.293062 0.194742 -0.677925
v 0.219308 0.238840 -0.665428
v 0.347101 0.273321 -0.643486
v 0.156428 0.266837 -0.633927
v 0.111706 0.350898 -0.550031
v 0.153269 0.242547 -0.625003
v 0.285084 0.167258 -0.658419
v 0.125576 0.283098 -0.573331
v 0.070394 0.407535 -0.491554
v 0.093417 0.420325 -0.401100
v 0.071961 0.423136 -0.473324
v 0.095508 0.416072 -0.450866
v 0.019391 0.432087 -0.467312
v 0.013074 0.419675 -0.490862
v 0.024487 0.441911 -0.517994
v 0.021919 0.449472 -0.511438
v 0.046183 0.507855 -0.493966
v 0.078428 0.575598 -0.523530
v 0.064176 0.613837 -0.497276
v 0.031403 0.540769 -0.479809
v -0.001458 0.502655 -0.539404
v 0.046919 0.453713 -0.483359
v -0.039029 0.540347 -0.467104
v -0.047710 0.515060 -0.489017
v -0.004428 0.478684 -0.510755
v 0.104207 0.515816 -0.532932
v 0.094612 0.458774 -0.492145
v 0.189096 0.441083 -0.334138
v 0.241170 0.472446 -0.223931
v 0.241345 0.485274 -0.259270
v 0.220561 0.281379 -0.476537
v 0.187077 0.316034 -0.429234
v 0.199223 0.471538 -0.319477
v 0.107388 0.326697 -0.496327
v 0.078937 0.389432 -0.516852
v 0.179155 0.218009 -0.559572
v 0.145890 0.253084 -0.530506
v 0.315114 0.142587 -0.643126
v 0.346747 0.156943 -0.603592
v 0.270323 0.183056 -0.542403
v 0.386628 0.182531 -0.599752
v 0.417374 0.185017 -0.630499
v 0.285779 0.202955 -0.521516
v 0.130197 0.359980 -0.470566
v 0.195814 0.251643 -0.495115
v 0.435929 0.145978 -0.608934
v 0.408498 0.156117 -0.605332
v 0.438319 0.031877 -0.703652
v 0.489451 0.010401 -0.662203
v 0.514890 0.027313 -0.615807
v 0.498690 0.063709 -0.602298
v 0.402611 0.025621 -0.716831
v 0.567882 -0.020055 -0.599937
v 0.571326 -0.009589 -0.587519
v 0.598492 -0.077583 -0.579186
v 0.601571 -0.081046 -0.541858
v 0.603572 -0.065205 -0.564754
v 0.461217 0.078340 -0.548659
v 0.412610 0.136242 -0.587513
v 0.498307 0.040046 -0.568898
v 0.565881 -0.017854 -0.567462
v 0.599887 -0.106717 -0.534538
v 0.593573 -0.115074 -0.560973
v 0.616016 -0.110340 -0.550996
v 0.610770 -0.141269 -0.530943
v 0.392112 0.101313 -0.572279
v 0.389555 0.077062 -0.589872
v 0.409610 0.064032 -0.551693
v 0.374794 0.125646 -0.617668
v 0.128036 0.164921 -0.286455
v 0.049731 0.209609 -0.381893
v 0.173586 0.673632 -0.300801
v 0.215463 0.689663 -0.297695
v 0.217271 0.672934 -0.273504
v 0.197413 0.685763 -0.367044
v 0.218466 0.689558 -0.390890
v 0.226883 0.665940 -0.366218
v 0.173869 0.704919 -0.356134
v 0.202404 0.672249 -0.331389
v 0.155076 0.694256 -0.340894
v 0.173409 0.718518 -0.338752
v 0.176554 0.726742 -0.379538
v 0.212157 0.676152 -0.330240
v 0.212631 0.695357 -0.351105
v 0.163535 0.684283 -0.303700
v 0.214229 0.667854 -0.315866
v 0.177890 0.675869 -0.317120
v 0.200225 0.682301 -0.395336
v 0.503611 -0.012730 -0.610627
v 0.553615 -0.034039 -0.602766
v 0.581889 -0.099234 -0.537518
v 0.564265 -0.045866 -0.558916
v 0.549988 -0.056142 -0.581117
v 0.577830 -0.108758 -0.556180
v 0.485607 0.014026 -0.569596
v 0.413067 0.126893 -0.532193
v 0.435590 0.110460 -0.521848
v 0.406621 0.103675 -0.485784
v 0.431573 0.094725 -0.487771
v 0.411629 0.056113 -0.424889
v 0.423386 0.054278 -0.435066
v 0.391944 0.054441 -0.427845
v 0.391171 0.092644 -0.493305
v 0.379644 0.054687 -0.453168
v 0.400438 0.022589 -0.398632
v 0.433575 0.076512 -0.495009
v 0.422453 0.039849 -0.437727
v 0.390807 0.037812 -0.454960
v 0.413272 0.032317 -0.454103
v 0.421678 0.061030 -0.500685
v 0.397058 0.066988 -0.500879
v 0.436931 0.056707 -0.547324
v 0.401188 0.038238 -0.628335
v 0.435824 0.025709 -0.587372
v 0.501283 0.007890 -0.642639
v 0.514651 -0.082518 -0.635770
v 0.527383 -0.076524 -0.619703
v 0.516854 -0.116768 -0.596478
v 0.495518 -0.166021 -0.590409
v 0.496791 -0.189476 -0.567698
v 0.505581 -0.157543 -0.564904
v 0.513355 -0.077338 -0.596071
v 0.488010 -0.152974 -0.550526
v 0.472054 -0.186010 -0.564516
v 0.491451 -0.178294 -0.550618
v 0.466843 -0.198809 -0.540554
v 0.493481 -0.088497 -0.631146
v 0.473777 -0.162998 -0.587512
v 0.472072 -0.026184 -0.650123
v 0.499502 -0.082040 -0.590285
v 0.463182 -0.160146 -0.569427
v 0.478262 -0.085053 -0.614311
v 0.483763 -0.022968 -0.595385
v 0.470776 -0.005694 -0.674639
v 0.445493 -0.003583 -0.693740
v 0.455982 -0.091108 -0.659946
v 0.468722 -0.083855 -0.648480
v 0.443577 -0.120421 -0.614189
v 0.426387 -0.129846 -0.616297
v 0.403698 -0.143131 -0.580557
v 0.386753 -0.140114 -0.581094
v 0.399346 -0.132718 -0.563248
v 0.457685 -0.081274 -0.626296
v 0.415053 -0.119720 -0.576864
v 0.370189 -0.138509 -0.551611
v 0.438882 -0.093575 -0.653481
v 0.398208 -0.128478 -0.604904
v 0.430281 -0.036381 -0.671196
v 0.400467 -0.108987 -0.576389
v 0.444335 -0.081379 -0.621485
v 0.427976 -0.082642 -0.637456
v 0.388290 -0.117703 -0.592099
v 0.420026 -0.034179 -0.657347
v 0.453063 -0.032158 -0.627930
v 0.363224 0.051047 -0.694976
v 0.349471 0.110709 -0.671283
v 0.375655 0.085404 -0.712350
v 0.424613 -0.011563 -0.703652
v 0.411325 -0.075944 -0.690628
v 0.418856 -0.078542 -0.679673
v 0.376843 -0.084695 -0.651341
v 0.386170 -0.083553 -0.642544
v 0.365503 -0.063931 -0.652327
v 0.416708 -0.061064 -0.665554
v 0.395549 -0.073611 -0.646241
v 0.370444 -0.051626 -0.613677
v 0.354702 -0.049696 -0.608064
v 0.355696 -0.049950 -0.620875
v 0.397287 -0.058852 -0.689084
v 0.404000 -0.013531 -0.696763
v 0.377711 -0.059783 -0.657962
v 0.370049 -0.044934 -0.640056
v 0.393069 -0.053773 -0.676853
v 0.391488 -0.016817 -0.680877
v 0.102871 0.658261 -0.063104
v 0.124789 0.612386 -0.101386
v 0.101975 0.594164 -0.069938
v 0.075019 0.581661 -0.055671
v 0.102871 0.655291 -0.009173
v 0.123695 0.779303 -0.069975
v 0.101606 0.714600 -0.016044
v 0.118125 0.805346 -0.087776
v 0.017596 0.868309 -0.096963
v 0.006705 0.965362 -0.106977
v 0.086437 0.902939 -0.082002
v 0.092802 0.852230 -0.035392
v 0.077022 0.841265 0.008013
v 0.018750 0.960936 -0.130514
v 0.002243 1.002016 -0.145435
v 0.017643 0.992479 -0.150670
v 0.060657 0.892688 -0.119973
v 0.011036 0.945524 -0.144625
v 0.005607 0.997868 -0.159441
v -0.021272 0.953691 -0.141464
v -0.017197 0.978594 -0.124416
v 0.000422 0.861139 -0.044389
v 0.000474 0.902190 -0.073999
v -0.019611 0.946561 -0.111166
v 0.013812 0.848592 0.009261
v 0.009542 0.916740 -0.060925
v 0.123379 0.805363 -0.041876
v 0.110551 0.823077 0.010139
v 0.214248 0.782255 0.062893
v 0.220838 0.756809 -0.014199
v 0.286560 0.729993 0.091572
v 0.298563 0.657189 0.057850
v 0.289899 0.692440 0.116719
v 0.259674 0.631550 0.114821
v 0.257003 0.670474 0.147348
v 0.129978 0.575792 0.183835
v 0.189506 0.605332 0.167926
v 0.189962 0.628422 0.185587
v 0.159913 0.742822 0.100675
v 0.215711 0.697711 0.118184
v 0.164605 0.636190 0.168400
v 0.103943 0.889977 -0.008347
v 0.122571 0.903332 0.032949
v 0.095280 0.861807 0.075809
v 0.151211 0.905746 -0.026959
v 0.147594 0.920255 0.000668
v 0.177633 0.911887 -0.034312
v 0.039845 0.875564 0.078522
v 0.092556 0.928127 0.024268
v 0.127632 0.937652 -0.008013
v 0.102378 0.922925 -0.019972
v 0.048097 0.851843 0.009032
v 0.027642 0.872825 0.030805
v 0.008839 0.827734 0.057533
v 0.156451 0.720609 -0.003743
v 0.153674 0.694197 0.056374
v 0.286503 0.683456 0.021457
v 0.215827 0.666406 0.054031
v 0.217956 0.637384 0.088444
v 0.173215 0.606333 0.137455
v 0.133995 0.568445 0.177901
v 0.088128 0.595016 0.002689
v 0.128264 0.558201 0.024655
v 0.115524 0.533617 0.041173
v 0.115840 0.527484 0.041718
v 0.084982 0.499508 0.039328
v 0.087495 0.557604 0.030717
v 0.098988 0.529944 0.042052
v 0.230767 0.771711 0.017995
v 0.300162 0.706305 0.057727
v 0.302516 0.676660 0.088971
v 0.177653 0.696703 0.082205
v 0.205717 0.668542 0.090267
vn 0.3712 0.0050 0.9285
vn 0.4703 0.0626 0.8803
vn 0.4919 -0.0261 0.8703
vn 0.5614 0.0708 0.8245
vn 0.9914 0.0327 -0.1263
vn 0.9526 -0.0233 -0.3034
vn 0.7562 -0.6530 0.0417
vn 0.9858 -0.1034 0.1324
vn 0.9756 -0.1675 0.1422
vn 0.4325 -0.0047 0.9016
vn 0.3669 0.1722 0.9142
vn 0.9423 -0.1845 0.2792
vn 0.7264 -0.4191 0.5447
vn 0.8126 -0.1201 0.5703
vn 0.7161 0.0360 0.6970
vn 0.2672 0.2997 0.9159
vn 0.2340 0.1746 0.9564
vn 0.2096 -0.2705 0.9396
vn -0.3405 -0.0158 0.9401
vn 0.6980 -0.4335 0.5700
vn -0.1805 0.3444 0.9213
vn -0.1024 0.1633 0.9812
vn 0.4268 0.1269 0.8954
vn 0.6345 -0.0666 0.7700
vn 0.3988 0.1537 0.9041
vn 0.2495 0.4982 0.8304
vn -0.1835 0.4325 0.8827
vn 0.2281 -0.0079 0.9736
vn 0.6274 -0.3425 0.6994
vn 0.9109 -0.0235 0.4120
vn 0.0741 -0.6199 0.7812
vn 0.3144 0.1289 0.9405
vn 0.2501 -0.4932 0.8332
vn -0.1586 0.0693 0.9849
vn 0.3663 0.6292 0.6855
vn -0.2207 0.2191 0.9504
vn 0.0830 0.2978 0.9510
vn 0.4081 -0.0252 0.9126
vn 0.9529 -0.1231 0.2774
vn 0.8322 -0.3233 0.4505
vn 0.1947 -0.7572 0.6234
vn 0.6810 -0.4467 -0.5803
vn 0.6584 -0.6275 0.4156
vn 0.8969 -0.3901 -0.2081
vn -0.1945 -0.9794 0.0541
vn 0.6366 -0.5817 -0.5063
vn 0.9157 -0.3886 0.1023
vn 0.5453 -0.3967 -0.7384
vn 0.3281 -0.6791 -0.6566
vn 0.5387 -0.2921 -0.7903
vn -0.2981 -0.2097 -0.9312
vn 0.2287 -0.4731 -0.8508
vn -0.2753 0.9417 -0.1935
vn -0.2635 0.8584 -0.4400
vn 0.8626 0.4822 -0.1527
vn -0.2422 0.9150 0.3226
vn 0.4491 0.5177 0.7282
vn 0.1627 0.6031 0.7809
vn -0.1681 0.2704 0.9480
vn 0.2908 0.0609 0.9548
vn 0.2595 0.0221 0.9655
vn -0.5607 0.2952 0.7736
vn -0.6300 0.4503 0.6326
vn -0.8847 0.3779 0.2731
vn -0.9230 0.3762 0.0801
vn -0.2816 0.2249 0.9328
vn -0.2503 0.5756 0.7785
vn 0.5160 0.2502 0.8193
vn -0.6157 -0.6143 0.4935
vn -0.7997 0.3262 0.5041
vn -0.5026 0.2276 0.8340
vn -0.7177 0.2041 0.6657
vn -0.5149 0.6388 0.5717
vn -0.9358 0.1070 0.3359
vn -0.9272 -0.0400 0.3723
vn -0.7475 -0.3052 0.5900
vn -0.1985 -0.6419 0.7406
vn 0.0062 0.0824 0.9966
vn 0.6477 -0.2916 0.7039
vn 0.3261 -0.0026 0.9453
vn 0.6388 -0.5283 0.5593
vn -0.0136 -0.1617 0.9868
vn 0.1747 -0.9271 0.3316
vn 0.8848 -0.3356 0.3233
vn -0.2200 -0.2315 0.9476
vn -0.1920 -0.9511 0.2418
vn -0.9706 -0.1120 0.2129
vn -0.7710 0.0703 0.6330
vn 0.3067 -0.8929 0.3295
vn 0.2105 -0.9737 0.0865
vn 0.5976 -0.7843 0.1665
vn -0.5676 -0.8159 0.1098
vn 0.0031 -0.6670 -0.7451
vn -0.4860 -0.3520 -0.7999
vn -0.8497 -0.4199 -0.3188
vn -0.8652 0.0377 -0.5000
vn -0.8608 0.1886 -0.4727
vn -0.9659 0.2192 0.1378
vn 0.2702 0.3115 0.9110
vn 0.1638 0.1514 0.9748
vn -0.0143 -0.0820 0.9965
vn 0.4980 0.1134 0.8598
vn 0.2398 0.8348 0.4955
vn 0.5980 -0.0150 0.8013
vn 0.4682 -0.1136 0.8763
vn 0.8403 0.2660 0.4724
vn 0.1750 -0.3149 -0.9329
vn 0.0028 -0.3501 -0.9367
vn -0.5386 -0.0534 -0.8409
vn -0.4125 -0.1312 -0.9015
vn 0.7380 -0.2213 0.6374
vn 0.8533 -0.2352 0.4654
vn -0.9094 0.0218 0.4153
vn -0.6971 0.2188 0.6828
vn -0.9689 0.2276 -0.0970
vn -0.9875 -0.0716 0.1402
vn -0.9458 -0.3136 0.0850
vn -0.8649 -0.4872 0.1208
vn 0.0126 -0.9637 -0.2668
vn 0.7899 -0.4497 -0.4170
vn 0.7766 -0.4272 -0.4631
vn 0.9203 -0.2840 -0.2690
vn 0.8769 0.0753 -0.4748
vn 0.4944 -0.4174 -0.7624
vn 0.9302 -0.3580 0.0807
vn 0.8406 -0.5316 0.1040
vn 0.7804 0.6070 -0.1500
vn 0.1349 0.9627 -0.2346
vn 0.3603 0.4819 -0.7988
vn -0.5620 0.7224 -0.4029
vn 0.3413 0.9103 -0.2342
vn -0.3725 0.9224 -0.1021
vn -0.9723 0.2004 -0.1206
vn -0.5745 0.7906 -0.2117
vn -0.9757 0.1145 -0.1868
vn -0.9503 0.3032 0.0700
vn -0.5763 0.7660 -0.2849
vn -0.9064 0.3853 -0.1733
vn -0.9438 -0.3225 -0.0722
vn -0.7485 -0.6608 0.0554
vn 0.9939 -0.0818 -0.0741
vn 0.7541 -0.6565 -0.0192
vn 0.8998 0.4066 -0.1585
vn 0.8896 -0.4128 -0.1956
vn -0.3254 0.6184 -0.7154
vn 0.9673 -0.2396 -0.0837
vn 0.9356 0.0484 -0.3497
vn 0.6836 0.6444 -0.3426
vn -0.0803 -0.9962 0.0348
vn -0.0780 -0.7061 0.7038
vn 0.5309 -0.8463 0.0446
vn 0.5317 -0.8468 -0.0135
vn 0.3552 -0.9194 0.1687
vn -0.3767 -0.2732 0.8851
vn 0.1840 -0.6880 0.7020
vn 0.7579 -0.6014 0.2527
vn 0.5177 -0.1823 -0.8359
vn -0.0354 -0.1379 -0.9898
vn -0.0438 0.4052 -0.9132
vn 0.4388 0.4528 -0.7761
vn -0.8937 -0.2036 0.3999
vn 0.0298 0.9011 -0.4327
vn -0.5217 0.4062 -0.7503
vn -0.5148 -0.0187 -0.8571
vn 0.9959 -0.0642 -0.0638
vn 0.6995 0.0416 0.7134
vn 0.9052 0.0525 0.4218
vn 0.9833 -0.0315 -0.1795
vn 0.8010 -0.0265 0.5981
vn 0.8042 -0.3907 -0.4479
vn 0.6440 -0.4045 -0.6494
vn 0.4439 -0.5407 -0.7145
vn 0.9358 -0.3295 -0.1257
vn 0.5390 -0.4823 -0.6906
vn 0.7122 -0.6830 0.1624
vn 0.8867 -0.1393 0.4409
vn 0.8264 -0.4319 -0.3612
vn 0.6433 0.1578 0.7492
vn 0.2247 -0.4107 -0.8836
vn 0.5389 -0.2194 -0.8133
vn -0.3320 -0.0749 -0.9403
vn -0.9044 0.1189 -0.4099
vn -0.8882 0.0166 -0.4592
vn -0.9381 0.2888 0.1911
vn -0.9582 0.1440 0.2471
vn -0.6075 0.1302 0.7835
vn -0.3764 0.5327 0.7580
vn -0.9911 0.1181 0.0618
vn 0.3270 0.4290 0.8420
vn -0.4223 -0.3548 -0.8341
vn -0.5953 -0.5790 -0.5571
vn -0.8352 0.0620 -0.5464
vn 0.6563 -0.4616 -0.5968
vn -0.5125 0.7068 0.4875
vn 0.1815 0.7761 0.6040
vn -0.4791 0.8594 0.1784
vn 0.5052 0.8322 0.2285
vn -0.6043 0.7944 0.0603
vn 0.5707 0.6772 0.4645
vn -0.6645 0.5326 0.5242
vn -0.6593 0.6283 0.4129
vn 0.5070 0.5406 0.6713
vn 0.7131 0.0394 0.6999
vn -0.2653 0.5150 0.8151
vn 0.6446 -0.4330 0.6301
vn -0.1149 -0.9447 0.3070
vn -0.9977 0.0177 0.0655
vn -0.8976 -0.4396 -0.0323
vn -0.9646 0.1006 -0.2437
vn -0.8915 -0.1600 -0.4238
vn 0.9052 0.2460 0.3466
vn 0.4664 0.5237 0.7129
vn 0.2877 0.8487 0.4437
vn -0.5718 0.6133 0.5449
vn -0.9368 0.1380 0.3216
vn 0.9311 -0.2619 0.2539
vn 0.9064 -0.3157 0.2806
vn 0.6226 -0.6602 0.4201
vn 0.2544 -0.2230 0.9410
vn -0.8633 -0.4727 -0.1771
vn 0.1907 -0.9725 -0.1340
vn -0.1522 -0.9753 -0.1600
vn 0.0640 -0.9636 -0.2594
vn -0.8397 0.4678 -0.2759
vn -0.9405 0.3386 -0.0282
vn -0.7552 -0.5847 -0.2962
vn -0.5778 -0.7137 0.3959
vn 0.0556 -0.9499 0.3074
vn 0.3438 -0.7601 0.5514
vn 0.0268 0.8949 0.4455
vn -0.5656 0.7425 -0.3588
vn -0.3652 0.7276 -0.5807
vn -0.5704 0.6416 -0.5129
vn -0.2291 0.8057 0.5462
vn -0.1058 0.2075 0.9725
vn -0.8462 0.5317 -0.0359
vn -0.9684 0.0880 0.2334
vn -0.2299 -0.6649 0.7107
vn -0.3913 -0.7765 -0.4939
vn 0.3151 -0.0881 0.9449
vn 0.3375 -0.2091 0.9178
vn -0.4285 -0.3325 -0.8401
vn -0.4768 -0.2969 -0.8274
vn 0.4160 -0.8502 -0.3226
vn 0.3038 -0.9468 -0.1065
vn 0.4016 -0.8976 0.1816
vn -0.2083 -0.9761 0.0623
vn -0.6540 -0.4189 -0.6299
vn -0.5241 -0.5946 -0.6097
vn 0.5304 -0.3731 -0.7613
vn 0.3674 -0.6224 -0.6911
vn -0.2387 -0.9602 0.1448
vn 0.0952 -0.9886 -0.1165
vn 0.3172 -0.9246 0.2108
vn 0.0932 -0.7667 -0.6352
vn 0.6006 -0.6473 -0.4694
vn 0.0942 -0.7643 -0.6379
vn 0.6288 -0.4804 -0.6114
vn 0.7686 0.6282 0.1209
vn 0.9666 0.0953 -0.2379
vn 0.8869 -0.4612 -0.0274
vn 0.9283 0.1829 -0.3238
vn 0.8935 0.2884 -0.3441
vn -0.3522 0.7384 0.5751
vn 0.5594 0.7826 -0.2733
vn -0.0712 -0.2798 0.9574
vn -0.3881 0.8693 0.3060
vn -0.2218 0.7919 0.5690
vn 0.7690 0.6381 -0.0385
vn 0.4228 -0.1677 0.8906
vn 0.6449 0.3831 0.6614
vn -0.3413 0.3593 0.8686
vn -0.6294 -0.2253 0.7437
vn 0.9827 -0.1831 -0.0271
vn 0.1016 -0.9766 0.1897
vn -0.8123 -0.0915 0.5760
vn -0.8454 -0.3717 0.3836
vn 0.6831 -0.5869 -0.4346
vn -0.3167 -0.8536 -0.4136
vn -0.1905 -0.9358 -0.2967
vn 0.8871 -0.0962 -0.4514
vn -0.3160 -0.9310 -0.1825
vn 0.2068 -0.7893 0.5781
vn -0.5607 -0.3561 0.7475
vn 0.2766 -0.7462 0.6055
vn 0.4868 -0.2649 0.8324
vn 0.0934 0.0155 0.9955
vn -0.0910 0.0171 0.9957
vn -0.6761 0.5332 0.5086
vn -0.3687 0.2460 0.8964
vn -0.1637 0.1430 0.9761
vn -0.2905 0.6016 0.7441
vn -0.6616 0.2981 0.6881
vn -0.4808 0.3371 0.8094
vn 0.0830 -0.9884 0.1271
vn 0.2435 -0.9320 0.2686
vn -0.6613 -0.3008 0.6872
vn 0.1912 -0.9374 0.2910
vn -0.5801 -0.3608 0.7303
vn 0.3551 -0.7814 0.5131
vn -0.4678 -0.3499 0.8116
vn 0.3739 -0.7791 0.5032
vn -0.2681 -0.3224 0.9078
vn 0.5919 -0.7951 0.1321
vn 0.1770 -0.4239 0.8883
vn 0.4870 -0.8360 -0.2530
vn 0.5328 -0.6058 0.5909
vn 0.0910 -0.7792 -0.6201
vn 0.7553 -0.5948 0.2752
vn -0.3956 -0.8100 -0.4330
vn 0.6689 -0.6939 0.2665
vn -0.4221 -0.6611 0.6203
vn -0.8613 0.0949 0.4992
vn -0.8694 0.1651 0.4657
vn -0.6627 0.3709 0.6506
vn -0.2772 0.3512 0.8943
vn 0.2979 0.2287 0.9268
vn 0.7849 0.1158 0.6087
vn 0.2121 0.3561 0.9101
vn -0.8269 -0.1474 0.5427
vn -0.9789 -0.1150 0.1687
vn -0.9687 0.2479 0.0136
vn -0.8527 -0.2127 0.4772
vn -0.9159 -0.0576 0.3972
vn -0.7858 0.1417 0.6020
vn -0.8903 -0.0557 0.4520
vn -0.8891 0.2303 0.3957
vn -0.9438 0.1791 0.2778
vn -0.2100 0.8865 -0.4124
vn -0.6956 0.1772 -0.6962
vn -0.9497 0.0785 -0.3033
vn -0.8702 0.4719 0.1416
vn -0.5755 -0.1537 -0.8032
vn -0.6303 0.0299 -0.7758
vn -0.3344 0.7605 -0.5566
vn -0.9048 0.4152 0.0946
vn -0.9922 -0.0199 -0.1228
vn -0.8409 -0.3526 -0.4106
vn -0.8689 0.3732 0.3252
vn -0.9477 0.1541 0.2796
vn -0.4236 0.8561 -0.2960
vn -0.9116 0.4106 -0.0193
vn -0.6096 -0.0516 -0.7910
vn -0.1272 0.6926 -0.7100
vn -0.9284 -0.3619 0.0844
vn -0.4584 0.4671 -0.7561
vn 0.1046 0.5447 -0.8321
vn -0.3617 0.6871 -0.6302
vn -0.0478 0.6911 -0.7212
vn -0.1570 0.4907 -0.8570
vn -0.4573 0.4348 -0.7758
vn -0.4649 0.4659 -0.7529
vn -0.6666 0.6710 -0.3245
vn -0.6240 0.7630 0.1688
vn -0.3354 0.8029 0.4928
vn 0.1579 0.7710 0.6170
vn -0.7797 0.6088 0.1466
vn -0.9323 -0.3321 -0.1431
vn -0.8979 -0.3921 -0.2000
vn -0.9043 -0.4165 -0.0942
vn -0.8244 0.4772 -0.3042
vn -0.8724 -0.4663 -0.1466
vn -0.0999 0.4993 -0.8607
vn -0.4352 0.7211 -0.5391
vn 0.3211 0.1927 0.9272
vn 0.2060 0.2831 0.9367
vn -0.0842 0.2150 0.9730
vn -0.5771 0.2326 0.7829
vn -0.8041 0.5760 0.1470
vn -0.3241 0.5590 0.7632
vn -0.6760 0.2478 0.6939
vn -0.9259 0.2269 -0.3021
vn -0.9565 -0.0708 0.2832
vn -0.7382 0.2790 0.6141
vn -0.9120 -0.3613 -0.1944
vn -0.9665 -0.2480 -0.0662
vn -0.7998 0.5158 -0.3070
vn -0.7162 0.6923 -0.0882
vn 0.1390 0.9580 0.2510
vn -0.4790 0.8732 -0.0898
vn -0.4699 0.0901 0.8781
vn -0.3890 0.8003 0.4563
vn -0.1218 0.5457 0.8291
vn -0.5272 0.3071 0.7923
vn 0.5256 -0.1403 0.8391
vn 0.3423 -0.2271 0.9117
vn 0.3577 -0.2407 0.9023
vn -0.2571 0.5308 0.8075
vn -0.0850 0.5473 0.8326
vn -0.5259 0.1260 0.8411
vn -0.2781 -0.3531 0.8933
vn 0.1607 0.2632 0.9513
vn 0.1016 -0.3430 0.9338
vn 0.4095 0.1650 0.8973
vn -0.4225 -0.0113 0.9063
vn -0.5071 0.2912 0.8112
vn -0.1945 -0.3446 0.9184
vn 0.0524 -0.8745 0.4822
vn 0.2078 -0.6321 0.7465
vn -0.1062 -0.4304 0.8964
vn -0.9419 0.0616 0.3301
vn -0.9768 -0.1861 0.1063
vn -0.8001 -0.4662 -0.3775
vn -0.7369 0.6709 0.0830
vn -0.9263 -0.3149 -0.2070
vn -0.1453 -0.4223 -0.8948
vn -0.6157 -0.4174 -0.6683
vn -0.3401 -0.5243 -0.7807
vn -0.3067 -0.2200 -0.9261
vn 0.1661 0.9191 -0.3574
vn -0.3820 0.4708 -0.7953
vn -0.1615 0.9651 0.2062
vn -0.3725 0.7937 -0.4809
vn 0.1800 0.9797 0.0879
vn -0.6746 0.6441 -0.3607
vn 0.0134 0.9776 -0.2099
vn -0.5539 0.5910 0.5864
vn 0.1441 -0.4449 0.8839
vn 0.1405 -0.3784 0.9149
vn -0.1829 -0.2638 0.9471
vn -0.1224 -0.6102 0.7827
vn -0.2469 -0.1459 0.9580
vn -0.3707 -0.2892 0.8826
vn -0.8054 0.0729 0.5883
vn -0.5366 -0.0474 0.8425
vn -0.3643 -0.2795 0.8884
vn -0.1180 -0.5311 -0.8391
vn -0.5055 -0.3799 -0.7747
vn -0.4888 -0.1730 -0.8551
vn -0.4087 -0.4708 -0.7818
vn -0.4312 -0.6906 -0.5807
vn -0.8171 -0.4933 -0.2982
vn -0.4903 -0.2750 -0.8270
vn -0.8342 -0.4285 -0.3472
vn -0.4139 -0.7527 -0.5120
vn -0.6936 -0.6618 0.2845
vn -0.3146 -0.8124 -0.4909
vn -0.6338 0.1783 0.7527
vn 0.2780 -0.0021 -0.9606
vn -0.3441 -0.9056 -0.2479
vn 0.3062 0.0310 -0.9514
vn -0.6518 -0.1277 0.7476
vn -0.4269 -0.8880 -0.1706
vn -0.7857 0.1492 -0.6004
vn -0.2684 0.9618 -0.0544
vn 0.3067 0.8464 -0.4354
vn -0.2231 0.8420 0.4912
vn -0.0704 0.9065 0.4162
vn -0.8744 -0.0919 -0.4764
vn 0.0064 0.2516 -0.9678
vn -0.5258 0.1350 -0.8398
vn -0.9917 -0.0639 0.1119
vn -0.7125 -0.6909 0.1223
vn -0.3701 -0.6877 -0.6246
vn -0.6403 -0.0858 -0.7634
vn -0.8529 -0.1475 -0.5007
vn -0.4633 -0.0510 0.8847
vn -0.0991 -0.1575 -0.9825
vn -0.4951 -0.7621 -0.4172
vn -0.0688 -0.0910 -0.9935
vn 0.3081 0.7205 -0.6212
vn -0.1388 0.3730 -0.9174
vn -0.3359 -0.1714 0.9262
vn 0.0196 0.6913 0.7223
vn 0.0697 0.4951 0.8661
vn 0.4071 0.9127 0.0340
vn -0.0037 0.9495 0.3138
vn -0.5941 0.7856 -0.1729
vn -0.0010 0.8291 -0.5591
vn 0.1008 0.5171 -0.8500
vn 0.2123 0.9748 0.0689
vn -0.0755 0.7092 -0.7010
vn -0.5238 0.8452 0.1060
vn -0.2247 0.8343 0.5034
vn -0.2932 0.5027 0.8132
vn -0.4074 0.9092 -0.0865
vn -0.2536 0.8434 -0.4736
vn 0.1549 0.9745 -0.1621
vn -0.6089 -0.6387 0.4704
vn -0.3303 -0.5566 -0.7623
vn -0.2627 0.4112 0.8729
vn 0.3750 0.6510 -0.6600
vn 0.3749 0.9013 0.2169
vn -0.5197 -0.6357 0.5708
vn 0.1573 0.5277 -0.8348
vn 0.1163 0.9925 -0.0385
vn -0.8863 -0.3978 0.2372
vn -0.8400 0.3867 -0.3806
vn -0.5208 0.3510 -0.7782
vn -0.7059 0.2639 -0.6573
vn -0.2424 -0.5956 -0.7658
vn -0.8648 -0.4910 -0.1052
vn -0.0121 -0.4117 -0.9112
vn -0.1964 0.9650 -0.1737
vn -0.8945 0.3952 0.2092
vn -0.8230 -0.2335 -0.5178
vn -0.8993 -0.3200 -0.2981
vn -0.5525 0.5699 -0.6082
vn 0.3228 -0.4111 0.8525
vn -0.3128 -0.3408 0.8866
vn 0.5060 -0.0677 0.8599
vn -0.9094 0.3514 -0.2224
vn -0.6426 0.6354 -0.4283
vn -0.7442 0.6457 -0.1712
vn -0.5380 0.7537 0.3775
vn -0.5172 0.8558 0.0045
vn -0.2375 -0.5123 -0.8253
vn -0.1042 0.3539 -0.9295
vn -0.4909 0.5127 -0.7043
vn -0.5669 0.7284 0.3847
vn -0.4241 0.8498 -0.3130
vn -0.6313 0.7692 0.0990
vn -0.8453 0.3866 0.3688
vn -0.2020 0.7570 -0.6214
vn -0.7215 0.6522 -0.2325
vn -0.4492 0.8896 0.0832
vn -0.1451 0.8897 -0.4328
vn -0.0860 0.4192 -0.9038
vn -0.2704 0.9347 -0.2308
vn -0.7483 0.1525 0.6456
vn -0.7261 0.3434 0.5957
vn -0.6898 0.5134 0.5105
vn -0.3963 0.5291 0.7503
vn -0.9698 -0.1173 -0.2138
vn -0.7627 0.2714 -0.5871
vn -0.5804 0.1028 0.8078
vn -0.3159 0.5973 0.7372
vn -0.1292 0.4467 0.8853
vn -0.5916 0.0990 0.8002
vn 0.0089 0.6000 0.7999
vn -0.1832 0.2770 0.9432
vn -0.0420 0.5239 0.8508
vn -0.2964 0.2485 0.9222
vn 0.0092 0.9497 0.3130
vn -0.5820 0.5472 0.6015
vn -0.6446 0.3603 0.6743
vn -0.6814 0.2731 0.6790
vn -0.6090 0.5017 0.6144
vn -0.9637 0.0208 -0.2660
vn -0.8747 0.4811 0.0591
vn -0.9243 0.3763 0.0635
vn -0.9786 -0.0018 -0.2057
vn -0.9444 -0.0300 -0.3274
vn -0.7790 0.6266 0.0228
vn -0.4882 0.7135 0.5026
vn -0.4603 0.8489 0.2599
vn -0.8513 0.4865 -0.1966
vn -0.0544 0.6944 0.7175
vn 0.0819 0.4866 0.8698
vn 0.6275 0.0276 0.7782
vn 0.7510 -0.0347 0.6594
vn 0.3304 0.8568 0.3959
vn 0.7447 0.3572 0.5638
vn -0.7780 0.6190 -0.1076
vn -0.9688 -0.1024 -0.2259
vn -0.7545 0.5781 0.3106
vn -0.6822 0.7013 0.2069
vn -0.2789 0.6416 0.7146
vn -0.2403 0.8802 0.4093
vn -0.2833 0.9513 -0.1213
vn -0.7586 0.5827 -0.2917
vn -0.8329 0.5495 0.0655
vn -0.1682 0.9816 0.0898
vn 0.5226 0.8508 -0.0549
vn 0.7357 0.6046 0.3052
vn -0.9798 -0.1506 0.1317
vn -0.8882 -0.4556 0.0602
vn -0.8370 0.5266 0.1486
vn -0.9989 -0.0132 0.0445
vn -0.9388 -0.2278 -0.2585
vn -0.9820 -0.1491 0.1161
vn -0.9349 -0.2635 -0.2378
vn -0.6638 -0.7437 -0.0792
vn -0.6014 -0.7433 0.2930
vn -0.7577 -0.1990 -0.6215
vn -0.8730 -0.1449 -0.4658
vn -0.4895 -0.7244 -0.4854
vn -0.4642 -0.7447 -0.4794
vn -0.7093 -0.4905 -0.5062
vn -0.7917 -0.4866 -0.3694
vn 0.1661 -0.7862 0.5952
vn -0.6939 -0.5359 -0.4809
vn -0.8807 -0.4399 -0.1755
vn -0.3681 -0.9285 -0.0493
vn -0.9845 -0.1364 0.1103
vn 0.3646 -0.8761 -0.3153
vn -0.9970 0.0257 -0.0730
vn -0.9842 -0.0988 -0.1468
vn -0.3243 0.7549 -0.5700
vn -0.7992 0.0883 -0.5945
vn 0.0585 -0.1453 -0.9877
vn 0.0886 -0.2140 -0.9728
vn 0.2188 -0.9224 -0.3184
vn -0.9946 -0.0608 0.0838
vn -0.5982 0.4595 -0.6565
vn -0.6717 0.3246 -0.6659
vn -0.8703 0.2596 -0.4186
vn -0.5710 -0.7799 -0.2564
vn 0.2512 -0.1439 0.9572
vn 0.5817 -0.1233 0.8040
vn 0.5387 -0.8361 0.1033
vn 0.8216 -0.3503 0.4498
vn 0.7894 -0.5495 0.2736
vn 0.6990 -0.5150 0.4962
vn 0.3434 0.1247 0.9309
vn 0.2294 -0.9660 -0.1189
vn 0.0415 -0.9844 -0.1709
vn -0.2682 -0.8645 -0.4250
vn -0.1808 -0.8574 -0.4819
vn -0.0162 -0.9882 0.1521
vn -0.1612 -0.9245 0.3453
vn -0.3843 -0.8442 -0.3737
vn 0.6490 -0.7009 0.2960
vn 0.4488 -0.7420 -0.4980
vn 0.4170 -0.8389 0.3498
vn 0.9915 0.0392 0.1238
vn 0.9705 0.1249 -0.2063
vn 0.9174 -0.3302 0.2220
vn 0.9469 0.2887 0.1413
vn 0.5683 -0.8156 0.1093
vn 0.7623 -0.6312 0.1430
vn 0.5312 0.8254 0.1914
vn -0.2473 0.9146 0.3199
vn 0.6265 0.7564 0.1880
vn 0.7372 0.2238 -0.6375
vn -0.5353 0.6439 0.5467
vn -0.6898 0.6695 0.2755
vn 0.3906 0.7998 0.4558
vn -0.3962 0.8131 0.4265
vn -0.9371 0.3197 -0.1400
vn -0.2478 0.6155 0.7482
vn -0.7892 0.4419 0.4265
vn -0.6456 0.4280 0.6324
vn -0.6134 0.7552 0.2311
vn 0.2200 0.8844 0.4116
vn -0.7665 0.5139 0.3852
vn 0.2084 0.7748 0.5969
vn 0.8194 0.4415 0.3657
vn 0.8780 0.2668 -0.3974
vn 0.9122 0.2728 0.3059
vn 0.9043 0.0976 0.4156
vn 0.8878 0.2230 0.4026
vn -0.2185 0.4462 0.8679
vn -0.8742 -0.4667 0.1340
vn -0.0014 -0.7622 0.6473
vn 0.2324 -0.3316 -0.9143
vn -0.8613 -0.0628 0.5043
vn -0.9148 -0.4013 0.0460
vn -0.9240 -0.2333 -0.3029
vn -0.5811 0.8132 -0.0310
vn -0.4523 0.8161 0.3597
vn -0.2909 0.9174 -0.2717
vn -0.6027 0.7577 -0.2503
vn -0.5269 0.8424 0.1129
vn -0.6076 0.7933 0.0393
vn -0.4181 0.8748 0.2449
vn -0.2912 0.8971 0.3322
vn -0.2768 0.9478 0.1584
vn -0.7529 0.5072 0.4194
vn -0.4786 0.8264 0.2965
vn -0.7093 0.5212 0.4746
vn -0.6139 0.7812 -0.1137
vn -0.7454 0.6546 0.1260
vn -0.7990 0.4510 -0.3979
vn -0.9828 0.1823 -0.0277
vn -0.5312 0.4154 0.7384
vn 0.5941 -0.7763 -0.2107
vn 0.7997 -0.5783 -0.1615
vn 0.8045 -0.5799 0.1286
vn -0.4666 -0.8393 -0.2790
vn -0.3955 -0.8695 -0.2960
vn 0.4627 -0.8860 -0.0313
vn 0.6598 -0.7376 0.1435
vn 0.7268 0.4428 0.5251
vn 0.9587 0.0611 -0.2779
vn 0.6980 0.6077 -0.3787
vn 0.0539 -0.2137 -0.9754
vn 0.7289 -0.2300 -0.6449
vn 0.0510 -0.5261 -0.8489
vn 0.7002 0.6238 0.3472
vn 0.6494 -0.7472 0.1410
vn 0.1050 -0.0839 0.9909
vn 0.1126 -0.2908 0.9501
vn 0.7258 0.0295 0.6873
vn -0.1758 -0.9755 -0.1320
vn -0.6571 -0.6036 -0.4516
vn -0.5881 -0.5698 0.5740
vn -0.2083 -0.7524 0.6249
vn 0.0643 -0.8927 0.4460
vn -0.4210 -0.8151 -0.3981
vn 0.1298 -0.9829 -0.1305
vn 0.0495 -0.9305 -0.3629
vn -0.8231 0.2248 0.5215
vn 0.0414 0.4328 0.9005
vn -0.8687 -0.2855 0.4047
vn -0.2284 -0.0542 0.9721
vn 0.7843 0.1910 0.5902
vn 0.5581 -0.0175 0.8296
vn -0.2944 -0.6932 0.6579
vn -0.3608 -0.5527 -0.7513
vn 0.9217 -0.2853 0.2628
vn 0.4707 -0.6745 -0.5688
vn -0.9583 -0.1662 -0.2325
vn -0.8427 -0.3440 -0.4142
vn -0.8658 0.0983 0.4907
vn 0.9881 0.0157 -0.1528
vn 0.9646 0.1653 -0.2056
vn 0.1118 -0.1994 -0.9735
vn -0.2464 -0.4668 -0.8493
vn 0.9317 -0.2884 -0.2209
vn 0.4067 -0.8827 -0.2355
vn -0.8981 -0.0389 0.4382
vn -0.1021 0.1198 0.9875
vn -0.6630 -0.6453 0.3795
vn 0.1578 -0.4365 0.8857
vn 0.8628 0.1210 0.4909
vn 0.8061 0.0938 0.5844
vn 0.9837 -0.1707 0.0562
vn -0.9100 -0.3154 -0.2690
vn -0.7676 -0.4673 -0.4387
vn -0.3206 -0.5939 -0.7379
vn -0.8243 -0.2114 0.5252
vn 0.6639 0.6129 -0.4284
vn 0.5953 0.7285 -0.3390
vn -0.0560 -0.0856 -0.9948
vn -0.1396 0.2528 -0.9574
vn 0.3432 -0.8761 -0.3387
vn -0.4761 -0.5061 -0.7191
vn 0.0190 -0.8055 -0.5923
vn -0.9647 -0.1065 0.2408
vn -0.2979 -0.2176 0.9294
vn -0.5466 -0.8338 -0.0776
vn 0.1338 -0.7460 0.6524
vn 0.7774 -0.1682 0.6061
vn 0.6853 0.1601 0.7105
vn 0.9216 0.1989 0.3333
vn 0.7931 -0.2606 -0.5504
vn 0.0447 -0.1280 -0.9908
vn -0.7991 -0.0101 -0.6011
vn -0.4708 0.1997 -0.8594
vn -0.7568 -0.0823 -0.6485
vn 0.0936 0.9045 -0.4160
vn 0.3226 -0.0254 -0.9462
vn -0.1431 -0.6356 -0.7586
vn -0.2400 0.1490 0.9593
vn -0.6867 -0.5577 -0.4663
vn 0.3019 0.4970 0.8135
vn 0.4609 0.2055 0.8634
vn 0.4082 0.3890 0.8259
vn -0.4488 -0.8751 0.1808
vn -0.4754 -0.6801 -0.5580
vn -0.4196 -0.3540 0.8358
vn 0.3789 0.0049 0.9254
vn 0.6007 0.5098 -0.6158
vn -0.9852 -0.0449 -0.1656
vn -0.9985 -0.0526 0.0139
vn -0.9811 -0.0011 -0.1935
vn -0.6915 0.4868 0.5337
vn -0.9446 -0.2046 -0.2566
vn -0.9738 0.1430 -0.1769
vn 0.0261 -0.3247 -0.9454
vn -0.2403 -0.2749 -0.9310
vn -0.2212 0.3610 -0.9060
vn -0.0525 0.9977 -0.0435
vn 0.2008 0.8885 0.4127
vn 0.8414 0.3056 -0.4458
vn 0.7927 0.4801 0.3757
vn 0.8968 0.3934 0.2025
vn 0.5625 0.8166 0.1295
vn 0.2589 0.7209 0.6429
vn -0.6364 -0.4940 -0.5924
vn -0.2519 -0.9668 -0.0416
vn -0.3628 -0.8648 -0.3471
vn -0.4393 -0.2255 0.8696
vn -0.5781 -0.3569 0.7338
vn -0.6619 -0.4942 0.5635
vn -0.5878 -0.2670 0.7637
vn -0.7725 -0.6344 -0.0266
vn -0.1507 -0.9350 -0.3210
vn -0.7587 -0.6474 -0.0725
vn -0.4098 -0.2339 0.8817
vn -0.5405 -0.0590 0.8393
vn -0.4109 -0.8054 0.4272
vn -0.6914 -0.6315 0.3511
vn -0.4212 -0.2192 0.8801
vn -0.0044 -0.2930 0.9561
vn -0.3131 -0.9087 0.2759
vn -0.1479 0.3380 0.9295
vn -0.5446 -0.1955 0.8156
vn -0.6153 -0.4665 0.6354
vn -0.9035 0.0743 -0.4221
vn -0.8909 0.4535 -0.0240
vn -0.5196 -0.0049 0.8544
vn -0.5399 -0.1779 0.8227
vn -0.3569 0.3149 0.8794
vn -0.6279 -0.3503 0.6950
vn -0.8310 -0.5251 0.1833
vn -0.4903 -0.6242 0.6082
vn -0.2317 -0.1239 0.9649
vn -0.3952 -0.1230 0.9103
vn -0.0800 -0.4737 0.8771
vn -0.7051 0.1869 0.6840
vn -0.7442 0.2860 0.6036
vn -0.9985 0.0243 -0.0501
vn -0.9328 0.1669 0.3194
vn -0.8418 0.4557 0.2893
vn -0.8785 0.2973 -0.3741
vn -0.8627 -0.2805 -0.4207
vn -0.6648 -0.7364 0.1258
vn -0.7752 -0.2069 0.5968
vn -0.0704 -0.9725 0.2222
vn -0.3545 -0.0747 0.9321
vn -0.6192 -0.1930 0.7612
vn 0.7281 0.2002 0.6556
vn 0.8357 -0.5382 0.1087
vn -0.0952 0.5743 0.8131
vn -0.2782 -0.1034 0.9550
vn 0.2518 0.9087 0.3330
vn -0.7649 -0.4339 0.4760
vn 0.1262 -0.7139 -0.6888
vn -0.8336 -0.2697 0.4821
vn -0.7871 -0.3825 0.4839
vn 0.4613 -0.7861 -0.4114
vn -0.1218 0.7695 0.6269
vn -0.5573 0.8287 0.0524
vn 0.4545 0.8560 -0.2464
vn 0.1882 0.6072 -0.7719
vn 0.0444 0.9945 -0.0953
vn -0.6031 -0.5692 -0.5588
vn -0.2087 0.8728 0.4411
vn 0.1838 0.8974 0.4012
vn -0.9248 -0.1523 -0.3488
vn -0.5084 0.8420 0.1805
vn -0.7831 0.0812 0.6166
vn -0.5446 0.3199 0.7753
vn 0.7464 -0.6626 0.0626
vn 0.4556 -0.5883 -0.6680
vn -0.3743 -0.1233 -0.9191
vn 0.7641 -0.4203 -0.4894
vn -0.1159 -0.9014 -0.4172
vn -0.0193 -0.5418 -0.8403
vn 0.8099 -0.4503 -0.3759
vn 0.6859 -0.3585 0.6333
vn 0.9439 0.3287 0.0311
vn 0.7453 -0.2674 -0.6108
vn 0.7728 -0.6330 0.0460
vn -0.2392 -0.6168 -0.7499
vn -0.5642 -0.7652 0.3102
vn -0.4965 -0.8681 -0.0001
vn -0.2117 -0.8855 0.4136
vn -0.1972 -0.9638 -0.1797
vn -0.2918 -0.7912 -0.5375
vn -0.3157 -0.4184 -0.8516
vn -0.4244 -0.4565 -0.7820
vn 0.5185 -0.2866 0.8056
vn 0.3061 -0.6560 0.6899
vn 0.1424 0.2269 0.9634
vn 0.6324 0.2438 0.7353
vn 0.9336 0.3346 0.1281
vn -0.0716 -0.9826 0.1711
vn 0.0402 -0.9823 -0.1830
vn 0.4184 0.2740 0.8660
vn 0.3289 0.5897 0.7376
vn 0.8699 -0.1050 -0.4819
vn 0.9651 -0.0309 0.2599
vn 0.7790 0.1857 0.5989
vn 0.9122 0.4091 0.0230
vn 0.9778 -0.1423 -0.1538
vn 0.6561 -0.2537 0.7108
vn 0.6990 -0.2153 0.6819
vn 0.9943 -0.0980 0.0430
vn 0.8664 0.4692 0.1711
vn 0.8400 0.4884 0.2362
vn 0.8764 -0.4512 0.1681
vn 0.7794 -0.4073 0.4761
vn 0.6778 0.3291 0.6574
vn 0.4380 0.2956 0.8490
vn 0.8836 -0.1015 0.4571
vn 0.9741 0.1941 0.1161
vn 0.9313 0.1013 0.3500
vn 0.9843 0.0001 0.1764
vn 0.9866 0.1478 0.0692
vn 0.9666 -0.2142 0.1407
vn 0.9283 -0.3118 0.2026
vn 0.9626 -0.1800 -0.2026
vn 0.8372 0.0703 -0.5423
vn 0.9331 -0.3561 -0.0510
vn 0.7935 -0.3502 0.4977
vn 0.8779 -0.4767 0.0453
vn 0.4129 -0.0410 0.9099
vn 0.4079 0.0753 0.9099
vn 0.0851 -0.2972 0.9510
vn 0.0544 -0.2392 0.9694
vn 0.7358 0.2180 0.6411
vn 0.6973 0.4271 0.5756
vn 0.8553 0.5082 0.1010
vn 0.7967 0.6043 -0.0056
vn -0.3934 -0.4817 0.7831
vn 0.0492 -0.1333 0.9899
vn -0.2360 0.0719 0.9691
vn 0.3463 0.5826 0.7353
vn 0.5884 0.1572 0.7931
vn 0.8640 -0.4644 0.1943
vn 0.6887 0.3003 0.6600
vn 0.8231 0.4938 0.2804
vn 0.5005 0.7400 0.4492
vn 0.9169 0.2779 0.2864
vn 0.9377 0.3443 0.0462
vn 0.3089 0.0246 0.9508
vn 0.5746 -0.6147 0.5404
vn 0.9464 -0.1429 0.2898
vn -0.2755 -0.4914 0.8262
vn -0.2691 -0.7090 0.6519
vn 0.0306 -0.1389 0.9898
vn -0.6079 -0.5816 0.5405
vn 0.1824 -0.9526 0.2436
vn 0.3819 -0.2138 0.8991
vn 0.4770 -0.8780 0.0413
vn 0.5755 -0.2262 0.7859
vn 0.9325 0.2187 0.2876
vn 0.9849 0.1499 -0.0862
vn 0.0248 -0.9536 0.3000
vn -0.2622 -0.9086 0.3251
vn 0.1320 -0.9695 0.2063
vn 0.6981 -0.6625 -0.2716
vn 0.6958 -0.2839 -0.6598
vn 0.7290 -0.2120 -0.6508
vn 0.1887 -0.6794 -0.7091
vn 0.8256 0.2670 -0.4970
vn 0.8922 0.4513 0.0162
vn 0.5382 0.5718 -0.6192
vn 0.3438 0.1115 0.9324
vn -0.0165 -0.1607 0.9869
vn -0.0407 -0.0619 0.9973
vn -0.3551 0.8316 0.4270
vn -0.4387 -0.1525 0.8856
vn -0.6325 -0.0090 0.7745
vn -0.3483 -0.5109 0.7859
vn -0.5830 -0.1459 0.7993
vn 0.1249 -0.3199 0.9392
vn -0.4429 -0.0528 -0.8950
vn 0.1820 0.1687 -0.9687
vn 0.1325 0.3913 -0.9107
vn -0.3711 -0.0850 -0.9247
vn -0.3118 -0.5372 0.7837
vn -0.6057 -0.5927 0.5308
vn 0.9764 0.1906 0.1013
vn 0.8003 0.4662 -0.3771
vn 0.8412 0.2506 0.4791
vn 0.9654 0.1866 -0.1824
vn 0.9651 -0.2467 -0.0881
vn 0.9832 -0.0543 -0.1742
vn -0.8404 -0.4540 -0.2960
vn -0.8228 -0.5333 -0.1966
vn -0.7279 -0.3721 -0.5759
vn -0.9797 -0.1020 -0.1727
vn -0.8748 -0.4822 0.0479
vn -0.7630 -0.5942 0.2546
vn -0.6084 -0.7110 0.3526
vn -0.9360 0.3486 0.0498
vn -0.6949 0.3883 -0.6053
vn -0.4605 0.8404 -0.2857
vn 0.2088 0.7813 -0.5882
vn 0.0642 0.9633 -0.2605
vn -0.6206 0.7651 -0.1718
vn 0.8047 0.3921 -0.4459
vn 0.8093 0.3164 -0.4950
vn 0.2713 0.8434 -0.4637
vn 0.8059 0.5367 -0.2500
vn 0.6804 0.5591 -0.4737
vn 0.2440 0.8256 -0.5088
vn 0.9280 -0.0761 -0.3647
vn 0.8947 -0.4196 -0.1529
vn -0.9068 -0.3422 0.2461
vn -0.4736 -0.8397 0.2657
vn -0.9816 0.1501 0.1176
vn -0.7537 -0.6470 0.1154
vn -0.1348 0.6554 -0.7431
vn -0.8484 -0.4727 0.2384
vn -0.9086 0.3858 -0.1598
vn -0.9649 -0.2599 -0.0385
vn 0.4305 -0.8948 0.1185
vn 0.4534 -0.5309 0.7159
vn -0.0591 -0.9604 0.2723
vn -0.4906 -0.7124 0.5018
vn -0.6458 -0.4533 -0.6144
vn -0.7383 0.1841 -0.6489
vn -0.3102 0.2417 -0.9194
vn -0.1686 -0.3288 -0.9292
vn 0.9878 0.1318 0.0827
vn -0.3897 0.7856 -0.4806
vn 0.1669 0.3898 -0.9056
vn 0.2730 -0.0850 -0.9582
vn -0.9224 -0.3053 0.2365
vn -0.9394 -0.3308 0.0899
vn -0.7180 0.0044 0.6961
vn -0.4071 0.0794 0.9099
vn -0.4508 -0.0523 0.8911
vn -0.7931 -0.6082 -0.0341
vn -0.7633 -0.5850 -0.2740
vn -0.8135 -0.4878 0.3167
vn -0.5705 -0.7155 -0.4032
vn -0.6014 -0.7182 -0.3501
vn -0.4240 -0.7636 0.4869
vn -0.8222 -0.5647 0.0717
vn -0.5614 -0.2559 0.7870
vn -0.2779 0.1415 0.9501
vn -0.3155 -0.6439 -0.6971
vn 0.1476 -0.3093 -0.9394
vn -0.0381 -0.0689 -0.9969
vn -0.7557 -0.4440 -0.4814
vn 0.6824 0.0979 -0.7244
vn 0.6332 0.1801 -0.7528
vn 0.9082 0.4109 -0.0799
vn 0.8453 0.4962 -0.1981
vn 0.7167 0.4419 0.5395
vn 0.5430 0.6469 0.5354
vn 0.8953 0.3541 -0.2703
vn -0.0154 0.4286 0.9034
vn -0.0011 -0.3209 -0.9471
vn 0.3091 -0.5095 -0.8030
vn 0.6151 0.1500 -0.7741
vn -0.6204 -0.7339 -0.2765
vn 0.0520 0.7515 0.6577
vn 0.5935 0.7805 0.1965
vn -0.4250 0.8532 0.3025
vn 0.4644 0.8833 -0.0639
vn -0.4316 0.6843 0.5878
vn 0.5706 0.8149 -0.1017
vn 0.7887 0.4853 0.3775
vn -0.4012 0.4506 0.7975
vn 0.7710 0.5664 0.2910
vn -0.5295 0.0416 0.8473
vn -0.5509 -0.4315 0.7143
vn 0.5653 0.2947 0.7704
vn 0.3936 0.7057 0.5892
vn 0.0998 -0.9816 0.1628
vn 0.9876 -0.0423 -0.1511
vn 0.7994 -0.4772 -0.3650
vn 0.8760 0.2816 -0.3916
vn 0.9001 -0.0886 -0.4266
vn -0.8680 0.1018 0.4861
vn -0.1178 0.7694 0.6278
vn -0.1094 0.6208 0.7763
vn 0.9559 0.2727 -0.1089
vn 0.6803 0.6806 0.2719
vn -0.6936 -0.5848 0.4207
vn -0.9092 -0.2989 0.2898
vn -0.6356 -0.5983 0.4880
vn 0.3946 -0.2556 0.8826
vn 0.8073 -0.5028 -0.3088
vn 0.0017 -0.9801 -0.1986
vn 0.1172 -0.9712 -0.2075
vn -0.1967 -0.9337 -0.2992
vn 0.5156 0.6620 -0.5439
vn 0.6753 0.5310 -0.5118
vn 0.2527 -0.9415 0.2230
vn 0.8160 -0.5781 -0.0029
vn 0.1091 -0.7955 0.5961
vn 0.1066 0.8677 0.4855
vn 0.3580 0.7073 -0.6096
vn 0.3090 0.7858 -0.5358
vn 0.3085 0.8146 0.4911
vn 0.5229 0.6316 -0.5725
vn 0.2455 0.2544 0.9354
vn 0.3722 -0.6259 0.6854
vn 0.9876 0.1390 0.0734
vn 0.8070 0.5615 -0.1830
vn 0.3452 -0.7777 -0.5254
vn -0.4007 -0.2022 0.8936
vn -0.1965 -0.0639 0.9784
vn -0.1908 -0.3762 0.9067
vn 0.3176 -0.3536 -0.8798
vn -0.2951 -0.9554 -0.0115
vn -0.4686 -0.8653 -0.1782
vn 0.2974 -0.2862 -0.9109
vn -0.3260 -0.9059 0.2703
vn 0.1551 -0.9863 -0.0569
vn 0.3444 0.2129 -0.9144
vn 0.2324 -0.2962 -0.9264
vn -0.7665 -0.4949 -0.4094
vn -0.5847 -0.6888 -0.4285
vn -0.0049 -0.9935 -0.1138
vn 0.3781 -0.9234 -0.0653
vn -0.0260 -0.9597 0.2800
vn -0.3281 -0.7693 -0.5482
vn 0.1786 -0.5711 -0.8012
vn -0.6696 -0.7307 -0.1332
vn -0.3190 -0.7711 -0.5510
vn -0.7897 -0.5657 -0.2374
vn -0.6371 0.4886 0.5961
vn -0.9538 -0.0527 0.2959
vn -0.7230 -0.5608 0.4034
vn -0.9336 0.2342 0.2711
vn -0.9724 0.0390 0.2300
vn -0.5855 0.7747 0.2388
vn 0.5509 0.7721 0.3166
vn 0.5164 -0.2785 0.8098
vn -0.6522 0.6841 0.3265
vn 0.5482 0.7613 0.3461
vn 0.0558 0.0195 0.9983
vn 0.8916 -0.2320 0.3888
vn 0.7550 0.3964 0.5223
vn -0.2012 0.5544 0.8075
vn -0.8825 -0.0300 0.4694
vn -0.0786 -0.9138 0.3986
vn 0.8997 -0.4362 0.0158
vn 0.9810 -0.1935 0.0123
vn -0.8552 -0.5156 0.0525
vn -0.9912 -0.0755 0.1086
vn -0.0375 -0.9254 -0.3771
vn 0.0204 -0.8022 -0.5968
vn 0.1100 -0.9898 -0.0906
vn 0.2583 -0.8486 0.4617
vn 0.1881 0.6864 0.7025
vn 0.4249 0.4126 0.8058
vn 0.5574 0.3121 0.7693
vn 0.6800 0.3795 0.6274
vn 0.8901 -0.3503 -0.2915
vn 0.8040 -0.5329 -0.2637
vn 0.5520 -0.3431 -0.7600
vn 0.0873 -0.1881 -0.9783
vn -0.5038 0.0187 -0.8636
vn -0.8988 0.1839 -0.3979
vn -0.9272 0.2633 0.2665
vn 0.2932 0.0330 -0.9555
vn 0.6786 -0.1236 -0.7241
vn -0.4578 0.5259 -0.7169
vn -0.0420 0.2639 -0.9636
vn -0.6525 0.6822 -0.3298
vn -0.5607 0.8130 0.1571
vn 0.7479 -0.2932 -0.5955
vn 0.3101 0.0916 -0.9463
vn 0.4524 -0.2162 -0.8652
vn 0.7261 -0.3107 -0.6133
vn 0.7230 -0.1009 -0.6834
vn 0.8810 0.0837 -0.4656
vn 0.8128 -0.0444 -0.5808
vn 0.7476 0.2200 -0.6266
vn 0.5368 -0.0792 -0.8400
vn -0.2357 -0.1171 -0.9648
vn -0.3476 0.1201 -0.9299
vn 0.3058 0.7413 -0.5975
vn 0.3522 -0.1130 -0.9291
vn 0.5099 0.2945 -0.8083
vn -0.3221 -0.0500 -0.9454
vn 0.2533 -0.0872 -0.9635
vn 0.7139 0.3112 -0.6273
vn -0.0998 0.8548 -0.5092
vn 0.7643 0.2399 -0.5985
vn 0.4144 0.3612 -0.8353
vn -0.5341 0.7291 -0.4279
vn -0.7658 -0.4636 -0.4456
vn -0.7585 0.5546 -0.3423
vn 0.5530 -0.1824 -0.8129
vn -0.6114 0.6581 -0.4394
vn -0.6331 0.4790 -0.6081
vn 0.1125 -0.0744 -0.9909
vn 0.4740 0.2179 -0.8531
vn 0.4335 0.2168 -0.8747
vn 0.6425 0.0401 -0.7653
vn 0.2692 0.1686 -0.9482
vn -0.3953 0.6009 -0.6948
vn -0.9373 0.2311 -0.2609
vn 0.4406 -0.2118 -0.8724
vn 0.6676 0.5496 -0.5024
vn 0.8913 0.0329 -0.4522
vn 0.4743 -0.5167 -0.7128
vn 0.8682 0.4148 -0.2722
vn 0.2490 0.3249 -0.9124
vn -0.2364 0.8338 -0.4989
vn 0.0430 0.9871 0.1542
vn 0.4347 0.7681 -0.4701
vn 0.6841 0.5330 0.4978
vn 0.8203 0.4783 0.3137
vn 0.5013 0.7053 0.5012
vn 0.9584 0.2716 0.0878
vn 0.9952 -0.0047 0.0983
vn 0.5940 -0.7082 0.3816
vn 0.8503 -0.5262 -0.0104
vn 0.8255 -0.0583 -0.5614
vn 0.6360 0.6341 -0.4398
vn 0.1595 -0.5422 -0.8250
vn 0.6078 -0.2238 -0.7619
vn -0.1507 -0.4102 -0.8995
vn -0.7020 -0.5245 -0.4817
vn 0.2297 -0.3503 -0.9081
vn -0.5174 -0.5423 -0.6619
vn -0.7064 -0.2410 -0.6655
vn -0.4129 0.9057 0.0961
vn 0.2484 0.9622 -0.1117
vn -0.1142 0.9600 0.2558
vn -0.0953 0.8037 -0.5874
vn 0.2441 0.6482 -0.7213
vn -0.2946 0.9548 -0.0386
vn 0.9218 0.3130 0.2289
vn 0.9077 -0.3958 -0.1391
vn -0.7264 -0.4849 -0.4871
vn -0.5721 -0.4506 -0.6853
vn 0.0908 -0.5248 -0.8464
vn 0.1118 -0.3750 -0.9203
vn -0.5014 -0.2909 -0.8148
vn -0.2592 -0.7755 -0.5756
vn -0.2830 -0.7161 -0.6381
vn 0.5677 -0.5874 -0.5767
vn 0.9603 0.1759 -0.2164
vn -0.9771 0.0016 -0.2127
vn -0.9666 -0.1356 -0.2176
vn 0.0700 -0.7956 -0.6017
vn 0.9663 0.1017 -0.2366
vn 0.1918 -0.7933 -0.5778
vn -0.2174 0.2277 -0.9491
vn -0.6112 0.7622 0.2132
vn -0.5633 0.7948 0.2259
vn 0.4579 0.8766 0.1480
vn -0.0651 0.9796 -0.1902
vn 0.3531 0.8947 0.2736
vn -0.8731 0.2632 -0.4104
vn -0.0105 0.0211 -0.9997
vn -0.5478 0.2120 -0.8093
vn 0.1025 0.2280 -0.9683
vn -0.2656 -0.1236 -0.9561
vn -0.2439 -0.6740 -0.6973
vn 0.5504 -0.5350 -0.6410
vn 0.9906 0.1340 0.0280
vn 0.2464 0.2978 -0.9223
vn -0.7862 -0.2514 -0.5646
vn -0.8226 -0.1931 -0.5349
vn 0.0028 -0.6960 -0.7180
vn -0.8155 0.2815 -0.5057
vn -0.8205 0.5680 0.0642
vn 0.9938 0.0148 0.1106
vn 0.6331 0.5698 0.5239
vn 0.4750 0.7551 0.4518
vn 0.1037 0.9593 0.2628
vn -0.3242 0.8125 0.4844
vn -0.0124 0.8661 -0.4997
vn -0.2233 0.9094 0.3510
vn -0.8898 0.3871 -0.2416
vn -0.6270 0.7640 -0.1519
vn -0.7194 0.6210 -0.3112
vn 0.1588 0.9375 -0.3095
vn 0.3981 0.9063 0.1416
vn 0.8104 0.5562 0.1841
vn -0.0582 0.9513 -0.3029
vn -0.3573 0.9139 0.1927
vn -0.4442 0.8207 -0.3593
vn 0.8050 -0.4482 -0.3888
vn -0.4132 -0.5680 -0.7118
vn 0.8001 0.5555 0.2261
vn -0.8708 0.4820 0.0972
vn -0.1534 0.8299 0.5364
vn 0.8535 -0.4497 -0.2633
vn -0.9037 0.3836 -0.1902
vn -0.2786 0.9389 0.2022
vn -0.0392 0.4957 -0.8676
vn 0.6758 -0.1856 -0.7133
vn -0.4539 -0.6068 -0.6525
vn -0.3150 0.2945 -0.9023
vn 0.3059 -0.4786 -0.8231
vn 0.5345 0.4828 -0.6937
vn -0.1144 -0.1640 -0.9798
vn 0.3994 0.5960 -0.6966
vn 0.1416 0.5042 -0.8519
vn 0.0532 0.7625 -0.6448
vn -0.1949 0.6943 -0.6928
vn 0.4250 0.8850 -0.1902
vn 0.0197 0.9385 -0.3447
vn -0.8438 0.2888 -0.4523
vn -0.6853 -0.4352 -0.5839
vn 0.5258 0.8206 -0.2240
vn 0.6477 0.6512 -0.3956
vn 0.2399 0.8772 -0.4159
vn -0.2348 0.8786 -0.4159
vn -0.1015 0.8760 -0.4714
vn -0.2420 0.8483 -0.4710
vn -0.1043 0.4524 -0.8857
vn -0.3918 0.8692 -0.3015
vn 0.8473 0.5144 -0.1324
vn 0.5979 0.7822 0.1750
vn 0.4949 0.8491 -0.1845
vn 0.6903 0.6766 -0.2564
vn 0.8242 0.4687 -0.3177
vn 0.8967 0.1924 -0.3987
vn 0.3353 0.5640 -0.7546
vn 0.5625 0.8256 0.0445
vn 0.9360 0.2539 -0.2439
vn 0.8423 0.5373 0.0437
vn 0.7421 0.5599 0.3687
vn 0.9794 0.1898 -0.0695
vn 0.5565 0.6567 0.5089
vn 0.7675 0.5594 0.3131
vn 0.0624 0.8661 0.4959
vn 0.5479 0.7910 0.2722
vn 0.3493 0.9364 0.0329
vn 0.5699 0.8160 -0.0970
vn 0.5731 0.8152 -0.0842
vn 0.3410 0.1946 -0.9197
vn 0.6768 0.1741 -0.7153
vn 0.6526 0.1976 -0.7314
vn 0.5425 0.4545 -0.7065
vn -0.2086 0.2991 -0.9311
vn 0.9311 0.1355 -0.3388
vn 0.8492 0.4101 -0.3327
vn 0.3217 0.5484 -0.7719
vn 0.9968 0.0203 0.0775
vn 0.9282 -0.3400 0.1511
vn 0.3553 -0.5293 0.7704
vn 0.5550 -0.5727 0.6033
vn 0.8409 -0.0588 0.5380
vn 0.9351 0.2326 0.2675
vn 0.6239 0.5341 -0.5705
vn 0.3599 0.3167 -0.8776
vn 0.8563 0.4517 -0.2505
vn 0.8944 0.0955 -0.4369
vn 0.9578 0.2789 0.0698
vn 0.9594 -0.2760 0.0586
vn 0.4763 0.8198 -0.3178
vn 0.6264 0.6534 -0.4251
vn 0.0834 0.3828 -0.9200
vn -0.0196 0.6963 -0.7174
vn 0.7328 0.5753 0.3634
vn 0.8547 0.1303 0.5025
vn -0.4147 -0.2009 -0.8875
vn 0.1030 0.1965 -0.9751
vn -0.5384 -0.2126 -0.8154
vn -0.5769 -0.0860 -0.8123
vn -0.3734 -0.2149 -0.9024
vn -0.7465 -0.4998 -0.4392
vn -0.6946 0.0279 -0.7188
vn -0.5348 -0.6604 -0.5271
vn -0.9550 -0.2718 -0.1185
vn -0.8274 -0.1183 -0.5490
vn -0.7967 0.1449 -0.5868
vn -0.2976 -0.0089 -0.9546
vn -0.3888 0.1961 -0.9002
vn -0.6069 0.1480 -0.7809
vn 0.2332 -0.3663 -0.9008
vn 0.5984 -0.0654 -0.7985
vn 0.8530 0.0573 -0.5187
vn -0.2131 -0.2708 -0.9387
vn 0.6181 0.1101 -0.7784
vn -0.1334 0.1927 -0.9722
vn -0.3789 0.7897 -0.4825
vn 0.3357 0.0503 -0.9406
vn -0.8764 -0.1696 -0.4507
vn -0.8938 -0.2100 -0.3963
vn 0.1232 -0.0934 -0.9880
vn -0.8700 0.4171 -0.2630
vn -0.2243 0.6388 -0.7359
vn 0.7670 0.2710 -0.5816
vn 0.1146 -0.5719 -0.8122
vn -0.0465 0.3291 -0.9431
vn -0.2184 -0.7417 -0.6341
vn 0.7000 -0.7131 0.0375
vn 0.9526 -0.0783 0.2941
vn 0.6821 -0.6568 0.3214
vn -0.3013 -0.6810 0.6674
vn 0.3192 -0.6472 0.6922
vn 0.6235 -0.6640 0.4127
vn -0.7477 -0.4161 0.5175
vn -0.8469 -0.4009 0.3493
vn -0.6961 -0.6335 0.3379
vn -0.9803 -0.1803 -0.0801
vn -0.8075 -0.1728 -0.5640
vn -0.5332 -0.8226 0.1977
vn -0.9171 -0.3944 -0.0586
vn -0.4501 -0.8921 0.0399
vn -0.6973 -0.2043 0.6870
vn 0.0027 -0.7468 0.6651
vn -0.1497 -0.8472 0.5098
vn -0.0229 0.4143 0.9098
vn 0.5123 -0.0041 0.8588
vn 0.2942 -0.4200 0.8585
vn -0.2437 -0.6835 0.6881
vn 0.6393 -0.0369 0.7681
vn 0.8260 0.5256 0.2038
vn 0.6760 0.3813 -0.6306
vn -0.4447 0.7782 0.4435
vn 0.7256 -0.0030 -0.6881
vn 0.5167 0.0790 -0.8525
vn 0.8134 0.5791 0.0549
vn 0.7462 0.2391 -0.6213
vn -0.3379 -0.0614 -0.9392
vn -0.1365 -0.1591 -0.9778
vn 0.9161 0.0402 -0.3989
vn 0.6983 -0.2471 -0.6718
vn 0.5337 -0.2157 -0.8177
vn 0.1832 -0.2578 -0.9487
vn 0.7940 0.6009 -0.0923
vn 0.5665 0.1729 -0.8057
vn 0.9070 0.4207 -0.0185
vn 0.5727 -0.1497 -0.8060
vn -0.2373 0.9223 0.3049
vn 0.6673 0.6248 0.4053
vn 0.4940 0.3077 0.8132
vn 0.4281 0.5127 0.7442
vn 0.4854 0.4111 0.7716
vn 0.9681 -0.1504 -0.2002
vn -0.1408 -0.8319 -0.5368
vn 0.1913 -0.8679 0.4584
vn -0.9525 0.1480 0.2662
vn 0.8759 -0.0775 -0.4762
vn 0.4950 -0.3965 -0.7731
vn 0.2140 -0.2566 -0.9425
vn 0.2015 0.9786 -0.0411
vn 0.1349 0.9183 0.3721
vn 0.4768 0.8788 -0.0178
vn -0.1006 0.9214 0.3753
vn -0.0026 0.9707 0.2403
vn -0.0551 0.9762 0.2097
vn 0.8149 0.5704 0.1027
vn 0.2911 0.8046 0.5176
vn 0.3119 0.8381 0.4475
vn 0.2655 0.9152 0.3031
vn 0.5405 0.7881 -0.2944
vn 0.3003 0.9533 -0.0335
vn 0.3789 0.8409 -0.3865
vn 0.1595 0.7567 -0.6340
vn 0.5464 0.7576 -0.3570
vn 0.0427 -0.3360 -0.9409
vn 0.8136 -0.2686 -0.5156
vn -0.5477 -0.2140 0.8088
vn -0.1488 -0.1175 0.9819
vn -0.4021 0.0136 0.9155
vn -0.6628 -0.7409 -0.1083
vn -0.6981 -0.7148 -0.0424
vn -0.4020 -0.4681 0.7869
vn -0.1825 -0.3568 0.9162
vn -0.1832 0.8557 0.4840
vn 0.7628 0.5121 0.3947
vn -0.9375 0.3367 0.0880
vn -0.9973 -0.0661 0.0325
vn -0.7296 0.1143 0.6743
vn -0.2149 -0.6434 0.7347
vn 0.8604 0.2299 0.4548
vn 0.2722 0.6264 0.7304
vn 0.9540 -0.2375 0.1829
vn 0.6681 -0.7120 0.2161
vn 0.7608 0.0060 0.6490
vn -0.5588 -0.8271 -0.0610
vn -0.7656 -0.5662 -0.3054
vn 0.3463 -0.9305 -0.1194
vn 0.2146 -0.9750 -0.0574
vn 0.0625 -0.8148 0.5763
vn -0.6904 -0.6989 0.1868
vn -0.5404 -0.6605 0.5213
vn -0.7557 -0.5082 0.4130
vn 0.9973 0.0170 -0.0709
vn 0.4612 -0.3158 -0.8292
vn 0.9803 -0.1967 0.0168
vn 0.3162 -0.5832 -0.7482
vn 0.6640 0.2266 0.7126
vn 0.8943 -0.0407 0.4456
vn 0.5604 -0.8048 -0.1957
vn -0.8349 -0.5305 -0.1469
vn 0.3200 -0.1327 0.9381
vn -0.5892 -0.4705 0.6569
vn -0.3868 -0.3985 -0.8316
vn -0.5790 -0.4171 -0.7006
vn 0.4586 -0.4974 -0.7364
vn -0.0364 0.2602 0.9649
vn -0.1834 0.2777 0.9430
vn -0.9755 -0.0015 0.2201
vn -0.9835 -0.1755 -0.0433
vn -0.5780 -0.3518 0.7363
vn 0.9554 -0.2833 -0.0837
vn 0.3024 -0.5684 -0.7652
vn 0.7850 -0.5959 0.1691
vn 0.1189 -0.8839 -0.4524
vn 0.7427 0.0482 0.6678
vn 0.6372 0.1311 0.7594
vn 0.1013 -0.0289 0.9944
vn -0.4988 -0.4245 -0.7556
vn -0.6079 -0.4482 -0.6554
vn -0.8428 -0.5158 -0.1540
vn 0.2362 -0.7510 -0.6167
vn -0.3101 0.7255 0.6144
vn -0.1090 0.5782 0.8086
vn -0.9668 0.2519 -0.0437
vn -0.9297 0.3468 -0.1242
vn -0.6912 -0.3467 0.6341
vn -0.9027 -0.3214 -0.2861
vn -0.8885 -0.3157 0.3331
vn 0.6716 -0.7396 -0.0436
vn 0.0571 -0.6382 -0.7677
vn 0.2487 -0.8200 0.5156
vn -0.4921 -0.8595 -0.1382
vn 0.5492 -0.0583 0.8337
vn 0.7697 0.1037 0.6299
vn 0.4966 0.3498 0.7943
vn -0.5634 0.2953 0.7716
vn -0.8674 0.4958 -0.0414
vn -0.8692 -0.0012 -0.4944
vn -0.6417 -0.1204 -0.7574
vn -0.5243 -0.2838 -0.8028
vn -0.0122 0.9795 -0.2011
vn 0.0110 0.9584 -0.2853
vn -0.8105 0.5654 0.1530
vn -0.9451 -0.3267 0.0106
vn 0.9236 0.0210 -0.3828
vn 0.8669 0.3558 0.3491
vn 0.5917 0.4405 0.6752
vn 0.5415 0.2324 0.8079
vn 0.4950 0.0323 0.8683
vn 0.9199 -0.1542 0.3606
vn 0.9524 -0.1701 -0.2532
vn -0.6986 0.1153 -0.7062
vn 0.8418 0.5397 -0.0088
vn 0.2495 0.7550 0.6063
vn 0.8528 0.5195 -0.0533
vn 0.8448 0.5112 0.1582
vn 0.9359 0.3283 -0.1280
vn 0.8853 0.3928 -0.2488
vn -0.2025 0.9726 0.1145
vn 0.2639 -0.2935 -0.9188
vn 0.4822 -0.0047 -0.8760
vn -0.0530 0.5430 -0.8380
vn -0.7994 -0.1859 -0.5714
vn -0.7405 0.5961 0.3103
vn -0.9569 -0.0443 0.2871
vn -0.9812 -0.1021 0.1637
vn -0.7998 0.5839 0.1391
vn -0.5641 0.4976 0.6589
vn 0.8499 -0.4554 -0.2650
vn 0.4868 0.8709 0.0669
vn 0.7180 0.6510 -0.2462
vn 0.8101 0.5775 0.1017
vn 0.6270 0.6462 0.4351
vn 0.9239 0.3248 -0.2022
vn 0.5998 0.7543 -0.2671
vn 0.3946 0.8359 0.3817
vn 0.9511 -0.1699 0.2580
vn 0.6683 0.2366 0.7052
vn 0.5189 -0.8426 0.1443
vn 0.4848 0.2114 0.8487
vn 0.1992 0.1157 0.9731
vn 0.5497 -0.7805 0.2978
vn -0.8020 -0.2622 0.5368
vn -0.4028 -0.9153 0.0086
vn 0.1543 0.0337 0.9874
vn -0.3534 0.4941 0.7944
vn -0.7589 0.5983 0.2571
vn 0.8212 0.0253 0.5700
vn 0.7694 0.2192 0.6000
vn 0.3713 -0.6324 -0.6799
vn 0.7686 0.0891 0.6334
vn 0.1186 -0.8912 -0.4379
vn -0.4316 0.6295 0.6461
vn -0.2077 0.9145 0.3473
vn 0.1220 0.9896 -0.0756
vn -0.8471 0.4229 -0.3218
vn -0.4299 0.4352 -0.7911
vn -0.4352 0.8883 -0.1469
vn 0.8845 -0.1274 -0.4489
vn -0.2877 0.8322 0.4739
vn -0.8026 0.5095 0.3101
vn -0.2373 -0.9714 -0.0007
vn 0.1062 -0.7597 -0.6416
vn 0.5126 0.1880 -0.8378
vn -0.3180 -0.7578 -0.5698
vn 0.5506 -0.3163 -0.7725
vn 0.6851 -0.6514 -0.3262
vn -0.4431 -0.7121 0.5446
vn -0.3647 -0.8097 -0.4598
vn -0.9441 -0.2900 -0.1566
vn -0.3935 -0.6053 -0.6919
vn 0.6515 -0.5817 -0.4870
vn 0.5231 -0.3469 -0.7785
vn 0.8561 -0.0951 -0.5079
vn 0.9538 0.2928 -0.0677
vn 0.9835 0.1783 -0.0317
vn -0.0062 -0.2060 -0.9785
vn -0.0329 -0.0901 -0.9954
vn 0.2730 -0.2389 -0.9319
vn 0.7820 0.5654 0.2622
vn 0.7164 -0.5997 -0.3565
vn -0.2205 0.5193 0.8257
vn -0.8385 0.2154 0.5005
vn -0.2586 0.1348 0.9565
vn -0.5033 -0.8587 0.0968
vn -0.6791 -0.5349 0.5027
vn -0.5721 0.3200 0.7552
vn -0.7870 -0.5581 0.2629
vn 0.8864 -0.1744 0.4288
vn 0.6256 -0.5495 0.5538
vn -0.8290 -0.5079 0.2340
vn 0.2926 0.6731 0.6792
vn 0.3458 0.6354 0.6904
vn -0.4569 0.4193 0.7845
vn -0.7452 0.4284 -0.5111
vn -0.5741 0.6468 -0.5021
vn -0.6798 0.5273 -0.5097
vn -0.8843 -0.4472 0.1343
vn -0.6275 0.3237 -0.7081
vn -0.9064 0.1384 0.3991
vn -0.6423 0.7664 0.0084
vn -0.8920 0.1063 -0.4394
vn -0.7072 0.1759 -0.6848
vn -0.7541 0.3584 -0.5504
vn -0.4174 0.7765 -0.4720
vn -0.5389 0.1923 -0.8201
vn -0.3839 0.5329 0.7540
vn 0.2673 0.3243 0.9074
vn 0.0234 -0.1868 0.9821
vn -0.8282 0.0960 0.5521
vn -0.6129 -0.1700 0.7716
vn -0.8326 0.0160 0.5537
vn -0.3879 0.5578 0.7337
vn -0.2077 0.9187 0.3359
vn -0.7402 0.6461 -0.1859
vn -0.4856 0.8489 0.2087
vn 0.2500 0.9159 0.3140
vn -0.5563 0.6884 -0.4655
vn -0.9947 0.0044 0.1026
vn -0.5932 0.8010 -0.0809
vn -0.9141 -0.3941 -0.0960
vn -0.9898 -0.1241 -0.0699
vn 0.3152 0.9279 -0.1992
vn -0.6741 -0.4740 0.5665
vn -0.8563 -0.5153 -0.0353
vn -0.6081 -0.6449 -0.4630
vn -0.7399 0.5119 0.4365
vn -0.6314 0.5764 -0.5188
vn -0.3812 0.1789 -0.9070
vn -0.5660 0.1797 -0.8046
vn 0.0820 -0.8120 0.5779
vn -0.8507 0.5218 0.0639
vn -0.5456 0.7314 -0.4090
vn -0.3150 0.8853 -0.3421
vn -0.7733 0.6337 -0.0208
vn -0.0521 0.3680 0.9284
vn -0.1536 -0.1926 0.9692
vn -0.3740 0.7943 -0.4787
vn -0.4639 0.8436 -0.2702
vn -0.5141 0.8153 0.2664
vn -0.5851 0.7454 -0.3195
vn -0.3358 0.3150 -0.8877
vn -0.4894 -0.1416 -0.8605
vn -0.1861 0.3879 0.9027
vn 0.0345 0.7059 0.7075
vn -0.0421 -0.8656 -0.4990
vn -0.4814 0.8740 0.0654
vn -0.7342 0.1390 -0.6645
vn -0.7136 0.5977 -0.3655
vn -0.5339 0.8212 -0.2015
vn -0.6015 0.7175 0.3514
vn 0.2665 0.7667 0.5841
vn -0.7820 0.6161 -0.0944
vn -0.6820 0.2859 0.6731
vn -0.8201 0.5720 0.0160
vn 0.1749 0.7567 0.6299
vn -0.4128 0.0839 0.9069
vn 0.0991 0.6796 0.7269
vn -0.4998 0.7134 0.4913
vn -0.4105 0.9105 0.0504
vn -0.8174 0.3286 -0.4730
vn -0.8831 0.4647 -0.0651
vn -0.4444 0.8558 -0.2649
vn 0.4225 0.6523 0.6293
vn -0.9419 0.1710 -0.2890
vn -0.6168 0.7800 0.1060
vn -0.7552 0.6331 -0.1701
vn -0.3471 0.9290 0.1285
vn -0.5308 0.8404 0.1096
vn -0.2290 0.9720 0.0526
vn -0.3103 0.9385 0.1513
vn -0.2523 0.9519 0.1740
vn -0.3321 0.9153 -0.2281
vn -0.1844 0.8483 0.4964
vn -0.4410 0.8181 -0.3692
vn -0.6754 0.6929 -0.2525
vn -0.0507 -0.8901 0.4530
vn 0.5845 -0.2155 -0.7823
vn -0.3785 -0.2458 0.8924
vn 0.9139 0.4047 0.0313
vn 0.7981 -0.2307 0.5566
vn 0.6831 0.4843 0.5467
vn 0.9904 0.1376 0.0084
vn 0.9484 0.1687 0.2686
vn 0.8933 0.3302 0.3050
vn 0.5281 0.1469 0.8363
vn 0.7605 -0.6488 -0.0266
vn 0.9066 -0.3840 0.1753
vn 0.8177 0.2247 0.5300
vn 0.9307 -0.3608 -0.0610
vn -0.6137 -0.4339 0.6597
vn -0.2410 -0.7187 0.6522
vn -0.4501 0.3884 0.8041
vn -0.3776 0.3710 0.8484
vn 0.0264 -0.9986 0.0460
vn 0.7240 0.5563 0.4078
vn -0.1076 0.4297 -0.8965
vn -0.1377 0.6775 -0.7226
vn -0.0546 0.5036 -0.8622
vn 0.4786 -0.4995 -0.7221
vn -0.3370 0.3098 -0.8891
vn 0.6088 0.3922 -0.6896
vn -0.1713 0.8928 -0.4165
vn -0.5982 0.1058 -0.7944
vn -0.5969 0.3474 -0.7233
vn 0.9609 0.1429 -0.2370
vn 0.9902 -0.0785 -0.1153
vn 0.4000 0.9148 0.0560
vn 0.8260 0.5510 -0.1189
vn 0.1188 0.3761 -0.9190
vn -0.2175 0.9758 0.0205
vn -0.3661 0.4683 -0.8042
vn 0.5401 0.3940 -0.7437
vn 0.4838 0.0208 -0.8749
vn -0.3509 0.8276 -0.4381
vn 0.6839 0.2132 -0.6977
vn 0.8057 -0.4655 -0.3662
vn 0.4154 -0.4496 -0.7908
vn -0.0740 -0.6215 -0.7799
vn 0.6322 0.5677 -0.5272
vn -0.3303 0.5308 -0.7805
vn -0.6840 0.1346 -0.7169
vn -0.4975 0.1320 -0.8574
vn 0.8721 -0.2313 -0.4312
vn -0.0773 0.8650 -0.4958
vn -0.2637 0.7713 -0.5792
vn 0.1966 0.7709 -0.6058
vn 0.6431 0.6778 -0.3563
vn 0.5042 0.7360 -0.4517
vn -0.1985 0.8039 -0.5606
vn -0.7041 0.2623 -0.6599
vn -0.5149 -0.1120 -0.8499
vn -0.2548 0.6450 -0.7205
vn 0.8182 0.4491 -0.3590
vn 0.8508 0.3205 -0.4165
vn 0.5783 0.8151 0.0344
vn 0.5420 0.3409 -0.7681
vn -0.0963 0.8786 -0.4677
vn -0.1407 0.6883 -0.7117
vn 0.4133 0.8732 -0.2584
vn 0.1838 0.8437 0.5044
vn 0.0902 0.7843 -0.6138
vn 0.7801 0.6237 0.0498
vn 0.8055 0.5344 -0.2560
vn -0.1441 0.9081 -0.3931
vn 0.2430 0.8472 0.4724
vn 0.9049 0.3016 0.3002
vn 0.6111 0.7482 0.2586
vn 0.9273 0.2105 0.3095
vn 0.4324 0.9001 -0.0536
vn -0.3550 0.9262 -0.1269
vn -0.2424 0.6719 -0.6998
vn -0.1521 0.8633 -0.4812
vn -0.0691 0.8889 -0.4529
vn 0.3937 0.8394 -0.3747
vn -0.4090 0.3191 -0.8549
vn -0.3425 0.3005 -0.8902
vn 0.4008 0.8502 -0.3413
vn 0.3190 0.9456 -0.0644
vn 0.2653 0.9402 0.2138
vn 0.4622 0.8865 0.0237
vn 0.0145 0.9871 0.1596
vn 0.0890 0.8909 0.4454
vn 0.2208 0.9708 0.0938
vn 0.3064 -0.9461 0.1051
vn -0.7529 -0.0113 0.6581
vn 0.8901 0.3611 -0.2779
vn -0.1100 -0.5951 -0.7961
vt 0.643000 0.221000
vt 0.667020 0.185837
vt 0.639230 0.193856
vt 0.621000 0.228000
vt 0.607673 0.089587
vt 0.562000 0.130000
vt 0.578000 0.188000
vt 0.615000 0.158000
vt 0.642191 0.074584
vt 0.704728 0.188617
vt 0.677569 0.197492
vt 0.631118 0.187684
vt 0.595000 0.214000
vt 0.654700 0.165890
vt 0.696824 0.209977
vt 0.720196 0.202271
vt 0.717987 0.216608
vt 0.728659 0.194618
vt 0.742457 0.200258
vt 0.700785 0.214215
vt 0.706185 0.247356
vt 0.734000 0.227000
vt 0.682000 0.239000
vt 0.673000 0.225000
vt 0.609312 0.266610
vt 0.628645 0.322009
vt 0.732809 0.260724
vt 0.715439 0.150475
vt 0.706000 0.125000
vt 0.682000 0.130000
vt 0.733000 0.122000
vt 0.703964 0.173916
vt 0.716913 0.185348
vt 0.732720 0.164569
vt 0.578000 0.291000
vt 0.742736 0.307874
vt 0.713814 0.316447
vt 0.673000 0.210000
vt 0.676000 0.098000
vt 0.688800 0.078650
vt 0.733000 0.077068
vt 0.688825 0.035128
vt 0.709192 0.056613
vt 0.713486 0.026108
vt 0.734855 0.020794
vt 0.672500 0.040835
vt 0.682000 0.060000
vt 0.275000 0.976000
vt 0.241018 0.990001
vt 0.236000 0.970000
vt 0.325000 0.976000
vt 0.322000 0.987000
vt 0.303990 0.955000
vt 0.302000 0.969000
vt 0.336068 0.989865
vt 0.733834 0.006107
vt 0.288101 0.655131
vt 0.349139 0.729318
vt 0.326793 0.676800
vt 0.307000 0.634000
vt 0.359710 0.590028
vt 0.333000 0.597000
vt 0.338602 0.670446
vt 0.320000 0.616000
vt 0.602272 0.760556
vt 0.607030 0.695746
vt 0.643486 0.777567
vt 0.579000 0.752000
vt 0.590000 0.787000
vt 0.542000 0.754000
vt 0.556000 0.791000
vt 0.572000 0.710000
vt 0.571000 0.695000
vt 0.593000 0.685000
vt 0.563000 0.668000
vt 0.566000 0.684000
vt 0.560779 0.685559
vt 0.547000 0.707000
vt 0.554000 0.695000
vt 0.541000 0.682000
vt 0.525000 0.688000
vt 0.556000 0.654000
vt 0.570235 0.651846
vt 0.573040 0.681814
vt 0.603000 0.655000
vt 0.585632 0.661791
vt 0.587304 0.643014
vt 0.582465 0.650465
vt 0.570000 0.634000
vt 0.592668 0.629447
vt 0.563000 0.651000
vt 0.557000 0.631000
vt 0.521000 0.674000
vt 0.533000 0.670000
vt 0.588000 0.624000
vt 0.564000 0.611000
vt 0.609000 0.620000
vt 0.454000 0.857000
vt 0.462000 0.834000
vt 0.497000 0.846000
vt 0.485000 0.886000
vt 0.525000 0.846000
vt 0.518000 0.777000
vt 0.563000 0.844000
vt 0.647398 0.790000
vt 0.640609 0.805000
vt 0.640000 0.813000
vt 0.647894 0.815318
vt 0.640198 0.819851
vt 0.657000 0.776000
vt 0.648729 0.759189
vt 0.654000 0.769000
vt 0.467000 0.802000
vt 0.470000 0.774000
vt 0.499000 0.775000
vt 0.498000 0.818000
vt 0.636799 0.689508
vt 0.660307 0.752777
vt 0.517000 0.713000
vt 0.544000 0.728000
vt 0.512000 0.735000
vt 0.499000 0.707000
vt 0.386000 0.562000
vt 0.424000 0.552000
vt 0.411000 0.596000
vt 0.388000 0.597000
vt 0.423000 0.813000
vt 0.431000 0.768000
vt 0.441000 0.742000
vt 0.449000 0.721000
vt 0.460000 0.745000
vt 0.456000 0.760000
vt 0.408883 0.743880
vt 0.669470 0.719173
vt 0.437891 0.697163
vt 0.389000 0.442000
vt 0.413164 0.476822
vt 0.378999 0.470000
vt 0.360642 0.449817
vt 0.457000 0.478000
vt 0.443744 0.445785
vt 0.468000 0.464000
vt 0.433311 0.520438
vt 0.425000 0.499000
vt 0.477000 0.499000
vt 0.495000 0.484000
vt 0.497000 0.445000
vt 0.510000 0.452000
vt 0.462000 0.528000
vt 0.464314 0.548680
vt 0.367000 0.420000
vt 0.331406 0.435459
vt 0.351000 0.404000
vt 0.299904 0.430050
vt 0.446012 0.419612
vt 0.395000 0.403000
vt 0.474000 0.760000
vt 0.493000 0.756000
vt 0.447000 0.388000
vt 0.485000 0.401000
vt 0.480000 0.420000
vt 0.478000 0.587000
vt 0.520810 0.549144
vt 0.470571 0.621925
vt 0.515000 0.584000
vt 0.395000 0.801000
vt 0.678000 0.800000
vt 0.688000 0.779000
vt 0.706000 0.767000
vt 0.501000 0.611000
vt 0.473946 0.655100
vt 0.538000 0.562000
vt 0.550000 0.583000
vt 0.528000 0.603000
vt 0.513000 0.398000
vt 0.523000 0.406000
vt 0.502000 0.418000
vt 0.496000 0.414000
vt 0.508000 0.511000
vt 0.486000 0.431000
vt 0.506000 0.432000
vt 0.527000 0.421000
vt 0.545000 0.559000
vt 0.586970 0.533061
vt 0.584941 0.550176
vt 0.551000 0.566000
vt 0.612000 0.550000
vt 0.589686 0.563848
vt 0.613628 0.573934
vt 0.610000 0.570000
vt 0.616538 0.559769
vt 0.589000 0.577000
vt 0.626861 0.561722
vt 0.632000 0.555000
vt 0.630709 0.567905
vt 0.620000 0.536000
vt 0.576000 0.387000
vt 0.605000 0.396000
vt 0.593233 0.414990
vt 0.609000 0.439000
vt 0.570000 0.439000
vt 0.620000 0.466000
vt 0.572000 0.467000
vt 0.572000 0.490000
vt 0.623000 0.493000
vt 0.538000 0.492000
vt 0.531000 0.463000
vt 0.555000 0.509000
vt 0.623000 0.515000
vt 0.627000 0.419000
vt 0.647000 0.429000
vt 0.524000 0.437000
vt 0.521000 0.356000
vt 0.554000 0.364000
vt 0.662000 0.494000
vt 0.661000 0.511000
vt 0.681000 0.501000
vt 0.680000 0.507000
vt 0.745968 0.672936
vt 0.734743 0.685951
vt 0.726000 0.671000
vt 0.740985 0.662767
vt 0.721000 0.659000
vt 0.716000 0.649000
vt 0.733000 0.642000
vt 0.721022 0.613837
vt 0.706489 0.615227
vt 0.706746 0.603141
vt 0.697242 0.598863
vt 0.696390 0.628588
vt 0.694552 0.607581
vt 0.713000 0.676000
vt 0.698000 0.655000
vt 0.753610 0.659903
vt 0.681000 0.514000
vt 0.665000 0.524000
vt 0.766000 0.677000
vt 0.684000 0.487000
vt 0.694000 0.494000
vt 0.717000 0.692000
vt 0.748000 0.630000
vt 0.766000 0.647000
vt 0.733000 0.611000
vt 0.778000 0.662000
vt 0.690000 0.637000
vt 0.681238 0.675570
vt 0.674984 0.635734
vt 0.742406 0.600687
vt 0.770904 0.631141
vt 0.718090 0.598788
vt 0.686424 0.615515
vt 0.387457 0.495715
vt 0.390936 0.522758
vt 0.667859 0.470850
vt 0.698000 0.676000
vt 0.695000 0.697000
vt 0.679000 0.699000
vt 0.793000 0.639000
vt 0.788000 0.651000
vt 0.856015 0.720229
vt 0.883000 0.735000
vt 0.863000 0.747000
vt 0.845778 0.727296
vt 0.838653 0.718038
vt 0.846867 0.711584
vt 0.824185 0.676833
vt 0.817903 0.689599
vt 0.810000 0.676000
vt 0.809379 0.670796
vt 0.801544 0.680632
vt 0.835000 0.680000
vt 0.859837 0.697110
vt 0.808000 0.696000
vt 0.829732 0.730781
vt 0.809000 0.722000
vt 0.793033 0.700200
vt 0.842200 0.667067
vt 0.862000 0.685000
vt 0.824052 0.666000
vt 0.817000 0.738000
vt 0.876000 0.697000
vt 0.672000 0.442000
vt 0.698678 0.454282
vt 0.840322 0.773517
vt 0.629000 0.397000
vt 0.644000 0.401000
vt 0.741000 0.427000
vt 0.741000 0.443000
vt 0.718000 0.446000
vt 0.721000 0.422000
vt 0.746000 0.415000
vt 0.733000 0.401000
vt 0.702000 0.418000
vt 0.711000 0.392000
vt 0.675000 0.413000
vt 0.679000 0.396000
vt 0.817000 0.772000
vt 0.659000 0.538000
vt 0.651000 0.559000
vt 0.648000 0.573000
vt 0.693000 0.558000
vt 0.679000 0.577000
vt 0.668000 0.560000
vt 0.684000 0.544000
vt 0.685000 0.525000
vt 0.686000 0.533000
vt 0.913000 0.704000
vt 0.887000 0.717000
vt 0.623000 0.597000
vt 0.610000 0.598000
vt 0.591000 0.597000
vt 0.711000 0.753000
vt 0.724944 0.748551
vt 0.731943 0.760936
vt 0.737774 0.742536
vt 0.747369 0.753779
vt 0.788000 0.725000
vt 0.774000 0.734000
vt 0.769000 0.729000
vt 0.778474 0.720000
vt 0.783004 0.739288
vt 0.794804 0.723376
vt 0.727676 0.728371
vt 0.762000 0.715000
vt 0.785000 0.751000
vt 0.793803 0.759295
vt 0.763685 0.774626
vt 0.750115 0.770131
vt 0.727497 0.714626
vt 0.758607 0.704000
vt 0.798046 0.738633
vt 0.757000 0.794000
vt 0.740000 0.793000
vt 0.703000 0.714000
vt 0.700000 0.733000
vt 0.022000 0.649000
vt 0.016835 0.622032
vt 0.017000 0.652000
vt 0.006000 0.626000
vt 0.006000 0.652000
vt 0.006000 0.694000
vt 0.032229 0.697386
vt 0.659000 0.833000
vt 0.052965 0.733172
vt 0.057000 0.726000
vt 0.045945 0.741989
vt 0.638000 0.852000
vt 0.635957 0.824080
vt 0.615000 0.835000
vt 0.630000 0.817000
vt 0.016790 0.588000
vt 0.006000 0.545912
vt 0.022000 0.546000
vt 0.203000 0.940000
vt 0.213000 0.950000
vt 0.264000 0.917000
vt 0.225000 0.894000
vt 0.281000 0.893000
vt 0.238000 0.881000
vt 0.291000 0.865000
vt 0.255000 0.859000
vt 0.289000 0.825000
vt 0.261000 0.832000
vt 0.268000 0.756000
vt 0.236000 0.767000
vt 0.226000 0.700000
vt 0.203000 0.715000
vt 0.183000 0.647000
vt 0.165000 0.659000
vt 0.146000 0.581000
vt 0.126000 0.574000
vt 0.121000 0.528000
vt 0.117446 0.521385
vt 0.328000 0.815000
vt 0.314000 0.767000
vt 0.295000 0.734000
vt 0.249000 0.684000
vt 0.201000 0.637000
vt 0.158000 0.579000
vt 0.123000 0.522000
vt 0.322000 0.855000
vt 0.338076 0.844267
vt 0.363000 0.821000
vt 0.330000 0.862000
vt 0.329566 0.878118
vt 0.325000 0.888000
vt 0.320000 0.900000
vt 0.337033 0.897311
vt 0.353000 0.802000
vt 0.370140 0.797930
vt 0.368000 0.782829
vt 0.355579 0.777386
vt 0.340000 0.792000
vt 0.377000 0.783000
vt 0.369000 0.773000
vt 0.380688 0.804599
vt 0.314000 0.932000
vt 0.373085 0.840028
vt 0.349000 0.852000
vt 0.374000 0.850000
vt 0.374070 0.873829
vt 0.372795 0.892410
vt 0.380000 0.880000
vt 0.343000 0.876000
vt 0.383889 0.851481
vt 0.389000 0.841000
vt 0.345000 0.913000
vt 0.398000 0.846000
vt 0.385000 0.871000
vt 0.404000 0.867000
vt 0.385000 0.891000
vt 0.386000 0.908000
vt 0.411000 0.901000
vt 0.409000 0.889000
vt 0.315000 0.721000
vt 0.262000 0.675000
vt 0.211000 0.632000
vt 0.163000 0.577000
vt 0.345637 0.773022
vt 0.372000 0.918000
vt 0.335000 0.938000
vt 0.372000 0.939000
vt 0.386839 0.925563
vt 0.381000 0.927000
vt 0.392000 0.922000
vt 0.419000 0.914000
vt 0.006000 0.768000
vt 0.043000 0.760000
vt 0.042000 0.774000
vt 0.056000 0.776000
vt 0.056000 0.763000
vt 0.049000 0.797000
vt 0.060000 0.798000
vt 0.564000 0.899000
vt 0.556000 0.895000
vt 0.545000 0.910000
vt 0.540000 0.908000
vt 0.534000 0.892000
vt 0.535000 0.915000
vt 0.553000 0.926000
vt 0.533000 0.931000
vt 0.524000 0.931000
vt 0.601000 0.873000
vt 0.605000 0.872000
vt 0.612000 0.875000
vt 0.606000 0.880000
vt 0.006000 0.948447
vt 0.042000 0.914000
vt 0.035000 0.886000
vt 0.048000 0.804000
vt 0.046000 0.816000
vt 0.055000 0.821000
vt 0.064000 0.840000
vt 0.044000 0.821000
vt 0.052000 0.847000
vt 0.040000 0.795000
vt 0.379000 0.374000
vt 0.397000 0.365000
vt 0.417000 0.331000
vt 0.395000 0.331000
vt 0.369000 0.339000
vt 0.357000 0.348000
vt 0.416000 0.362000
vt 0.432000 0.356000
vt 0.118000 0.199000
vt 0.138000 0.210000
vt 0.133001 0.232017
vt 0.098000 0.201000
vt 0.390000 0.287000
vt 0.399000 0.237000
vt 0.379000 0.242000
vt 0.374000 0.298000
vt 0.392589 0.192394
vt 0.378069 0.185189
vt 0.364000 0.236000
vt 0.519000 0.123000
vt 0.499396 0.151414
vt 0.531000 0.162000
vt 0.413000 0.942000
vt 0.438000 0.941000
vt 0.381598 0.962961
vt 0.412000 0.962000
vt 0.395000 0.939000
vt 0.395000 0.986000
vt 0.376000 0.973000
vt 0.498000 0.055000
vt 0.491000 0.083000
vt 0.506000 0.088000
vt 0.521000 0.069000
vt 0.355000 0.382000
vt 0.370000 0.379000
vt 0.083000 0.929000
vt 0.109000 0.962000
vt 0.117000 0.953000
vt 0.116932 0.941573
vt 0.094825 0.921305
vt 0.094000 0.928000
vt 0.078000 0.901000
vt 0.085000 0.881000
vt 0.078000 0.890000
vt 0.075442 0.887416
vt 0.470000 0.350000
vt 0.466000 0.318000
vt 0.548000 0.208000
vt 0.562000 0.190000
vt 0.542519 0.132076
vt 0.569000 0.217000
vt 0.573000 0.203000
vt 0.803000 0.618000
vt 0.807516 0.630152
vt 0.816781 0.623876
vt 0.786000 0.610000
vt 0.838000 0.598000
vt 0.835000 0.588000
vt 0.849786 0.611245
vt 0.890000 0.638000
vt 0.911000 0.637000
vt 0.920000 0.588000
vt 0.915579 0.572223
vt 0.897795 0.566035
vt 0.882000 0.567000
vt 0.925000 0.570064
vt 0.900329 0.555639
vt 0.917417 0.555594
vt 0.911570 0.565105
vt 0.877000 0.626000
vt 0.901156 0.571998
vt 0.865000 0.619000
vt 0.828000 0.632000
vt 0.858000 0.642000
vt 0.858000 0.656000
vt 0.870000 0.675000
vt 0.936000 0.481000
vt 0.900000 0.508000
vt 0.913000 0.530000
vt 0.936000 0.499000
vt 0.902000 0.477000
vt 0.867000 0.503000
vt 0.797000 0.433000
vt 0.770000 0.443000
vt 0.760000 0.479000
vt 0.778000 0.485000
vt 0.799000 0.492000
vt 0.813000 0.454000
vt 0.847000 0.519000
vt 0.855000 0.482000
vt 0.818099 0.527281
vt 0.819000 0.504000
vt 0.833673 0.478334
vt 0.872000 0.434000
vt 0.868000 0.411000
vt 0.821000 0.436000
vt 0.843889 0.454573
vt 0.821000 0.456000
vt 0.831000 0.472000
vt 0.867000 0.459000
vt 0.878000 0.473000
vt 0.320446 0.117321
vt 0.330000 0.095000
vt 0.337000 0.110000
vt 0.852800 0.534283
vt 0.755159 0.550082
vt 0.783834 0.565097
vt 0.783000 0.530000
vt 0.796000 0.539000
vt 0.875000 0.545000
vt 0.803788 0.583699
vt 0.795000 0.572000
vt 0.766000 0.559000
vt 0.775000 0.562000
vt 0.750000 0.584000
vt 0.757331 0.590490
vt 0.768408 0.591817
vt 0.818368 0.374984
vt 0.798000 0.378000
vt 0.782000 0.420000
vt 0.961000 0.985000
vt 0.947000 0.980000
vt 0.959000 0.938000
vt 0.974129 0.905655
vt 0.918000 0.921000
vt 0.908000 0.902000
vt 0.933000 0.899000
vt 0.941000 0.918000
vt 0.928000 0.961000
vt 0.923000 0.942000
vt 0.973000 0.905000
vt 0.971945 0.893197
vt 0.063000 0.948000
vt 0.070000 0.868000
vt 0.006000 0.834799
vt 0.293000 0.111000
vt 0.304000 0.108000
vt 0.291598 0.117631
vt 0.282000 0.106000
vt 0.277000 0.108000
vt 0.947000 0.645000
vt 0.972442 0.624573
vt 0.954980 0.619680
vt 0.932000 0.645000
vt 0.845000 0.391000
vt 0.267000 0.092000
vt 0.292000 0.099000
vt 0.278000 0.102000
vt 0.265270 0.099654
vt 0.268242 0.049839
vt 0.268857 0.066797
vt 0.269000 0.058000
vt 0.265337 0.039301
vt 0.257000 0.025000
vt 0.277000 0.011000
vt 0.255743 0.125000
vt 0.263000 0.135000
vt 0.256000 0.138000
vt 0.245032 0.120614
vt 0.230000 0.042000
vt 0.255914 0.045172
vt 0.234000 0.058000
vt 0.257000 0.085000
vt 0.231000 0.101000
vt 0.223000 0.076000
vt 0.190000 0.114000
vt 0.169536 0.096414
vt 0.209000 0.129000
vt 0.229000 0.128000
vt 0.210000 0.144000
vt 0.228000 0.141000
vt 0.266000 0.150000
vt 0.244000 0.144000
vt 0.265000 0.144000
vt 0.284000 0.252000
vt 0.251000 0.260000
vt 0.258000 0.236000
vt 0.289000 0.230000
vt 0.279328 0.285404
vt 0.250000 0.284000
vt 0.212000 0.270000
vt 0.223000 0.308896
vt 0.255000 0.308000
vt 0.199000 0.303000
vt 0.185000 0.262000
vt 0.177000 0.311000
vt 0.165005 0.277999
vt 0.209000 0.343000
vt 0.188002 0.357010
vt 0.269637 0.190937
vt 0.295000 0.211000
vt 0.234000 0.239000
vt 0.240000 0.197000
vt 0.199000 0.238000
vt 0.205000 0.202000
vt 0.235000 0.351000
vt 0.248000 0.349000
vt 0.250475 0.390022
vt 0.228531 0.399717
vt 0.215783 0.364743
vt 0.197107 0.355430
vt 0.269000 0.410000
vt 0.267186 0.431000
vt 0.260311 0.448845
vt 0.268000 0.445000
vt 0.275098 0.448176
vt 0.274666 0.375693
vt 0.286013 0.352107
vt 0.293101 0.353544
vt 0.285407 0.396669
vt 0.286000 0.331000
vt 0.282000 0.312000
vt 0.304000 0.315000
vt 0.298000 0.334000
vt 0.297999 0.284010
vt 0.310000 0.258000
vt 0.329000 0.212000
vt 0.320000 0.234000
vt 0.475000 0.201000
vt 0.480067 0.241942
vt 0.481000 0.203000
vt 0.493000 0.218000
vt 0.488000 0.201000
vt 0.384773 0.029703
vt 0.410000 0.055000
vt 0.390237 0.072588
vt 0.386691 0.068462
vt 0.367920 0.024875
vt 0.824000 0.635000
vt 0.422384 0.077169
vt 0.424000 0.101000
vt 0.410000 0.092000
vt 0.351000 0.217000
vt 0.337000 0.243000
vt 0.353000 0.236000
vt 0.360000 0.258000
vt 0.306000 0.191000
vt 0.315000 0.180000
vt 0.333000 0.190000
vt 0.958000 0.563000
vt 0.982056 0.598703
vt 0.983131 0.585944
vt 0.965000 0.554000
vt 0.984000 0.660000
vt 0.973215 0.544093
vt 0.983000 0.570000
vt 0.979000 0.539000
vt 0.948000 0.581000
vt 0.952000 0.599000
vt 0.143000 0.197000
vt 0.156940 0.188211
vt 0.152000 0.219000
vt 0.116834 0.321849
vt 0.164000 0.349000
vt 0.151000 0.329000
vt 0.151000 0.247000
vt 0.172000 0.239000
vt 0.117000 0.341000
vt 0.320000 0.341000
vt 0.327000 0.317000
vt 0.318000 0.294000
vt 0.342000 0.306000
vt 0.334000 0.262000
vt 0.355000 0.272000
vt 0.318000 0.362000
vt 0.291304 0.424088
vt 0.286000 0.439000
vt 0.160000 0.455000
vt 0.161392 0.439271
vt 0.181000 0.432000
vt 0.184000 0.450000
vt 0.163000 0.399000
vt 0.200000 0.432000
vt 0.203000 0.450000
vt 0.171749 0.385545
vt 0.186069 0.392390
vt 0.149000 0.359000
vt 0.129000 0.383000
vt 0.125000 0.364000
vt 0.090000 0.293000
vt 0.112000 0.282000
vt 0.215470 0.440850
vt 0.242512 0.450040
vt 0.216000 0.464000
vt 0.203000 0.465000
vt 0.271167 0.509668
vt 0.283000 0.485000
vt 0.236000 0.502131
vt 0.245254 0.517111
vt 0.296172 0.479099
vt 0.261000 0.517000
vt 0.295683 0.492843
vt 0.284000 0.506000
vt 0.230350 0.544642
vt 0.224890 0.541183
vt 0.217411 0.567913
vt 0.211577 0.563694
vt 0.205000 0.493000
vt 0.198000 0.487000
vt 0.216000 0.542000
vt 0.224543 0.509743
vt 0.202533 0.568538
vt 0.204000 0.580000
vt 0.213216 0.582760
vt 0.197034 0.591703
vt 0.189390 0.477310
vt 0.414083 0.277632
vt 0.421000 0.232000
vt 0.420000 0.203000
vt 0.211000 0.163000
vt 0.209000 0.165000
vt 0.218000 0.150000
vt 0.260000 0.159000
vt 0.246970 0.152993
vt 0.267554 0.164000
vt 0.234000 0.187000
vt 0.208000 0.187000
vt 0.225000 0.178000
vt 0.236000 0.147229
vt 0.231568 0.154137
vt 0.211000 0.175000
vt 0.223240 0.169484
vt 0.260049 0.177476
vt 0.274000 0.184000
vt 0.235000 0.549000
vt 0.253098 0.532484
vt 0.192000 0.569000
vt 0.203703 0.547131
vt 0.196477 0.576091
vt 0.237189 0.562816
vt 0.220000 0.585000
vt 0.989074 0.289817
vt 0.991000 0.318000
vt 0.982000 0.319000
vt 0.977203 0.288821
vt 0.992000 0.329000
vt 0.984000 0.330000
vt 0.990030 0.343602
vt 0.971000 0.257000
vt 0.987941 0.246782
vt 0.253000 0.541000
vt 0.216881 0.514663
vt 0.189278 0.509722
vt 0.189013 0.496987
vt 0.177992 0.506512
vt 0.179000 0.497000
vt 0.158730 0.518271
vt 0.160000 0.508000
vt 0.165336 0.525320
vt 0.154090 0.533348
vt 0.195000 0.515000
vt 0.171462 0.530188
vt 0.211000 0.505000
vt 0.153253 0.505658
vt 0.170000 0.493000
vt 0.197000 0.522000
vt 0.178294 0.534345
vt 0.940000 0.076000
vt 0.963076 0.078582
vt 0.962706 0.089000
vt 0.939000 0.088000
vt 0.976000 0.079000
vt 0.972000 0.092000
vt 0.987021 0.091601
vt 0.925000 0.090000
vt 0.922000 0.076000
vt 0.210000 0.519000
vt 0.172000 0.480000
vt 0.977000 0.223000
vt 0.960000 0.205000
vt 0.989029 0.207019
vt 0.279908 0.548715
vt 0.272935 0.550734
vt 0.289676 0.579886
vt 0.282314 0.579240
vt 0.266000 0.557000
vt 0.279680 0.586580
vt 0.289000 0.595000
vt 0.297555 0.595482
vt 0.282720 0.599427
vt 0.293523 0.607867
vt 0.287000 0.549000
vt 0.297582 0.582908
vt 0.286388 0.519445
vt 0.274028 0.593465
vt 0.268000 0.579000
vt 0.955000 0.307000
vt 0.948000 0.325000
vt 0.937943 0.322228
vt 0.945000 0.335000
vt 0.937000 0.332000
vt 0.935222 0.346020
vt 0.949000 0.279000
vt 0.962000 0.282000
vt 0.953000 0.248000
vt 0.296000 0.548000
vt 0.304023 0.586205
vt 0.294000 0.526000
vt 0.259000 0.559000
vt 0.314681 0.516840
vt 0.311133 0.523080
vt 0.326852 0.526697
vt 0.324201 0.531837
vt 0.308468 0.533915
vt 0.335331 0.546999
vt 0.343789 0.548219
vt 0.322000 0.517000
vt 0.344150 0.529679
vt 0.351006 0.537335
vt 0.308944 0.497056
vt 0.335000 0.553000
vt 0.322000 0.546000
vt 0.327202 0.509687
vt 0.351000 0.529000
vt 0.932000 0.243000
vt 0.927000 0.260000
vt 0.917000 0.257000
vt 0.926657 0.220802
vt 0.924000 0.270000
vt 0.914000 0.267000
vt 0.939000 0.224000
vt 0.930000 0.194000
vt 0.950000 0.203000
vt 0.313000 0.498000
vt 0.917112 0.156544
vt 0.954000 0.131000
vt 0.953000 0.158000
vt 0.300107 0.461884
vt 0.490000 0.357000
vt 0.514994 0.309978
vt 0.324636 0.485958
vt 0.325914 0.490743
vt 0.340009 0.484404
vt 0.341541 0.489000
vt 0.323000 0.498663
vt 0.339451 0.496031
vt 0.355836 0.490966
vt 0.359305 0.484734
vt 0.355678 0.480211
vt 0.323000 0.478000
vt 0.340410 0.474598
vt 0.306000 0.478000
vt 0.907069 0.216924
vt 0.891000 0.223000
vt 0.898000 0.211000
vt 0.892000 0.236000
vt 0.885000 0.233000
vt 0.909000 0.197000
vt 0.920000 0.203000
vt 0.918000 0.178000
vt 0.324000 0.472000
vt 0.310000 0.470000
vt 0.176000 0.085000
vt 0.215000 0.062000
vt 0.137000 0.117000
vt 0.108000 0.087000
vt 0.147143 0.089481
vt 0.147000 0.068000
vt 0.166000 0.059000
vt 0.171000 0.074000
vt 0.139495 0.076796
vt 0.953000 0.836000
vt 0.978936 0.828359
vt 0.934000 0.863000
vt 0.075927 0.653185
vt 0.074000 0.608000
vt 0.090000 0.585000
vt 0.100056 0.710290
vt 0.089000 0.720000
vt 0.097779 0.745644
vt 0.079000 0.725000
vt 0.061820 0.677864
vt 0.099657 0.754597
vt 0.053000 0.625000
vt 0.104797 0.747598
vt 0.109194 0.725904
vt 0.119734 0.728899
vt 0.116000 0.710000
vt 0.125000 0.672000
vt 0.146327 0.673287
vt 0.133000 0.639000
vt 0.164080 0.684920
vt 0.163304 0.708696
vt 0.134000 0.738000
vt 0.114000 0.667000
vt 0.161000 0.043000
vt 0.176000 0.031000
vt 0.186000 0.055000
vt 0.824000 0.224000
vt 0.847000 0.227000
vt 0.832705 0.189975
vt 0.801245 0.182837
vt 0.889576 0.123848
vt 0.850000 0.158000
vt 0.888000 0.188000
vt 0.852677 0.060034
vt 0.824779 0.071840
vt 0.761840 0.188222
vt 0.790843 0.193494
vt 0.873000 0.214000
vt 0.815324 0.161568
vt 0.755656 0.211525
vt 0.753583 0.218541
vt 0.768714 0.213727
vt 0.758770 0.246497
vt 0.784000 0.243000
vt 0.783149 0.212921
vt 0.884000 0.834000
vt 0.845472 0.816689
vt 0.881000 0.797000
vt 0.905000 0.808000
vt 0.832000 0.274000
vt 0.870000 0.264000
vt 0.807000 0.309000
vt 0.769020 0.151223
vt 0.786551 0.116595
vt 0.760000 0.125000
vt 0.743237 0.153566
vt 0.764059 0.173439
vt 0.751086 0.184532
vt 0.844000 0.324000
vt 0.891000 0.292000
vt 0.907797 0.770700
vt 0.752000 0.937000
vt 0.801000 0.920000
vt 0.816000 0.938000
vt 0.759000 0.960000
vt 0.736000 0.957000
vt 0.731000 0.939000
vt 0.647873 0.939521
vt 0.655000 0.926000
vt 0.709000 0.931000
vt 0.611218 0.917654
vt 0.604773 0.917925
vt 0.724421 0.897288
vt 0.777000 0.879000
vt 0.653000 0.913000
vt 0.188000 0.806000
vt 0.220000 0.794000
vt 0.241000 0.834000
vt 0.191000 0.856000
vt 0.185000 0.773000
vt 0.198999 0.754397
vt 0.149480 0.865149
vt 0.165092 0.785176
vt 0.119000 0.850000
vt 0.147072 0.780109
vt 0.099000 0.841000
vt 0.182093 0.738864
vt 0.195000 0.900000
vt 0.948117 0.748462
vt 0.954000 0.793000
vt 0.976000 0.691000
vt 0.952000 0.704000
vt 0.111000 0.890000
vt 0.415889 0.655141
vt 0.375333 0.681435
vt 0.350920 0.729347
vt 0.397000 0.634000
vt 0.364632 0.669999
vt 0.385000 0.617000
vt 0.755000 0.850000
vt 0.756000 0.817000
vt 0.790000 0.811000
vt 0.779000 0.847000
vt 0.894000 0.935000
vt 0.864000 0.975000
vt 0.828000 0.951000
vt 0.893000 0.927000
vt 0.685000 0.872000
vt 0.669000 0.827000
vt 0.689888 0.818631
vt 0.714120 0.856797
vt 0.785000 0.851000
vt 0.746804 0.866094
vt 0.707411 0.877221
vt 0.627559 0.883064
vt 0.643000 0.895000
vt 0.145210 0.067801
vt 0.134000 0.056000
vt 0.143000 0.055000
vt 0.778455 0.078030
vt 0.782544 0.059376
vt 0.754000 0.051000
vt 0.772000 0.044000
vt 0.755000 0.024000
vt 0.793547 0.040883
vt 0.944000 0.389000
vt 0.988000 0.393000
vt 0.981980 0.369001
vt 0.889883 0.375364
vt 0.904902 0.406361
vt 0.912000 0.391000
vt 0.029000 0.141000
vt 0.018237 0.143576
vt 0.024885 0.113384
vt 0.014000 0.118000
vt 0.039400 0.189150
vt 0.014000 0.186000
vt 0.064000 0.218000
vt 0.061331 0.224666
vt 0.014000 0.225000
vt 0.014000 0.037912
vt 0.025020 0.080000
vt 0.029000 0.038000
vt 0.014000 0.260000
vt 0.053000 0.233000
vt 0.050000 0.252000
vt 0.063000 0.255000
vt 0.064000 0.268000
vt 0.050000 0.266000
vt 0.057000 0.289000
vt 0.067000 0.290000
vt 0.014000 0.440432
vt 0.042000 0.377000
vt 0.050000 0.406000
vt 0.062000 0.313000
vt 0.054000 0.307000
vt 0.056000 0.296000
vt 0.072000 0.332000
vt 0.059000 0.339000
vt 0.051000 0.313000
vt 0.047000 0.286000
vt 0.093216 0.422072
vt 0.124000 0.445000
vt 0.116000 0.454000
vt 0.102301 0.413620
vt 0.102000 0.419000
vt 0.126000 0.433000
vt 0.085000 0.393000
vt 0.083073 0.379277
vt 0.086000 0.382000
vt 0.093000 0.372000
vt 0.071000 0.440000
vt 0.014000 0.325842
vt 0.077000 0.359000
vt 0.772253 0.978000
vt 0.740000 0.975000
vt 0.799000 0.868000
vt 0.597000 0.747000
vt 0.611000 0.783000
vt 0.641657 0.777045
vt 0.621000 0.733000
vt 0.637155 0.690971
vt 0.606000 0.693000
vt 0.560779 0.685558
vt 0.537387 0.698698
vt 0.573041 0.681810
vt 0.570246 0.651844
vt 0.587360 0.643058
vt 0.585629 0.661774
vt 0.592705 0.629397
vt 0.582471 0.650471
vt 0.645000 0.790000
vt 0.642073 0.805000
vt 0.640581 0.819564
vt 0.650000 0.809000
vt 0.653000 0.790000
vt 0.648038 0.761067
vt 0.651000 0.753000
vt 0.660212 0.754390
vt 0.408882 0.743884
vt 0.669471 0.719178
vt 0.437898 0.697153
vt 0.360537 0.449847
vt 0.379094 0.469981
vt 0.413150 0.476770
vt 0.442608 0.446495
vt 0.434253 0.519839
vt 0.459955 0.551686
vt 0.331513 0.435316
vt 0.300284 0.429852
vt 0.445462 0.419781
vt 0.520935 0.549049
vt 0.500545 0.610666
vt 0.450849 0.647901
vt 0.474161 0.654703
vt 0.584116 0.550101
vt 0.585218 0.532435
vt 0.590018 0.563774
vt 0.614120 0.573360
vt 0.616456 0.559728
vt 0.626759 0.561517
vt 0.630688 0.567953
vt 0.574000 0.413000
vt 0.603000 0.416000
vt 0.747439 0.675878
vt 0.740927 0.662640
vt 0.735040 0.686503
vt 0.721310 0.614171
vt 0.706749 0.603142
vt 0.705000 0.612000
vt 0.711000 0.625000
vt 0.697238 0.598857
vt 0.696583 0.628192
vt 0.694551 0.607591
vt 0.698000 0.662991
vt 0.753342 0.659444
vt 0.674878 0.636194
vt 0.681018 0.674579
vt 0.770298 0.630316
vt 0.742901 0.600829
vt 0.718092 0.598788
vt 0.686424 0.615516
vt 0.387392 0.495755
vt 0.392130 0.522609
vt 0.666532 0.469440
vt 0.856958 0.720770
vt 0.845322 0.726536
vt 0.846325 0.710907
vt 0.837899 0.717499
vt 0.824228 0.677025
vt 0.809381 0.670797
vt 0.817888 0.689603
vt 0.801544 0.680633
vt 0.855000 0.694000
vt 0.869000 0.703000
vt 0.793070 0.700420
vt 0.829352 0.730116
vt 0.842420 0.667140
vt 0.824043 0.666000
vt 0.691000 0.461000
vt 0.848000 0.762000
vt 0.699000 0.454000
vt 0.840000 0.774000
vt 0.716477 0.751306
vt 0.729321 0.761541
vt 0.747292 0.753825
vt 0.737487 0.742708
vt 0.778490 0.720000
vt 0.783020 0.739294
vt 0.794802 0.723385
vt 0.727526 0.728428
vt 0.748641 0.771015
vt 0.763828 0.774594
vt 0.790000 0.765000
vt 0.751000 0.704000
vt 0.727625 0.714594
vt 0.798047 0.738627
vt 0.638852 0.823144
vt 0.628000 0.839000
vt 0.281847 0.890629
vt 0.338139 0.844485
vt 0.329644 0.878097
vt 0.337354 0.897097
vt 0.355669 0.777446
vt 0.368000 0.782852
vt 0.368000 0.799000
vt 0.339097 0.790014
vt 0.372922 0.839974
vt 0.376055 0.850000
vt 0.373866 0.873708
vt 0.372596 0.892808
vt 0.379000 0.858000
vt 0.347000 0.772000
vt 0.386863 0.925480
vt 0.558377 0.901536
vt 0.601709 0.872823
vt 0.150640 0.246700
vt 0.377599 0.187303
vt 0.392384 0.196085
vt 0.500101 0.148597
vt 0.382632 0.962547
vt 0.816760 0.623959
vt 0.807061 0.629892
vt 0.849937 0.611375
vt 0.915438 0.572792
vt 0.898678 0.565220
vt 0.925000 0.570483
vt 0.899869 0.555890
vt 0.917403 0.555599
vt 0.902000 0.583000
vt 0.901703 0.571286
vt 0.912364 0.563617
vt 0.817515 0.527982
vt 0.833644 0.478332
vt 0.843912 0.454524
vt 0.320375 0.117306
vt 0.852858 0.534234
vt 0.755158 0.550085
vt 0.783828 0.565100
vt 0.803787 0.583700
vt 0.757332 0.590488
vt 0.768409 0.591818
vt 0.967000 0.898000
vt 0.291590 0.117633
vt 0.953000 0.621000
vt 0.965642 0.625792
vt 0.265042 0.099608
vt 0.282593 0.073566
vt 0.266000 0.039000
vt 0.255221 0.125000
vt 0.243000 0.124000
vt 0.255860 0.045393
vt 0.181000 0.094000
vt 0.285919 0.243557
vt 0.279489 0.283149
vt 0.223000 0.304701
vt 0.165000 0.278000
vt 0.187929 0.356594
vt 0.267000 0.205000
vt 0.207563 0.189184
vt 0.228590 0.398254
vt 0.250451 0.390209
vt 0.215651 0.365198
vt 0.197087 0.355349
vt 0.260281 0.448417
vt 0.268638 0.431000
vt 0.270823 0.446210
vt 0.274654 0.375701
vt 0.292775 0.355908
vt 0.286014 0.352115
vt 0.282000 0.412000
vt 0.304106 0.314906
vt 0.298012 0.283851
vt 0.480359 0.241960
vt 0.384883 0.030649
vt 0.386865 0.068427
vt 0.390302 0.072566
vt 0.367964 0.025013
vt 0.421515 0.076560
vt 0.345087 0.239462
vt 0.968000 0.585000
vt 0.982643 0.585407
vt 0.982765 0.599116
vt 0.982000 0.628000
vt 0.972954 0.544788
vt 0.157141 0.204259
vt 0.134421 0.253971
vt 0.149264 0.322404
vt 0.163965 0.348858
vt 0.114000 0.323000
vt 0.291272 0.424185
vt 0.161457 0.439348
vt 0.199774 0.431487
vt 0.172620 0.389802
vt 0.215566 0.442142
vt 0.245211 0.459036
vt 0.271084 0.509338
vt 0.236000 0.501067
vt 0.245396 0.516615
vt 0.280000 0.457000
vt 0.292000 0.474000
vt 0.295693 0.492830
vt 0.301000 0.485000
vt 0.224872 0.541226
vt 0.230210 0.544973
vt 0.211573 0.563706
vt 0.217325 0.568072
vt 0.200875 0.497584
vt 0.224617 0.509298
vt 0.202552 0.568477
vt 0.213110 0.582881
vt 0.197035 0.591703
vt 0.190996 0.470352
vt 0.414120 0.277585
vt 0.228306 0.149063
vt 0.247583 0.153146
vt 0.263779 0.162779
vt 0.273000 0.164000
vt 0.226825 0.172526
vt 0.234290 0.146697
vt 0.232000 0.155000
vt 0.223061 0.169238
vt 0.216973 0.164049
vt 0.270000 0.189000
vt 0.259831 0.177585
vt 0.253224 0.532463
vt 0.196476 0.576096
vt 0.203824 0.546874
vt 0.237374 0.562554
vt 0.989044 0.289484
vt 0.977157 0.288481
vt 0.990029 0.343602
vt 0.988298 0.245085
vt 0.217596 0.513681
vt 0.184650 0.501234
vt 0.190500 0.508500
vt 0.158461 0.517959
vt 0.154095 0.533354
vt 0.170486 0.525514
vt 0.164172 0.523711
vt 0.171331 0.530261
vt 0.153102 0.506062
vt 0.177917 0.534452
vt 0.963083 0.089000
vt 0.963429 0.078633
vt 0.987019 0.091605
vt 0.989056 0.207037
vt 0.273029 0.551076
vt 0.279895 0.548692
vt 0.277037 0.567702
vt 0.290733 0.582211
vt 0.280179 0.587495
vt 0.288688 0.594064
vt 0.297555 0.595482
vt 0.282717 0.599428
vt 0.293522 0.607868
vt 0.297599 0.582996
vt 0.286451 0.519420
vt 0.274032 0.593460
vt 0.260439 0.562198
vt 0.960881 0.285998
vt 0.938045 0.321820
vt 0.935223 0.346021
vt 0.303982 0.585838
vt 0.311190 0.523114
vt 0.315854 0.517759
vt 0.326506 0.533094
vt 0.333000 0.531000
vt 0.310000 0.532000
vt 0.335687 0.547212
vt 0.343790 0.548231
vt 0.344271 0.529765
vt 0.351049 0.537348
vt 0.308974 0.497026
vt 0.308617 0.538472
vt 0.328445 0.510397
vt 0.937855 0.227108
vt 0.926302 0.222667
vt 0.917726 0.143037
vt 0.295195 0.455744
vt 0.515000 0.310000
vt 0.325813 0.490759
vt 0.324614 0.485948
vt 0.341368 0.489000
vt 0.340011 0.484404
vt 0.323000 0.498715
vt 0.339437 0.496070
vt 0.355884 0.490974
vt 0.359565 0.484792
vt 0.356760 0.480240
vt 0.343098 0.476938
vt 0.339000 0.471000
vt 0.350000 0.472000
vt 0.907074 0.216918
vt 0.164512 0.095667
vt 0.150143 0.089075
vt 0.141000 0.078000
vt 0.075835 0.652472
vt 0.100043 0.710934
vt 0.096000 0.746000
vt 0.102778 0.746186
vt 0.061167 0.674469
vt 0.100428 0.754073
vt 0.103194 0.754731
vt 0.119725 0.728913
vt 0.109236 0.726014
vt 0.146315 0.673328
vt 0.165132 0.706868
vt 0.164093 0.684907
vt 0.846000 0.815000
vt 0.907794 0.770699
vt 0.700000 0.960000
vt 0.644000 0.938000
vt 0.611219 0.917657
vt 0.604776 0.917929
vt 0.724431 0.897285
vt 0.198990 0.754379
vt 0.149089 0.868016
vt 0.160000 0.807000
vt 0.167000 0.777000
vt 0.145741 0.781605
vt 0.182087 0.738850
vt 0.193009 0.903982
vt 0.943000 0.747000
vt 0.904000 0.978000
vt 0.687982 0.818385
vt 0.662000 0.857000
vt 0.746964 0.866056
vt 0.712559 0.857028
vt 0.707104 0.877336
vt 0.625000 0.885000
vt 0.948000 0.371000
vt 0.893000 0.379000
vt 0.887000 0.372000
vt 0.909000 0.408000
vt 0.904000 0.406000
vt 0.878972 0.380875
vt 0.769426 0.978000
vt 0.586393 0.346897
vt 0.562000 0.075000
vt 0.613000 0.056000
vt 0.637000 0.035000
vt 0.281000 0.943000
vt 0.351000 0.679015
vt 0.593000 0.846000
vt 0.553000 0.683000
vt 0.531000 0.626000
vt 0.538000 0.653000
vt 0.529000 0.660000
vt 0.545000 0.641000
vt 0.601000 0.639000
vt 0.616000 0.646000
vt 0.648136 0.640339
vt 0.437000 0.628000
vt 0.420000 0.613000
vt 0.527000 0.653000
vt 0.510000 0.640000
vt 0.649000 0.787000
vt 0.653908 0.763543
vt 0.501000 0.744000
vt 0.450000 0.649000
vt 0.547000 0.524000
vt 0.528000 0.525000
vt 0.499000 0.369000
vt 0.562419 0.579385
vt 0.564000 0.596000
vt 0.698000 0.510000
vt 0.683000 0.473000
vt 0.701000 0.483000
vt 0.714000 0.492000
vt 0.795105 0.683368
vt 0.741000 0.458000
vt 0.703000 0.574000
vt 0.779367 0.713138
vt 0.730000 0.778000
vt 0.729000 0.554000
vt 0.726000 0.573000
vt 0.710000 0.560000
vt 0.612963 0.863019
vt 0.343000 0.860000
vt 0.342000 0.888000
vt 0.378000 0.838000
vt 0.371000 0.864000
vt 0.379000 0.866000
vt 0.375000 0.908000
vt 0.379000 0.905000
vt 0.492000 0.904000
vt 0.333504 0.744992
vt 0.346000 0.750000
vt 0.342000 0.756000
vt 0.356000 0.761000
vt 0.389000 0.825000
vt 0.048000 0.758000
vt 0.061000 0.742000
vt 0.640000 0.862000
vt 0.059000 0.979000
vt 0.117000 0.988000
vt 0.105847 0.972454
vt 0.576000 0.888000
vt 0.589000 0.865000
vt 0.584000 0.882000
vt 0.589000 0.886000
vt 0.585000 0.893000
vt 0.573000 0.899000
vt 0.560000 0.906000
vt 0.547000 0.916000
vt 0.540000 0.913000
vt 0.360000 0.961000
vt 0.373000 0.951000
vt 0.362000 0.949000
vt 0.519000 0.920000
vt 0.511000 0.928000
vt 0.547000 0.942000
vt 0.526000 0.940000
vt 0.550000 0.921000
vt 0.580000 0.910000
vt 0.449000 0.282000
vt 0.479000 0.051000
vt 0.444000 0.043000
vt 0.461000 0.209000
vt 0.449000 0.205000
vt 0.402000 0.182000
vt 0.390000 0.164000
vt 0.466000 0.191000
vt 0.483000 0.175000
vt 0.515000 0.190000
vt 0.420000 0.181000
vt 0.481000 0.285000
vt 0.466456 0.185848
vt 0.434000 0.178000
vt 0.451000 0.183000
vt 0.520000 0.211000
vt 0.551000 0.080000
vt 0.889000 0.682000
vt 0.916000 0.688000
vt 0.993000 0.520000
vt 0.992000 0.501000
vt 0.942000 0.525000
vt 0.316000 0.159000
vt 0.318000 0.136000
vt 0.338000 0.152000
vt 0.335000 0.167000
vt 0.383000 0.100000
vt 0.356000 0.108000
vt 0.348000 0.088000
vt 0.339000 0.128000
vt 0.338000 0.125000
vt 0.943000 0.660000
vt 0.006000 0.974000
vt 0.168000 0.154000
vt 0.178000 0.161000
vt 0.159000 0.169000
vt 0.121000 0.975000
vt 0.329000 0.077000
vt 0.283053 0.074032
vt 0.268000 0.076000
vt 0.300000 0.140000
vt 0.311000 0.144000
vt 0.956000 0.501000
vt 0.250000 0.073000
vt 0.253000 0.060000
vt 0.254000 0.051000
vt 0.254412 0.036177
vt 0.241000 0.028000
vt 0.275000 0.127000
vt 0.270000 0.119000
vt 0.263000 0.114000
vt 0.261000 0.106000
vt 0.277000 0.133000
vt 0.264000 0.127000
vt 0.287000 0.152000
vt 0.184000 0.152000
vt 0.193000 0.173000
vt 0.182000 0.174000
vt 0.245000 0.132000
vt 0.300000 0.171000
vt 0.284000 0.171000
vt 0.281000 0.163000
vt 0.274000 0.175000
vt 0.164000 0.208000
vt 0.144000 0.175000
vt 0.129000 0.958000
vt 0.270000 0.352332
vt 0.494000 0.243000
vt 0.400000 0.029000
vt 0.350000 0.036000
vt 0.364000 0.064000
vt 0.352000 0.052000
vt 0.392784 0.073176
vt 0.427000 0.055000
vt 0.985000 0.611000
vt 0.940000 0.614000
vt 0.121000 0.192000
vt 0.183045 0.471818
vt 0.217000 0.164000
vt 0.245000 0.188000
vt 0.255000 0.171000
vt 0.243000 0.177000
vt 0.249015 0.162985
vt 0.230000 0.169000
vt 0.244000 0.162000
vt 0.237000 0.178000
vt 0.232000 0.146000
vt 0.227000 0.172000
vt 0.250000 0.185000
vt 0.977386 0.182818
vt 0.345189 0.540549
vt 0.358000 0.551000
vt 0.914000 0.284000
vt 0.927000 0.112000
vt 0.883000 0.245000
vt 0.991000 0.220000
vt 0.220000 0.056000
vt 0.858000 0.858000
vt 0.468000 0.690000
vt 0.483000 0.681000
vt 0.478000 0.704000
vt 0.102478 0.755269
vt 0.109000 0.595000
vt 0.123000 0.601000
vt 0.881603 0.347899
vt 0.878000 0.898000
vt 0.855000 0.884000
vt 0.820000 0.876000
vt 0.218000 0.872000
vt 0.086000 0.812000
vt 0.122000 0.781000
vt 0.156802 0.744798
vt 0.146000 0.923000
vt 0.125000 0.908000
vt 0.917000 0.743000
vt 0.180000 0.930000
vt 0.772019 0.334757
vt 0.954916 0.673418
vt 0.796000 0.204000
vt 0.904000 0.074000
vt 0.829000 0.035000
vt 0.779000 0.031000
vt 0.493000 0.680000
vt 0.940000 0.431000
vt 0.055000 0.249000
vt 0.068000 0.234000
vt 0.067000 0.471000
vt 0.068000 0.450000
vt 0.124376 0.479021
vt 0.119000 0.465000
vt 0.014000 0.465000
vt 0.136000 0.449000
vt 0.696215 0.335262
vt 0.593005 0.845974
vt 0.528804 0.659313
vt 0.648128 0.640320
vt 0.653942 0.763713
vt 0.560402 0.580970
vt 0.795106 0.683362
vt 0.779373 0.713140
vt 0.767000 0.704000
vt 0.798000 0.753000
vt 0.615328 0.861836
vt 0.333000 0.746000
vt 0.548527 0.918544
vt 0.465676 0.186108
vt 0.260000 0.064000
vt 0.266000 0.050000
vt 0.254709 0.035581
vt 0.249000 0.114000
vt 0.167323 0.155129
vt 0.157000 0.188000
vt 0.270000 0.354143
vt 0.392755 0.073132
vt 0.507000 0.282000
vt 0.183901 0.472161
vt 0.248124 0.163876
vt 0.979013 0.183161
vt 0.345073 0.540485
vt 0.841000 0.831000
vt 0.829000 0.813000
vt 0.156818 0.744783
vt 0.954768 0.674161
s 1
f 9/1/1 8/2/2 7/3/3
f 9/1/1 7/3/3 6/4/4
f 11/5/5 10/6/6 1/7/7
f 11/5/5 1/7/7 2/8/8
f 11/5/5 2/8/8 12/9/9
f 19/10/10 8/2/2 15/11/11
f 6/4/4 7/3/3 3/12/12
f 6/4/4 3/12/12 4/13/13
f 7/3/3 8/2/2 5/14/14
f 7/3/3 5/14/14 3/12/12
f 14/15/15 17/16/16 19/10/10
f 14/15/15 19/10/10 15/11/11
f 18/17/17 17/16/16 14/15/15
f 19/10/10 17/16/16 20/18/18
f 20/18/18 17/16/16 886/19/19
f 18/17/17 886/19/19 17/16/16
f 18/17/17 14/15/15 23/20/20
f 24/21/21 22/22/22 18/17/17
f 24/21/21 18/17/17 25/23/23
f 25/23/23 18/17/17 23/20/20
f 25/23/23 23/20/20 26/24/24
f 28/25/25 9/1/1 6/4/4
f 25/23/23 26/24/24 9/1/1
f 25/23/23 9/1/1 28/25/25
f 29/26/26 27/27/27 24/21/21
f 29/26/26 24/21/21 28/25/25
f 30/28/28 31/29/29 13/30/30
f 30/28/28 13/30/30 5/14/14
f 30/28/28 896/31/31 31/29/29
f 16/32/32 19/10/10 32/33/33
f 30/28/28 16/32/32 21/34/34
f 29/26/26 28/25/25 33/35/35
f 55/36/36 27/27/27 35/37/37
f 36/38/38 26/24/24 14/15/15
f 12/9/9 5/14/14 13/30/30
f 12/9/9 13/30/30 39/39/39
f 39/39/39 13/30/30 31/29/29
f 39/39/39 31/29/29 40/40/40
f 40/40/40 31/29/29 896/31/31
f 40/40/40 896/31/31 41/41/41
f 45/42/42 42/43/43 46/44/44
f 42/43/43 41/41/41 47/45/45
f 42/43/43 47/45/45 46/44/44
f 45/42/42 44/46/46 43/47/47
f 45/42/42 43/47/47 42/43/43
f 50/48/48 49/49/49 37/50/50
f 50/48/48 46/51/44 51/52/51
f 50/48/48 51/52/51 49/49/49
f 44/53/46 45/54/42 50/48/48
f 46/51/44 48/55/52 51/52/51
f 47/45/45 48/56/52 46/44/44
f 54/57/53 53/58/54 52/59/55
f 52/59/55 58/60/56 54/57/53
f 55/61/36 35/62/37 57/63/57
f 57/63/57 59/64/58 58/60/56
f 57/63/57 58/60/56 52/59/55
f 60/65/59 61/66/60 62/67/61
f 64/68/62 60/65/59 65/69/63
f 88/70/64 64/68/62 65/69/63
f 88/70/64 65/69/63 110/71/65
f 61/66/60 67/72/66 76/73/67
f 61/66/60 76/73/67 74/74/68
f 82/75/69 81/76/70 80/77/71
f 67/72/66 86/78/72 83/79/73
f 67/72/66 83/79/73 76/73/67
f 85/80/74 83/79/73 86/78/72
f 85/80/74 86/78/72 87/81/75
f 82/75/69 79/82/76 92/83/77
f 82/75/69 92/83/77 77/84/78
f 75/85/79 78/86/80 91/87/81
f 91/87/81 93/88/82 97/89/83
f 91/87/81 97/89/83 94/90/84
f 92/83/77 96/91/85 98/92/86
f 92/83/77 98/92/86 97/89/83
f 85/80/74 87/81/75 100/93/87
f 85/80/74 100/93/87 114/94/88
f 93/88/82 92/83/77 97/89/83
f 104/95/89 99/96/90 105/97/91
f 104/95/89 105/97/91 94/90/84
f 107/98/92 123/99/93 124/100/94
f 107/98/92 124/100/94 109/101/95
f 122/102/96 90/103/97 110/71/65
f 122/102/96 110/71/65 121/104/98
f 63/105/99 70/106/100 62/67/61
f 72/107/101 70/106/100 117/108/102
f 72/107/101 117/108/102 71/109/103
f 70/106/100 63/105/99 117/108/102
f 116/110/104 62/67/61 127/111/105
f 116/110/104 127/111/105 118/112/106
f 119/113/107 131/114/108 120/115/109
f 119/113/107 120/115/109 108/116/110
f 108/116/110 124/100/94 123/99/93
f 108/116/110 123/99/93 119/113/107
f 73/117/111 126/118/112 127/111/105
f 129/119/113 89/120/114 88/70/64
f 129/119/113 88/70/64 128/121/115
f 130/122/116 100/93/87 87/81/75
f 130/122/116 87/81/75 129/119/113
f 130/123/116 149/124/117 111/125/118
f 130/123/116 111/125/118 100/126/87
f 119/113/107 123/99/93 134/127/119
f 119/113/107 134/127/119 133/128/120
f 135/129/121 137/130/122 158/131/123
f 135/129/121 158/131/123 157/132/124
f 136/133/125 135/129/121 133/128/120
f 136/134/125 126/118/112 73/117/111
f 135/129/121 136/133/125 106/135/126
f 135/129/121 106/135/126 137/130/122
f 140/136/127 139/137/128 132/138/129
f 140/136/127 132/138/129 158/139/123
f 141/140/130 142/141/131 143/142/132
f 146/143/133 138/144/134 141/140/130
f 146/143/133 141/140/130 145/145/135
f 141/140/130 143/142/132 147/146/136
f 141/140/130 147/146/136 145/145/135
f 143/142/132 179/147/137 177/148/138
f 143/142/132 177/148/138 147/146/136
f 149/124/117 146/143/133 148/149/139
f 150/150/140 149/124/117 148/149/139
f 154/151/141 140/136/127 158/139/123
f 154/151/141 158/139/123 137/152/122
f 153/153/142 154/151/141 137/152/122
f 153/153/142 137/152/122 106/154/126
f 155/155/143 140/136/127 154/151/141
f 155/155/143 154/151/141 161/156/144
f 139/137/128 140/136/127 155/155/143
f 139/137/128 155/155/143 142/141/131
f 132/157/129 156/158/145 120/115/109
f 132/157/129 120/115/109 131/114/108
f 132/157/129 131/114/108 157/132/124
f 132/157/129 157/132/124 158/131/123
f 155/155/143 161/156/144 159/159/146
f 155/155/143 159/159/146 168/160/147
f 155/155/143 168/160/147 170/161/148
f 151/162/149 150/150/140 160/163/150
f 152/164/151 151/162/149 160/163/150
f 152/164/151 160/163/150 167/165/152
f 163/166/153 136/133/125 133/128/120
f 163/166/153 133/128/120 134/127/119
f 164/167/154 116/110/104 126/118/112
f 164/167/154 126/118/112 165/168/155
f 126/118/112 163/169/153 165/168/155
f 152/164/151 153/170/142 106/171/126
f 166/172/156 159/173/146 161/174/144
f 166/172/156 161/174/144 167/165/152
f 169/175/157 173/176/158 180/177/159
f 169/175/157 180/177/159 178/178/160
f 160/163/150 166/172/156 167/165/152
f 150/150/140 174/179/161 160/163/150
f 174/179/161 150/150/140 148/149/139
f 174/179/161 148/149/139 145/145/135
f 180/177/159 181/180/162 170/161/148
f 180/177/159 170/161/148 178/178/160
f 176/181/163 179/147/137 181/180/162
f 176/181/163 181/180/162 180/177/159
f 171/182/164 176/181/163 180/177/159
f 171/182/164 180/177/159 173/176/158
f 183/183/165 182/184/166 184/185/167
f 183/183/165 184/185/167 185/186/168
f 192/187/169 190/188/170 184/185/167
f 189/189/171 196/190/172 191/191/173
f 187/192/174 190/188/170 196/190/172
f 193/193/175 195/194/176 194/195/177
f 193/193/175 192/187/169 208/196/178
f 193/193/175 208/196/178 195/194/176
f 192/187/169 184/185/167 182/184/166
f 192/187/169 182/184/166 208/196/178
f 188/197/179 276/198/180 197/199/181
f 197/199/181 199/200/182 198/201/183
f 198/201/183 199/200/182 201/202/184
f 198/201/183 201/202/184 200/203/185
f 203/204/186 200/203/185 201/202/184
f 203/204/186 201/202/184 204/205/187
f 174/206/161 175/207/188 200/203/185
f 174/206/161 200/203/185 203/204/186
f 182/184/166 160/208/150 207/209/189
f 182/184/166 207/209/189 208/196/178
f 203/204/186 204/205/187 207/209/189
f 203/204/186 207/209/189 160/208/150
f 206/210/190 262/211/191 199/200/182
f 206/210/190 199/200/182 197/199/181
f 197/199/181 171/182/164 173/176/158
f 197/199/181 173/176/158 188/197/179
f 198/201/183 200/203/185 175/207/188
f 198/201/183 175/207/188 172/212/192
f 171/182/164 197/199/181 198/201/183
f 171/182/164 198/201/183 172/212/192
f 185/213/168 186/214/193 173/176/158
f 185/213/168 173/176/158 169/175/157
f 204/205/187 202/215/194 209/216/195
f 204/205/187 209/216/195 207/209/189
f 209/216/195 202/215/194 210/217/196
f 209/216/195 210/217/196 211/218/197
f 211/219/197 210/220/196 212/221/198
f 211/219/197 212/221/198 213/222/199
f 213/222/199 212/221/198 214/223/200
f 214/223/200 215/224/201 222/225/202
f 214/223/200 222/225/202 213/222/199
f 217/226/203 221/227/204 219/228/205
f 221/227/204 220/229/206 219/228/205
f 216/230/207 218/231/208 221/227/204
f 218/231/208 220/229/206 221/227/204
f 227/232/209 230/233/210 215/224/201
f 227/232/209 215/224/201 214/223/200
f 213/222/199 223/234/211 211/219/197
f 209/216/195 211/218/197 224/235/212
f 209/216/195 224/235/212 225/236/213
f 211/219/197 223/234/211 224/237/212
f 210/217/196 202/215/194 236/238/214
f 210/217/196 236/238/214 226/239/215
f 210/220/196 226/240/215 227/232/209
f 223/234/211 222/225/202 228/241/216
f 223/234/211 228/241/216 238/242/217
f 228/241/216 222/225/202 217/226/203
f 228/241/216 217/226/203 229/243/218
f 224/237/212 223/234/211 238/242/217
f 224/237/212 238/242/217 294/244/219
f 216/230/207 215/224/201 230/233/210
f 216/230/207 230/233/210 234/245/220
f 234/245/220 230/233/210 231/246/221
f 234/245/220 231/246/221 232/247/222
f 228/241/216 229/243/218 232/248/222
f 228/241/216 232/248/222 231/249/221
f 229/243/218 217/226/203 233/250/223
f 229/243/218 233/250/223 232/248/222
f 232/247/222 233/251/223 216/230/207
f 232/247/222 216/230/207 234/245/220
f 233/250/223 217/226/203 219/228/205
f 218/231/208 216/230/207 233/251/223
f 219/228/205 220/229/206 233/250/223
f 233/251/223 220/229/206 218/231/208
f 132/138/129 139/137/128 156/252/145
f 156/252/145 139/137/128 138/144/134
f 156/252/145 138/144/134 144/253/224
f 205/254/225 201/202/184 199/200/182
f 205/254/225 199/200/182 262/211/191
f 231/246/221 230/233/210 237/255/226
f 228/241/216 231/249/221 238/242/217
f 231/246/221 237/255/226 240/256/227
f 231/246/221 240/256/227 241/257/228
f 238/242/217 231/249/221 241/258/228
f 238/242/217 241/258/228 239/259/229
f 237/255/226 227/232/209 226/240/215
f 237/255/226 226/240/215 240/256/227
f 243/260/230 236/261/214 235/262/231
f 243/260/230 235/262/231 242/263/232
f 243/260/230 242/263/232 244/264/233
f 243/260/230 244/264/233 245/265/234
f 247/266/235 246/267/236 248/268/237
f 247/266/235 248/268/237 249/269/238
f 246/267/236 250/270/239 248/268/237
f 247/266/235 253/271/240 254/272/241
f 247/266/235 254/272/241 245/265/234
f 243/260/230 245/265/234 254/272/241
f 252/273/242 251/274/243 256/275/244
f 252/273/242 256/275/244 255/276/245
f 254/272/241 253/271/240 255/277/245
f 254/272/241 255/277/245 256/278/244
f 257/279/246 247/266/235 249/269/238
f 256/275/244 251/274/243 258/280/247
f 254/272/241 256/278/244 258/281/247
f 205/254/225 261/282/248 260/283/249
f 242/263/232 235/262/231 260/284/249
f 242/263/232 260/284/249 251/274/243
f 206/210/190 197/199/181 276/198/180
f 206/210/190 276/198/180 263/285/250
f 262/211/191 206/210/190 263/285/250
f 262/211/191 263/285/250 264/286/251
f 241/287/228 240/288/227 269/289/252
f 241/287/228 269/289/252 265/290/253
f 239/291/229 241/287/228 265/290/253
f 239/291/229 265/290/253 296/292/254
f 265/290/253 269/289/252 260/283/249
f 265/290/253 260/283/249 267/293/255
f 296/292/254 265/290/253 267/293/255
f 296/292/254 267/293/255 266/294/256
f 267/293/255 260/283/249 261/282/248
f 267/293/255 261/282/248 268/295/257
f 266/294/256 267/293/255 268/295/257
f 266/294/256 268/295/257 270/296/258
f 244/264/233 251/274/243 252/273/242
f 244/264/233 252/273/242 246/267/236
f 260/284/249 269/297/252 258/280/247
f 260/284/249 258/280/247 251/274/243
f 207/209/189 225/236/213 271/298/259
f 207/209/189 271/298/259 208/196/178
f 194/195/177 195/194/176 272/299/260
f 194/195/177 272/299/260 270/300/258
f 295/301/261 266/302/256 274/303/262
f 295/301/261 274/303/262 273/304/263
f 270/300/258 272/299/260 274/303/262
f 270/300/258 274/303/262 266/302/256
f 208/196/178 271/298/259 272/299/260
f 208/196/178 272/299/260 195/194/176
f 225/236/213 277/305/264 275/306/265
f 225/236/213 275/306/265 271/298/259
f 269/307/252 259/308/266 254/272/241
f 269/307/252 254/272/241 258/281/247
f 194/195/177 270/300/258 264/309/251
f 194/195/177 264/309/251 263/310/250
f 194/195/177 263/310/250 189/189/171
f 276/311/180 189/189/171 263/310/250
f 277/312/264 278/313/267 275/314/265
f 278/313/267 280/315/268 279/316/269
f 278/313/267 279/316/269 275/314/265
f 283/317/270 281/318/271 282/319/272
f 283/317/270 282/319/272 284/320/273
f 286/321/274 281/318/271 283/317/270
f 286/321/274 283/317/270 285/322/275
f 282/319/272 280/315/268 289/323/276
f 282/319/272 289/323/276 288/324/277
f 278/313/267 289/323/276 280/315/268
f 291/325/278 290/326/279 292/327/280
f 291/325/278 292/327/280 287/328/281
f 289/323/276 292/329/280 290/330/279
f 289/323/276 290/330/279 288/324/277
f 285/322/275 293/331/282 286/321/274
f 279/316/269 286/321/274 291/325/278
f 279/316/269 291/325/278 287/328/281
f 292/327/280 297/332/283 295/333/261
f 292/327/280 295/333/261 287/328/281
f 297/334/283 292/329/280 289/323/276
f 297/334/283 289/323/276 294/335/219
f 164/336/154 165/337/155 298/338/284
f 298/338/284 165/337/155 300/339/285
f 298/338/284 300/339/285 299/340/286
f 298/338/284 299/340/286 303/341/287
f 298/338/284 303/341/287 301/342/288
f 298/338/284 301/342/288 164/336/154
f 117/108/102 164/167/154 301/343/288
f 301/342/288 302/344/289 398/345/290
f 302/344/289 301/342/288 303/341/287
f 302/344/289 303/341/287 304/346/291
f 301/343/288 398/347/290 305/348/292
f 305/348/292 69/349/293 68/350/294
f 300/339/285 165/337/155 163/351/153
f 300/339/285 163/351/153 954/352/295
f 954/352/295 163/351/153 134/353/119
f 954/354/295 134/355/119 107/356/92
f 954/354/295 107/356/92 309/357/296
f 309/357/296 107/356/92 338/358/297
f 309/357/296 338/358/297 310/359/298
f 310/359/298 338/358/297 311/360/299
f 310/359/298 311/360/299 312/361/300
f 312/361/300 311/360/299 313/362/301
f 312/361/300 313/362/301 314/363/302
f 314/363/302 313/362/301 315/364/303
f 314/363/302 315/364/303 316/365/304
f 316/365/304 315/364/303 317/366/305
f 316/365/304 317/366/305 318/367/306
f 318/367/306 317/366/305 319/368/307
f 318/367/306 319/368/307 320/369/308
f 320/369/308 319/368/307 321/370/309
f 320/369/308 321/370/309 322/371/310
f 322/371/310 321/370/309 323/372/311
f 322/371/310 323/372/311 324/373/312
f 315/364/303 313/362/301 325/374/313
f 315/364/303 325/374/313 374/375/314
f 317/366/305 315/364/303 326/376/315
f 317/366/305 326/376/315 327/377/316
f 319/368/307 317/366/305 327/377/316
f 319/368/307 327/377/316 328/378/317
f 321/370/309 319/368/307 328/378/317
f 321/370/309 328/378/317 329/379/318
f 323/372/311 321/370/309 329/379/318
f 323/372/311 329/379/318 330/380/319
f 325/374/313 313/362/301 311/360/299
f 325/374/313 311/360/299 331/381/320
f 325/374/313 331/381/320 332/382/321
f 325/374/313 332/382/321 350/383/322
f 332/382/321 331/381/320 333/384/323
f 333/384/323 331/381/320 335/385/324
f 337/386/325 335/385/324 338/358/297
f 337/386/325 338/358/297 339/387/326
f 337/386/325 339/387/326 341/388/327
f 342/389/328 343/390/329 345/391/330
f 342/389/328 345/391/330 344/392/331
f 342/389/328 344/392/331 346/393/332
f 344/392/331 347/394/333 348/395/334
f 343/390/329 350/383/322 349/396/335
f 107/356/92 109/397/95 339/387/326
f 107/356/92 339/387/326 338/358/297
f 335/385/324 331/381/320 311/360/299
f 335/385/324 311/360/299 338/358/297
f 344/392/331 345/391/330 347/394/333
f 351/398/336 332/382/321 356/399/337
f 351/398/336 356/399/337 354/400/338
f 353/401/339 357/402/340 358/403/341
f 336/404/342 341/388/327 357/402/340
f 336/404/342 357/402/340 353/401/339
f 354/400/338 360/405/343 380/406/344
f 354/400/338 380/406/344 351/398/336
f 363/407/345 341/388/327 339/387/326
f 363/407/345 339/387/326 109/397/95
f 362/408/346 360/405/343 359/409/347
f 362/408/346 359/409/347 367/410/348
f 366/411/349 385/412/350 388/413/351
f 366/411/349 388/413/351 368/414/352
f 327/377/316 326/376/315 369/415/353
f 327/377/316 369/415/353 370/416/354
f 328/378/317 327/377/316 370/416/354
f 328/378/317 370/416/354 371/417/355
f 329/379/318 328/378/317 371/417/355
f 329/379/318 371/417/355 372/418/356
f 377/419/357 346/393/332 344/392/331
f 384/420/358 363/407/345 381/421/359
f 384/420/358 381/421/359 382/422/360
f 382/422/360 383/423/361 386/424/362
f 382/422/360 386/424/362 384/420/358
f 385/412/350 387/425/363 389/426/364
f 385/412/350 389/426/364 388/413/351
f 392/427/365 393/428/366 304/346/291
f 393/428/366 391/429/367 395/430/368
f 393/428/366 395/430/368 397/431/369
f 390/432/370 438/433/371 395/430/368
f 390/432/370 395/430/368 391/429/367
f 308/434/372 408/435/373 122/102/96
f 308/434/372 122/102/96 121/104/98
f 408/435/373 412/436/374 413/437/375
f 408/435/373 413/437/375 411/438/376
f 409/439/377 418/440/378 426/441/379
f 409/439/377 426/441/379 417/442/380
f 306/443/381 404/444/382 430/445/383
f 306/443/381 430/445/383 429/446/384
f 401/447/385 551/448/386 552/449/387
f 438/433/371 432/450/388 436/451/389
f 438/433/371 436/451/389 437/452/390
f 399/453/391 437/452/390 433/454/392
f 399/453/391 433/454/392 439/455/393
f 433/454/392 436/451/389 432/450/388
f 433/454/392 432/450/388 431/456/394
f 395/457/368 438/458/371 443/459/395
f 395/457/368 443/459/395 442/460/396
f 442/460/396 429/461/384 430/462/383
f 442/460/396 430/462/383 395/457/368
f 443/459/395 438/458/371 437/463/390
f 443/459/395 437/463/390 399/464/391
f 400/465/397 694/466/398 693/467/399
f 400/465/397 693/467/399 441/468/400
f 736/469/401 737/470/402 448/471/403
f 736/469/401 448/471/403 445/472/404
f 448/471/403 457/473/405 456/474/406
f 448/471/403 456/474/406 455/475/407
f 480/476/408 456/477/406 476/478/409
f 389/426/364 387/425/363 463/479/410
f 389/426/364 463/479/410 461/480/411
f 422/481/412 464/482/413 463/479/410
f 422/481/412 463/479/410 462/483/414
f 421/484/415 464/482/413 422/481/412
f 421/484/415 422/481/412 420/485/416
f 421/486/415 448/487/403 455/488/407
f 421/486/415 455/488/407 464/489/413
f 395/457/368 430/462/383 396/490/417
f 395/457/368 396/490/417 397/491/369
f 466/492/418 465/493/419 467/494/420
f 466/492/418 467/494/420 468/495/421
f 400/496/397 466/492/418 469/497/422
f 441/498/400 471/499/423 470/500/424
f 441/498/400 470/500/424 435/501/425
f 399/464/391 471/502/423 444/503/426
f 399/464/391 444/503/426 443/459/395
f 476/478/409 477/504/427 479/505/428
f 476/478/409 479/505/428 460/506/429
f 479/505/428 477/504/427 498/507/430
f 479/505/428 498/507/430 481/508/431
f 474/509/432 473/510/433 483/511/434
f 472/512/435 474/509/432 485/513/436
f 472/512/435 485/513/436 484/514/437
f 474/509/432 483/511/434 486/515/438
f 474/509/432 486/515/438 485/513/436
f 495/516/439 484/517/437 487/518/440
f 495/516/439 487/518/440 488/519/441
f 485/513/436 486/515/438 489/520/442
f 485/513/436 489/520/442 487/521/440
f 487/518/440 491/522/443 488/519/441
f 487/521/440 489/520/442 491/523/443
f 490/524/444 491/523/443 489/520/442
f 495/516/439 488/519/441 492/525/445
f 495/516/439 492/525/445 494/526/446
f 489/520/442 486/515/438 493/527/447
f 490/524/444 489/520/442 493/527/447
f 490/524/444 493/527/447 492/525/445
f 493/527/447 496/528/448 494/526/446
f 493/527/447 494/526/446 492/525/445
f 496/528/448 486/515/438 497/529/449
f 496/528/448 497/529/449 499/530/450
f 497/529/449 486/515/438 483/511/434
f 495/516/439 494/526/446 500/531/451
f 495/516/439 500/531/451 498/532/430
f 685/533/452 501/534/453 502/535/454
f 685/533/452 502/535/454 570/536/455
f 685/533/452 504/537/456 505/538/457
f 685/533/452 505/538/457 501/534/453
f 503/539/458 502/540/454 506/541/459
f 503/539/458 506/541/459 507/542/460
f 503/539/458 507/542/460 509/543/461
f 503/539/458 509/543/461 521/544/462
f 508/545/463 505/538/457 511/546/464
f 508/545/463 511/546/464 531/547/465
f 509/543/461 512/548/466 520/549/467
f 509/543/461 520/549/467 521/544/462
f 515/550/468 516/551/469 518/552/470
f 515/550/468 518/552/470 519/553/471
f 510/554/472 519/553/471 518/552/470
f 513/555/473 510/554/472 521/544/462
f 513/555/473 521/544/462 520/549/467
f 519/553/471 520/549/467 524/556/474
f 526/557/475 511/546/464 505/538/457
f 526/557/475 505/538/457 504/537/456
f 527/558/476 528/559/477 555/560/478
f 501/534/453 505/538/457 508/545/463
f 501/534/453 508/545/463 530/561/479
f 507/542/460 506/541/459 532/562/480
f 530/561/479 508/545/463 533/563/481
f 534/564/482 509/543/461 507/542/460
f 534/564/482 507/542/460 532/562/480
f 531/547/465 512/548/466 537/565/483
f 512/548/466 509/543/461 534/564/482
f 512/548/466 534/564/482 537/565/483
f 506/566/459 530/561/479 532/567/480
f 508/545/463 531/547/465 533/563/481
f 532/567/480 530/561/479 536/568/484
f 534/564/482 532/562/480 538/569/485
f 533/563/481 531/547/465 537/565/483
f 533/563/481 537/565/483 535/570/486
f 538/569/485 535/570/486 537/565/483
f 538/569/485 537/565/483 534/564/482
f 532/562/480 539/571/487 540/572/488
f 532/562/480 540/572/488 538/569/485
f 536/568/484 533/563/481 539/573/487
f 533/563/481 535/570/486 540/572/488
f 533/563/481 540/572/488 539/573/487
f 538/569/485 540/572/488 535/570/486
f 522/574/489 541/575/490 573/576/491
f 522/574/489 573/576/491 503/539/458
f 481/577/431 498/578/430 544/579/492
f 481/577/431 544/579/492 543/580/493
f 541/581/490 522/582/489 545/583/494
f 541/581/490 545/583/494 546/584/495
f 500/585/451 542/586/496 546/584/495
f 500/585/451 546/584/495 544/579/492
f 544/579/492 548/587/497 543/580/493
f 546/584/495 545/583/494 547/588/498
f 546/584/495 547/588/498 548/587/497
f 546/584/495 548/587/497 544/579/492
f 551/448/386 401/447/385 550/589/499
f 551/448/386 441/498/400 435/501/425
f 551/448/386 435/501/425 552/449/387
f 552/449/387 434/590/500 439/455/393
f 552/449/387 439/455/393 440/591/501
f 561/592/502 557/593/503 563/594/504
f 564/595/505 561/592/502 563/594/504
f 564/595/505 563/594/504 565/596/506
f 499/597/450 572/598/507 690/599/508
f 499/597/450 690/599/508 542/600/496
f 503/539/458 518/552/470 514/601/509
f 503/539/458 514/601/509 522/574/489
f 566/602/510 562/603/511 574/604/512
f 566/602/510 574/604/512 576/605/513
f 564/595/505 565/596/506 574/604/512
f 564/595/505 574/604/512 562/603/511
f 559/606/514 584/607/515 577/608/516
f 560/609/517 581/610/518 580/611/519
f 587/612/520 590/613/521 594/614/522
f 587/612/520 594/614/522 589/615/523
f 583/616/524 579/617/525 598/618/526
f 575/619/527 576/605/513 602/620/528
f 575/619/527 602/620/528 601/621/529
f 603/622/530 599/623/531 601/621/529
f 603/622/530 601/621/529 602/620/528
f 600/624/532 603/622/530 602/620/528
f 600/624/532 602/620/528 611/625/533
f 606/626/534 600/624/532 611/625/533
f 606/626/534 611/625/533 612/627/535
f 622/628/536 614/629/537 594/614/522
f 622/628/536 594/614/522 621/630/538
f 630/631/539 629/632/540 632/633/541
f 630/631/539 632/633/541 631/634/542
f 629/632/540 630/631/539 639/635/543
f 629/632/540 639/635/543 638/636/544
f 633/637/545 629/632/540 638/636/544
f 633/637/545 638/636/544 640/638/546
f 638/636/544 639/635/543 641/639/547
f 640/638/546 638/636/544 641/639/547
f 642/640/548 636/641/549 633/637/545
f 642/640/548 633/637/545 640/638/546
f 636/641/549 642/640/548 644/642/550
f 636/641/549 644/642/550 643/643/551
f 642/640/548 659/644/552 658/645/553
f 642/640/548 658/645/553 644/642/550
f 616/646/554 617/647/555 631/634/542
f 616/646/554 631/634/542 632/633/541
f 616/646/554 632/633/541 634/648/556
f 616/646/554 634/648/556 635/649/557
f 634/648/556 651/650/558 652/651/559
f 634/648/556 652/651/559 635/649/557
f 647/652/560 645/653/561 656/654/562
f 647/652/560 656/654/562 666/655/563
f 646/656/564 647/652/560 666/655/563
f 657/657/565 658/645/553 659/644/552
f 640/638/546 641/639/547 645/653/561
f 640/638/546 645/653/561 647/652/560
f 664/658/566 661/659/567 662/660/568
f 664/658/566 662/660/568 656/654/562
f 662/660/568 661/659/567 663/661/569
f 662/660/568 663/661/569 671/662/570
f 664/658/566 656/654/562 665/663/571
f 665/663/571 667/664/572 670/665/573
f 665/663/571 670/665/573 669/666/574
f 673/667/575 649/668/576 668/669/577
f 673/667/575 668/669/577 672/670/578
f 663/661/569 661/659/567 671/662/570
f 661/659/567 664/658/566 669/666/574
f 664/658/566 665/663/571 669/666/574
f 672/670/578 670/665/573 667/664/572
f 672/670/578 667/664/572 673/667/575
f 650/671/579 639/635/543 630/631/539
f 650/671/579 630/631/539 691/672/580
f 617/647/555 684/673/581 683/674/582
f 617/647/555 683/674/582 631/634/542
f 366/411/349 368/414/352 367/410/348
f 366/411/349 367/410/348 359/409/347
f 453/675/583 451/676/584 674/677/585
f 677/678/586 676/679/587 674/677/585
f 677/678/586 674/677/585 451/676/584
f 674/680/585 688/681/588 681/682/589
f 674/680/585 681/682/589 680/683/590
f 453/684/583 674/680/585 680/683/590
f 497/529/449 483/511/434 678/685/591
f 678/686/591 483/687/434 679/688/592
f 681/682/589 688/681/588 678/686/591
f 683/674/582 684/673/581 685/689/452
f 683/674/582 685/689/452 686/690/593
f 682/691/594 676/692/587 686/690/593
f 682/691/594 686/690/593 685/689/452
f 684/673/581 620/693/595 619/694/596
f 684/673/581 619/694/596 504/695/456
f 682/696/594 571/697/597 687/698/598
f 682/696/594 687/698/598 688/699/588
f 572/598/507 499/597/450 497/700/449
f 678/701/591 572/702/507 497/703/449
f 688/699/588 687/698/598 572/702/507
f 688/699/588 572/702/507 678/701/591
f 571/697/597 685/704/452 570/705/455
f 694/466/398 468/706/421 654/707/599
f 694/466/398 654/707/599 695/708/600
f 643/643/551 644/642/550 697/709/601
f 644/642/550 658/645/553 696/710/602
f 644/642/550 696/710/602 710/711/603
f 694/466/398 695/708/600 698/712/604
f 694/466/398 698/712/604 693/467/399
f 643/643/551 698/712/604 637/713/605
f 643/643/551 637/713/605 636/641/549
f 710/711/603 699/714/606 697/709/601
f 702/715/607 672/670/578 668/669/577
f 702/715/607 668/669/577 699/716/606
f 700/717/608 697/718/601 699/716/606
f 700/717/608 699/716/606 668/669/577
f 650/671/579 691/672/580 692/719/609
f 650/671/579 692/719/609 700/717/608
f 700/717/608 692/719/609 677/720/586
f 700/717/608 677/720/586 697/718/601
f 670/665/573 672/670/578 702/715/607
f 670/665/573 702/715/607 701/721/610
f 671/662/570 661/659/567 703/722/611
f 671/662/570 703/722/611 827/723/612
f 827/724/612 703/725/611 704/726/613
f 827/724/612 704/726/613 735/727/614
f 703/725/611 705/728/615 704/726/613
f 704/726/613 707/729/616 713/730/617
f 704/726/613 713/730/617 735/727/614
f 707/729/616 704/726/613 709/731/618
f 707/729/616 709/731/618 706/732/619
f 706/732/619 657/657/565 646/656/564
f 705/728/615 711/733/620 709/731/618
f 658/645/553 657/657/565 706/732/619
f 709/731/618 658/645/553 706/732/619
f 701/734/610 702/735/607 711/733/620
f 701/734/610 711/733/620 705/728/615
f 711/733/620 702/735/607 699/714/606
f 711/733/620 699/714/606 710/711/603
f 697/709/601 677/736/586 675/737/621
f 708/738/622 660/739/623 712/740/624
f 708/738/622 712/740/624 725/741/625
f 708/738/622 725/741/625 713/730/617
f 715/742/626 660/739/623 662/660/568
f 715/742/626 662/660/568 714/743/627
f 717/744/628 712/740/624 660/739/623
f 717/744/628 660/739/623 716/745/629
f 671/662/570 718/746/630 714/743/627
f 671/662/570 714/743/627 662/660/568
f 785/747/631 716/745/629 715/742/626
f 715/742/626 714/743/627 806/748/632
f 715/742/626 806/748/632 805/749/633
f 714/743/627 718/746/630 806/748/632
f 717/744/628 716/745/629 719/750/634
f 717/744/628 719/750/634 720/751/635
f 720/751/635 719/750/634 721/752/636
f 720/751/635 721/752/636 723/753/637
f 712/740/624 767/754/638 766/755/639
f 712/740/624 766/755/639 725/741/625
f 717/744/628 720/751/635 727/756/640
f 717/744/628 727/756/640 726/757/641
f 720/751/635 723/753/637 722/758/642
f 720/751/635 722/758/642 727/756/640
f 730/759/643 723/753/637 721/752/636
f 730/759/643 721/752/636 729/760/644
f 722/758/642 723/753/637 730/759/643
f 731/761/645 730/759/643 729/760/644
f 722/758/642 730/759/643 731/761/645
f 725/741/625 766/755/639 732/762/646
f 735/727/614 713/730/617 725/741/625
f 735/727/614 725/741/625 732/762/646
f 446/763/647 449/764/648 737/470/402
f 446/763/647 737/470/402 736/469/401
f 457/473/405 737/470/402 449/764/648
f 457/473/405 449/764/648 475/765/649
f 741/766/650 608/767/651 606/626/534
f 741/766/650 606/626/534 738/768/652
f 622/628/536 749/769/653 747/770/654
f 622/628/536 747/770/654 614/629/537
f 624/771/655 749/769/653 622/628/536
f 744/772/656 635/649/557 653/773/657
f 744/772/656 653/773/657 751/774/658
f 754/775/659 747/770/654 753/776/660
f 653/773/657 740/777/661 756/778/662
f 616/646/554 627/779/663 628/780/664
f 760/781/665 729/760/644 721/752/636
f 760/781/665 721/752/636 719/750/634
f 759/782/666 760/781/665 719/750/634
f 759/782/666 719/750/634 716/745/629
f 761/783/667 762/784/668 722/758/642
f 761/783/667 722/758/642 728/785/669
f 763/786/670 764/787/671 729/760/644
f 762/788/668 761/789/667 764/790/671
f 762/788/668 764/790/671 763/791/670
f 728/792/669 729/793/644 764/790/671
f 728/792/669 764/790/671 761/789/667
f 731/794/645 729/793/644 728/792/669
f 804/795/672 765/796/673 762/788/668
f 804/795/672 762/788/668 763/791/670
f 760/781/665 763/786/670 729/760/644
f 759/782/666 804/797/672 763/786/670
f 759/782/666 763/786/670 760/781/665
f 765/798/673 726/757/641 727/756/640
f 765/798/673 727/756/640 762/784/668
f 766/755/639 767/754/638 768/799/674
f 766/755/639 768/799/674 769/800/675
f 769/800/675 768/799/674 770/801/676
f 766/755/639 769/800/675 773/802/677
f 766/755/639 773/802/677 732/762/646
f 773/802/677 770/801/676 772/803/678
f 773/802/677 772/803/678 774/804/679
f 772/803/678 770/801/676 771/805/680
f 772/803/678 771/805/680 775/806/681
f 776/807/682 777/808/683 771/805/680
f 776/807/682 771/805/680 768/799/674
f 724/809/684 776/807/682 768/799/674
f 724/809/684 768/799/674 767/754/638
f 778/810/685 781/811/686 773/802/677
f 778/810/685 773/802/677 774/804/679
f 780/812/687 779/813/688 777/808/683
f 780/812/687 777/808/683 776/807/682
f 781/814/686 778/815/685 779/816/688
f 781/814/686 779/816/688 780/817/687
f 772/818/678 777/819/683 779/816/688
f 772/818/678 779/816/688 778/815/685
f 775/820/681 777/819/683 772/818/678
f 782/821/689 734/822/690 781/814/686
f 782/821/689 781/814/686 780/817/687
f 776/807/682 724/809/684 782/823/689
f 776/807/682 782/823/689 780/812/687
f 734/824/690 732/762/646 773/802/677
f 734/824/690 773/802/677 781/811/686
f 784/825/691 783/826/692 734/827/690
f 765/796/673 804/795/672 784/825/691
f 727/756/640 722/758/642 762/784/668
f 785/747/631 715/742/626 786/828/693
f 785/747/631 786/828/693 787/829/694
f 787/829/694 786/828/693 788/830/695
f 787/829/694 788/830/695 789/831/696
f 785/747/631 787/829/694 791/832/697
f 785/747/631 791/832/697 759/782/666
f 787/829/694 789/831/696 790/833/698
f 787/829/694 790/833/698 791/832/697
f 793/834/699 789/831/696 788/830/695
f 793/834/699 788/830/695 794/835/700
f 790/833/698 789/831/696 793/834/699
f 790/833/698 793/834/699 795/836/701
f 796/837/702 793/834/699 794/835/700
f 795/836/701 793/834/699 796/837/702
f 797/838/703 798/839/704 788/830/695
f 797/838/703 788/830/695 786/828/693
f 799/840/705 797/838/703 786/828/693
f 799/840/705 786/828/693 715/742/626
f 792/841/706 800/842/707 790/833/698
f 800/843/707 792/844/706 801/845/708
f 795/846/701 794/847/700 801/845/708
f 795/846/701 801/845/708 792/844/706
f 796/848/702 794/847/700 795/846/701
f 802/849/709 803/850/710 800/843/707
f 802/849/709 800/843/707 801/845/708
f 825/851/711 804/795/672 803/850/710
f 825/851/711 803/850/710 802/849/709
f 797/838/703 802/852/709 801/853/708
f 797/838/703 801/853/708 798/839/704
f 799/840/705 825/854/711 802/852/709
f 799/840/705 802/852/709 797/838/703
f 804/797/672 759/782/666 791/832/697
f 804/797/672 791/832/697 803/855/710
f 791/832/697 790/833/698 800/842/707
f 791/832/697 800/842/707 803/855/710
f 785/747/631 759/782/666 716/745/629
f 805/749/633 806/748/632 807/856/712
f 805/749/633 807/856/712 808/857/713
f 808/857/713 807/856/712 809/858/714
f 808/857/713 809/858/714 810/859/715
f 805/749/633 808/857/713 814/860/716
f 805/749/633 814/860/716 799/840/705
f 810/859/715 815/861/717 814/860/716
f 815/861/717 810/859/715 813/862/718
f 817/863/719 818/864/720 809/858/714
f 818/864/720 812/865/721 809/858/714
f 819/866/722 817/863/719 807/856/712
f 819/866/722 807/856/712 806/748/632
f 820/867/723 821/868/724 815/861/717
f 822/869/725 823/870/726 818/864/720
f 821/871/724 820/872/723 823/873/726
f 821/871/724 823/873/726 822/874/725
f 813/875/718 812/876/721 823/873/726
f 813/875/718 823/873/726 820/872/723
f 822/874/725 814/877/716 821/871/724
f 824/878/727 825/879/711 814/877/716
f 824/878/727 814/877/716 822/874/725
f 817/863/719 822/869/725 818/864/720
f 819/866/722 824/880/727 822/869/725
f 819/866/722 822/869/725 817/863/719
f 825/854/711 799/840/705 814/860/716
f 814/860/716 815/861/717 821/868/724
f 799/840/705 715/742/626 805/749/633
f 825/851/711 783/826/692 784/825/691
f 825/851/711 784/825/691 804/795/672
f 826/881/728 733/882/729 783/883/692
f 826/884/728 671/662/570 827/723/612
f 718/746/630 671/662/570 826/884/728
f 444/503/426 471/502/423 441/885/400
f 444/503/426 441/885/400 693/886/399
f 806/748/632 718/746/630 828/887/730
f 806/748/632 828/887/730 829/888/731
f 829/888/731 828/887/730 830/889/732
f 829/888/731 830/889/732 831/890/733
f 806/748/632 829/888/731 833/891/734
f 806/748/632 833/891/734 819/866/722
f 829/888/731 831/890/733 834/892/735
f 829/888/731 834/892/735 833/891/734
f 834/892/735 831/890/733 835/893/736
f 836/894/737 830/889/732 832/895/738
f 831/890/733 830/889/732 836/894/737
f 831/890/733 836/894/737 835/893/736
f 837/896/739 838/897/740 830/889/732
f 837/896/739 830/889/732 828/887/730
f 838/897/740 832/895/738 830/889/732
f 839/898/741 837/896/739 828/887/730
f 839/898/741 828/887/730 718/746/630
f 834/899/735 840/900/742 838/901/740
f 835/902/736 832/903/738 840/900/742
f 835/902/736 840/900/742 834/899/735
f 841/904/743 833/905/734 834/899/735
f 841/904/743 834/899/735 838/901/740
f 842/906/744 824/878/727 833/905/734
f 842/906/744 833/905/734 841/904/743
f 837/896/739 841/907/743 838/897/740
f 839/898/741 842/908/744 841/907/743
f 839/898/741 841/907/743 837/896/739
f 824/880/727 819/866/722 833/891/734
f 783/883/692 825/879/711 824/878/727
f 783/883/692 824/878/727 842/906/744
f 839/898/741 718/746/630 826/884/728
f 839/898/741 826/884/728 842/908/744
f 717/744/628 726/757/641 724/809/684
f 717/744/628 724/809/684 767/754/638
f 765/798/673 782/823/689 724/809/684
f 765/798/673 724/809/684 726/757/641
f 599/623/531 844/909/745 849/910/746
f 599/623/531 849/910/746 601/621/529
f 604/911/747 402/912/748 845/913/749
f 848/914/750 847/915/751 843/916/752
f 848/914/750 843/916/752 846/917/753
f 845/913/749 846/917/753 843/916/752
f 845/913/749 843/916/752 844/909/745
f 599/623/531 845/913/749 844/909/745
f 852/918/754 580/919/519 581/920/518
f 854/921/755 855/922/756 856/923/757
f 854/921/755 856/923/757 853/924/758
f 853/924/758 857/925/759 854/921/755
f 853/924/758 858/926/760 857/925/759
f 860/927/761 859/928/762 854/921/755
f 860/927/761 854/921/755 857/925/759
f 858/926/760 861/929/763 860/927/761
f 858/926/760 860/927/761 857/925/759
f 854/921/755 859/928/762 583/930/524
f 854/921/755 583/930/524 855/922/756
f 863/931/764 864/932/765 862/933/766
f 864/932/765 867/934/767 862/933/766
f 867/934/767 866/935/768 852/936/754
f 867/934/767 852/936/754 862/933/766
f 866/935/768 865/937/769 852/936/754
f 862/933/766 581/938/518 859/939/762
f 862/933/766 859/939/762 860/940/761
f 853/924/758 869/941/770 864/932/765
f 853/924/758 864/932/765 863/931/764
f 853/924/758 863/931/764 858/926/760
f 870/942/771 871/943/772 850/944/773
f 870/942/771 850/944/773 847/915/751
f 875/945/774 876/946/775 872/947/776
f 875/945/774 872/947/776 874/948/777
f 870/949/771 877/950/778 871/951/772
f 878/952/779 941/953/780 877/950/778
f 878/952/779 877/950/778 870/949/771
f 879/954/781 880/955/782 874/948/777
f 876/946/775 884/956/783 872/947/776
f 872/947/776 873/957/784 874/948/777
f 885/958/785 880/955/782 879/954/781
f 885/958/785 879/954/781 886/19/19
f 18/17/17 885/958/785 886/19/19
f 21/34/34 20/18/18 886/19/19
f 22/22/22 889/959/786 885/958/785
f 22/22/22 885/958/785 18/17/17
f 889/959/786 888/960/787 885/958/785
f 890/961/788 889/959/786 22/22/22
f 890/961/788 892/962/789 889/959/786
f 892/962/789 891/963/790 888/960/787
f 892/962/789 888/960/787 889/959/786
f 855/964/756 851/965/791 893/966/792
f 855/964/756 893/966/792 856/967/757
f 894/968/793 909/969/794 876/946/775
f 894/968/793 876/946/775 875/945/774
f 892/962/789 894/968/793 875/945/774
f 892/962/789 875/945/774 891/963/790
f 926/970/795 894/968/793 890/961/788
f 926/970/795 890/961/788 27/27/27
f 881/971/796 882/972/797 883/973/798
f 895/974/799 881/971/796 883/973/798
f 895/974/799 883/973/798 896/31/31
f 887/975/800 897/976/801 879/954/781
f 881/971/796 895/974/799 887/975/800
f 923/977/802 911/978/803 909/969/794
f 923/977/802 909/969/794 894/968/793
f 898/979/804 856/967/757 893/966/792
f 901/980/805 899/981/806 992/982/807
f 901/980/805 992/982/807 993/983/808
f 994/984/809 903/985/810 901/980/805
f 994/984/809 901/980/805 993/983/808
f 904/986/811 907/987/812 905/988/813
f 906/989/814 907/987/812 904/986/811
f 906/989/814 904/986/811 938/990/815
f 901/980/805 910/991/816 908/992/817
f 901/980/805 908/992/817 899/981/806
f 905/988/813 910/991/816 903/985/810
f 906/989/814 912/993/818 907/987/812
f 907/987/812 912/993/818 910/991/816
f 907/987/812 910/991/816 905/988/813
f 914/994/819 913/995/820 856/996/757
f 914/994/819 856/996/757 915/997/821
f 917/998/822 916/999/823 913/995/820
f 917/998/822 913/995/820 914/994/819
f 919/1000/824 920/1001/825 914/994/819
f 919/1000/824 914/994/819 915/997/821
f 920/1001/825 917/998/822 914/994/819
f 924/1002/826 921/1003/827 920/1001/825
f 924/1002/826 920/1001/825 919/1000/824
f 924/1002/826 922/1004/828 921/1003/827
f 916/999/823 917/998/822 918/1005/829
f 920/1001/825 918/1005/829 917/998/822
f 923/1006/802 919/1000/824 915/997/821
f 868/1007/830 580/919/519 865/1008/769
f 54/1009/53 868/1007/830 925/1010/831
f 919/1000/824 925/1011/831 924/1002/826
f 54/1012/53 929/1013/832 53/1014/54
f 929/1013/832 54/1012/53 928/1015/833
f 930/1016/834 929/1013/832 928/1015/833
f 930/1016/834 928/1015/833 927/1017/835
f 933/1018/836 932/1019/837 850/1020/773
f 933/1018/836 850/1020/773 871/1021/772
f 849/1022/746 932/1023/837 900/1024/838
f 849/1022/746 900/1024/838 851/1025/791
f 936/1026/839 902/1027/840 934/1028/841
f 936/1026/839 934/1028/841 935/1029/842
f 933/1018/836 871/1021/772 884/1030/783
f 933/1018/836 884/1030/783 995/1031/843
f 995/1031/843 996/1032/844 935/1029/842
f 904/1033/811 936/1026/839 937/1034/845
f 938/990/815 904/1033/811 937/1034/845
f 937/1034/845 912/993/818 906/989/814
f 937/1034/845 906/989/814 938/990/815
f 996/1032/844 912/993/818 937/1034/845
f 996/1032/844 937/1034/845 936/1026/839
f 996/1032/844 936/1026/839 935/1029/842
f 846/917/753 939/1035/846 848/914/750
f 49/1036/49 940/1037/847 848/914/750
f 49/1036/49 848/914/750 939/1035/846
f 941/953/780 882/972/797 873/957/784
f 882/972/797 942/1038/848 883/973/798
f 942/1038/848 41/41/41 896/31/31
f 942/1038/848 896/31/31 883/973/798
f 942/1038/848 943/1039/849 945/1040/850
f 47/45/45 945/1040/850 946/1041/851
f 47/45/45 946/1041/851 51/1042/51
f 945/1040/850 47/45/45 41/41/41
f 946/1041/851 943/1039/849 944/1043/852
f 947/1044/853 940/1045/847 49/1046/49
f 947/1044/853 49/1046/49 51/1047/51
f 944/1048/852 947/1044/853 948/1049/854
f 707/729/616 708/738/622 713/730/617
f 706/732/619 646/656/564 708/738/622
f 706/732/619 708/738/622 707/729/616
f 949/1050/855 299/1051/286 950/1052/856
f 299/1051/286 300/1053/285 950/1052/856
f 299/1051/286 951/1054/857 303/1055/287
f 299/1051/286 949/1050/855 951/1054/857
f 951/1054/857 952/1056/858 953/1057/859
f 953/1057/859 304/1058/291 303/1055/287
f 953/1057/859 303/1055/287 951/1054/857
f 300/1053/285 954/1059/295 955/1060/860
f 300/1053/285 955/1060/860 950/1052/856
f 954/1059/295 956/1061/861 955/1060/860
f 392/1062/365 304/1058/291 961/1063/862
f 392/1062/365 961/1063/862 960/1064/863
f 960/1064/863 963/1065/864 964/1066/865
f 960/1064/863 964/1066/865 958/1067/866
f 959/1068/867 958/1067/866 964/1066/865
f 959/1068/867 964/1066/865 966/1069/868
f 401/1070/385 973/1071/869 974/1072/870
f 966/1069/868 978/1073/871 977/1074/872
f 966/1069/868 977/1074/872 967/1075/873
f 979/1076/874 972/1077/875 971/1078/876
f 979/1076/874 971/1078/876 978/1073/871
f 971/1078/876 957/1079/877 967/1075/873
f 971/1078/876 967/1075/873 977/1074/872
f 982/1080/878 983/1081/879 984/1082/880
f 985/1083/881 986/1084/882 982/1080/878
f 982/1080/878 986/1084/882 987/1085/883
f 982/1080/878 987/1085/883 983/1081/879
f 988/1086/884 976/1087/885 981/1088/886
f 988/1086/884 981/1088/886 980/1089/887
f 974/1072/870 989/1090/888 401/1070/385
f 974/1072/870 973/1071/869 976/1087/885
f 974/1072/870 976/1087/885 988/1086/884
f 973/1071/869 440/1091/501 972/1077/875
f 973/1071/869 972/1077/875 975/1092/889
f 993/983/808 992/982/807 900/1024/838
f 993/983/808 900/1024/838 934/1093/841
f 902/1094/840 994/984/809 993/983/808
f 902/1094/840 993/983/808 934/1093/841
f 908/992/817 995/1031/843 884/1030/783
f 908/992/817 884/1030/783 909/1095/794
f 1000/1096/890 1002/1097/891 1003/1098/892
f 1000/1096/890 1003/1098/892 1001/1099/893
f 1005/68/894 1006/69/895 1002/1097/891
f 1005/68/894 1002/1097/891 1000/1096/890
f 1029/70/896 1051/71/897 1006/69/895
f 1029/70/896 1006/69/895 1005/68/894
f 1001/1099/893 1015/1100/898 1014/1101/899
f 1014/1101/899 1016/74/900 1018/73/901
f 1014/1101/899 1018/73/901 1008/72/902
f 1024/75/903 1022/1102/904 1023/76/905
f 1008/72/902 1018/73/901 1025/79/906
f 1008/72/902 1025/79/906 1028/1103/907
f 1027/80/908 1028/1103/907 1025/79/906
f 1024/75/903 1019/1104/909 1033/1105/910
f 1024/75/903 1033/1105/910 1021/82/911
f 1017/85/912 1032/1106/913 1020/1107/914
f 1032/1106/913 1035/1108/915 1038/89/916
f 1032/1106/913 1038/89/916 1034/1109/917
f 1033/1105/910 1038/89/916 1039/92/918
f 1033/1105/910 1039/92/918 1037/91/919
f 1027/80/908 1054/94/920 1041/93/921
f 1027/80/908 1041/93/921 1028/1103/907
f 1034/1109/917 1038/89/916 1033/1105/910
f 1045/95/922 1035/1108/915 1046/97/923
f 1045/95/922 1046/97/923 1040/96/924
f 1048/98/925 1050/101/926 1065/100/927
f 1048/98/925 1065/100/927 1064/99/928
f 1063/102/929 1062/104/930 1051/71/897
f 1063/102/929 1051/71/897 1031/103/931
f 1004/1110/932 1003/1098/892 1011/1111/933
f 1013/107/934 1012/1112/935 1058/1113/936
f 1013/107/934 1058/1113/936 1011/1111/933
f 1011/1111/933 1058/1113/936 1057/1114/937
f 1011/1111/933 1057/1114/937 1004/1110/932
f 1056/110/938 1059/112/939 1068/1115/940
f 1056/110/938 1068/1115/940 1003/1098/892
f 1060/113/941 1049/116/942 1061/115/943
f 1060/113/941 1061/115/943 1073/114/944
f 1049/116/942 1060/113/941 1064/99/928
f 1049/116/942 1064/99/928 1065/100/927
f 1015/1100/898 1068/1115/940 1069/1116/945
f 1015/1100/898 1069/1116/945 1067/1117/946
f 1071/119/947 1070/121/948 1029/70/896
f 1071/119/947 1029/70/896 1030/120/949
f 1072/122/950 1071/119/947 1028/1103/907
f 1072/122/950 1028/1103/907 1041/93/921
f 1072/123/950 1041/126/921 1052/125/951
f 1072/123/950 1052/125/951 1090/124/952
f 1060/113/941 1075/128/953 956/127/861
f 1060/113/941 956/127/861 1064/99/928
f 1076/129/954 1097/132/955 1098/131/956
f 1076/129/954 1098/131/956 1078/130/957
f 1077/1118/958 1075/128/953 1076/129/954
f 1077/1119/958 1015/1100/898 1067/1117/946
f 1076/129/954 1078/130/957 1047/1120/959
f 1076/129/954 1047/1120/959 1077/1118/958
f 1081/136/960 1098/1121/956 1074/1122/961
f 1081/136/960 1074/1122/961 1080/1123/962
f 1082/140/963 1084/142/964 1083/1124/965
f 1087/1125/966 1086/145/967 1082/140/963
f 1087/1125/966 1082/140/963 1079/144/968
f 1082/140/963 1086/145/967 1088/146/969
f 1082/140/963 1088/146/969 1084/142/964
f 1084/142/964 1088/146/969 1114/148/970
f 1084/142/964 1114/148/970 1116/147/971
f 1090/124/952 1089/149/972 1087/1125/966
f 1091/1126/973 1089/149/972 1090/124/952
f 1094/151/974 1078/1127/957 1098/1121/956
f 1094/151/974 1098/1121/956 1081/136/960
f 1093/153/975 1047/1128/959 1078/1127/957
f 1093/153/975 1078/1127/957 1094/151/974
f 1095/1129/976 1101/156/977 1094/151/974
f 1095/1129/976 1094/151/974 1081/136/960
f 1080/1123/962 1083/1124/965 1095/1129/976
f 1080/1123/962 1095/1129/976 1081/136/960
f 1074/157/961 1073/114/944 1061/115/943
f 1074/157/961 1061/115/943 1096/158/978
f 1074/157/961 1098/131/956 1097/132/955
f 1074/157/961 1097/132/955 1073/114/944
f 1095/1129/976 1099/159/979 1101/156/977
f 1095/1129/976 1107/161/980 1105/160/981
f 1095/1129/976 1105/160/981 1099/159/979
f 1092/162/982 1100/1130/983 1091/1126/973
f 1093/1131/975 1104/165/984 1100/1130/983
f 1093/1131/975 1100/1130/983 1092/162/982
f 955/166/860 956/127/861 1075/128/953
f 955/166/860 1075/128/953 1077/1118/958
f 949/167/855 950/168/856 1067/1117/946
f 949/167/855 1067/1117/946 1056/110/938
f 1067/1117/946 950/168/856 955/169/860
f 1046/1132/923 1047/1133/959 1093/1131/975
f 1103/172/985 1104/165/984 1101/174/977
f 1103/172/985 1101/174/977 1099/173/979
f 1106/175/986 1115/178/987 1117/177/988
f 1106/175/986 1117/177/988 1110/176/989
f 1100/1130/983 1104/165/984 1103/172/985
f 1091/1126/973 1100/1130/983 1111/179/990
f 1111/179/990 1086/145/967 1089/149/972
f 1111/179/990 1089/149/972 1091/1126/973
f 1117/177/988 1115/178/987 1107/161/980
f 1117/177/988 1107/161/980 1118/180/991
f 1113/181/992 1117/177/988 1118/180/991
f 1113/181/992 1118/180/991 1116/147/971
f 1108/182/993 1110/176/989 1117/177/988
f 1108/182/993 1117/177/988 1113/181/992
f 1120/183/994 1122/186/995 1121/1134/996
f 1120/183/994 1121/1134/996 1119/1135/997
f 1129/187/998 1121/1134/996 1127/1136/999
f 1126/1137/1000 1128/1138/1001 1133/190/1002
f 1124/192/1003 1133/190/1002 1127/1136/999
f 1130/1139/1004 1131/1140/1005 1132/194/1006
f 1130/1139/1004 1132/194/1006 1146/196/1007
f 1130/1139/1004 1146/196/1007 1129/187/998
f 1129/187/998 1146/196/1007 1119/1135/997
f 1129/187/998 1119/1135/997 1121/1134/996
f 1125/197/1008 1134/1141/1009 1143/1142/1010
f 1125/197/1008 1143/1142/1010 1216/198/1011
f 1134/1141/1009 1135/201/1012 1136/200/1013
f 1134/1141/1009 1136/200/1013 1143/1142/1010
f 1135/201/1012 1137/203/1014 1138/202/1015
f 1135/201/1012 1138/202/1015 1136/200/1013
f 1140/204/1016 1141/205/1017 1138/202/1015
f 1140/204/1016 1138/202/1015 1137/203/1014
f 1111/206/990 1140/204/1016 1137/203/1014
f 1111/206/990 1137/203/1014 1112/207/1018
f 1119/1135/997 1146/196/1007 1145/209/1019
f 1119/1135/997 1145/209/1019 1100/208/983
f 1140/204/1016 1100/208/983 1145/209/1019
f 1140/204/1016 1145/209/1019 1141/205/1017
f 1144/210/1020 1143/1142/1010 1136/200/1013
f 1144/210/1020 1136/200/1013 1201/211/1021
f 1134/1141/1009 1125/197/1008 1110/176/989
f 1134/1141/1009 1110/176/989 1108/182/993
f 1135/201/1012 1109/212/1022 1112/207/1018
f 1135/201/1012 1112/207/1018 1137/203/1014
f 1108/182/993 1109/212/1022 1135/201/1012
f 1108/182/993 1135/201/1012 1134/1141/1009
f 1122/213/995 1106/175/986 1110/176/989
f 1122/213/995 1110/176/989 1123/214/1023
f 1141/205/1017 1145/209/1019 1147/216/1024
f 1141/205/1017 1147/216/1024 1139/215/1025
f 1147/216/1024 1149/218/1026 1148/217/1027
f 1147/216/1024 1148/217/1027 1139/215/1025
f 1149/1143/1026 1151/1144/1028 1150/221/1029
f 1149/1143/1026 1150/221/1029 1148/1145/1027
f 1151/1144/1028 1152/223/1030 1150/221/1029
f 1152/223/1030 1151/1144/1028 1160/225/1031
f 1152/223/1030 1160/225/1031 1153/224/1032
f 1155/1146/1033 1157/1147/1034 1161/1148/1035
f 1155/1146/1033 1161/1148/1035 1159/1149/1036
f 1161/1148/1035 1157/1147/1034 1158/1150/1037
f 1154/1151/1038 1159/1149/1036 1161/1148/1035
f 1154/1151/1038 1161/1148/1035 1156/1152/1039
f 1156/1152/1039 1161/1148/1035 1158/1150/1037
f 1166/232/1040 1152/223/1030 1153/224/1032
f 1166/232/1040 1153/224/1032 1169/1153/1041
f 1151/1144/1028 1149/1143/1026 1162/1154/1042
f 1147/216/1024 1164/236/1043 1163/235/1044
f 1147/216/1024 1163/235/1044 1149/218/1026
f 1149/1143/1026 1163/237/1044 1162/1154/1042
f 1148/217/1027 1165/239/1045 1175/238/1046
f 1148/217/1027 1175/238/1046 1139/215/1025
f 1148/1145/1027 1166/232/1040 1165/240/1045
f 1162/1154/1042 1176/242/1047 1167/241/1048
f 1162/1154/1042 1167/241/1048 1160/225/1031
f 1167/241/1048 1168/243/1049 1155/1146/1033
f 1167/241/1048 1155/1146/1033 1160/225/1031
f 1163/237/1044 1234/244/1050 1176/242/1047
f 1163/237/1044 1176/242/1047 1162/1154/1042
f 1154/1151/1038 1173/245/1051 1169/1153/1041
f 1154/1151/1038 1169/1153/1041 1153/224/1032
f 1173/245/1051 1171/1155/1052 1170/1156/1053
f 1173/245/1051 1170/1156/1053 1169/1153/1041
f 1167/241/1048 1170/1157/1053 1171/1158/1052
f 1167/241/1048 1171/1158/1052 1168/243/1049
f 1168/243/1049 1171/1158/1052 1172/1159/1054
f 1168/243/1049 1172/1159/1054 1155/1146/1033
f 1171/1155/1052 1173/245/1051 1154/1151/1038
f 1171/1155/1052 1154/1151/1038 1172/1160/1054
f 1172/1159/1054 1157/1147/1034 1155/1146/1033
f 1156/1152/1039 1172/1160/1054 1154/1151/1038
f 1157/1147/1034 1172/1159/1054 1158/1150/1037
f 1172/1160/1054 1156/1152/1039 1158/1150/1037
f 1074/1122/961 1096/1161/978 1080/1123/962
f 1096/1161/978 1085/1162/1055 1079/144/968
f 1096/1161/978 1079/144/968 1080/1123/962
f 1142/1163/1056 1201/211/1021 1136/200/1013
f 1142/1163/1056 1136/200/1013 1138/202/1015
f 1167/241/1048 1176/242/1047 1170/1157/1053
f 1170/1156/1053 1179/257/1057 1178/256/1058
f 1170/1156/1053 1178/256/1058 1169/1153/1041
f 1176/242/1047 1177/259/1059 1179/258/1057
f 1176/242/1047 1179/258/1057 1170/1157/1053
f 1169/1153/1041 1178/256/1058 1165/240/1045
f 1169/1153/1041 1165/240/1045 1166/232/1040
f 1181/1164/1060 1180/1165/1061 1174/262/1062
f 1181/1164/1060 1174/262/1062 1175/261/1046
f 1181/1164/1060 1183/1166/1063 1182/1167/1064
f 1181/1164/1060 1182/1167/1064 1180/1165/1061
f 1185/1168/1065 1187/1169/1066 1186/268/1067
f 1185/1168/1065 1186/268/1067 1184/1170/1068
f 1184/1170/1068 1186/268/1067 1188/1171/1069
f 1185/1168/1065 1183/1166/1063 1192/1172/1070
f 1185/1168/1065 1192/1172/1070 1191/271/1071
f 1181/1164/1060 1197/1173/1072 1192/1172/1070
f 1181/1164/1060 1192/1172/1070 1183/1166/1063
f 1190/273/1073 1193/1174/1074 1194/275/1075
f 1190/273/1073 1194/275/1075 1189/1175/1076
f 1192/1172/1070 1194/278/1075 1193/1176/1074
f 1192/1172/1070 1193/1176/1074 1191/271/1071
f 1195/1177/1077 1187/1169/1066 1185/1168/1065
f 1194/275/1075 1196/280/1078 1189/1175/1076
f 1192/1172/1070 1197/1173/1072 1196/281/1078
f 1192/1172/1070 1196/281/1078 1194/278/1075
f 1142/1163/1056 1199/1178/1079 1200/282/1080
f 1180/1165/1061 1189/1175/1076 1199/1179/1079
f 1180/1165/1061 1199/1179/1079 1174/262/1062
f 1144/210/1020 1202/285/1081 1216/198/1011
f 1144/210/1020 1216/198/1011 1143/1142/1010
f 1201/211/1021 1203/286/1082 1202/285/1081
f 1201/211/1021 1202/285/1081 1144/210/1020
f 1179/287/1057 1204/290/1083 1209/289/1084
f 1179/287/1057 1209/289/1084 1178/288/1058
f 1177/291/1059 1236/292/1085 1204/290/1083
f 1177/291/1059 1204/290/1083 1179/287/1057
f 1204/290/1083 1206/293/1086 1208/1180/1087
f 1204/290/1083 1208/1180/1087 1209/289/1084
f 1236/292/1085 1205/294/1088 1206/293/1086
f 1236/292/1085 1206/293/1086 1204/290/1083
f 1206/293/1086 1207/295/1089 1200/282/1080
f 1206/293/1086 1200/282/1080 1208/1180/1087
f 1205/294/1088 1210/296/1090 1207/295/1089
f 1205/294/1088 1207/295/1089 1206/293/1086
f 1182/1167/1064 1184/1170/1068 1190/273/1073
f 1182/1167/1064 1190/273/1073 1189/1175/1076
f 1208/1181/1087 1189/1175/1076 1196/280/1078
f 1208/1181/1087 1196/280/1078 1209/297/1084
f 1145/209/1019 1146/196/1007 1211/298/1091
f 1145/209/1019 1211/298/1091 1164/236/1043
f 1131/1140/1005 1210/300/1090 1212/299/1092
f 1131/1140/1005 1212/299/1092 1132/194/1006
f 1235/301/1093 1213/304/1094 1214/303/1095
f 1235/301/1093 1214/303/1095 1205/302/1088
f 1210/300/1090 1205/302/1088 1214/303/1095
f 1210/300/1090 1214/303/1095 1212/299/1092
f 1146/196/1007 1132/194/1006 1212/299/1092
f 1146/196/1007 1212/299/1092 1211/298/1091
f 1164/236/1043 1211/298/1091 1215/306/1096
f 1164/236/1043 1215/306/1096 1217/305/1097
f 1209/307/1084 1196/281/1078 1197/1173/1072
f 1209/307/1084 1197/1173/1072 1198/308/1098
f 1131/1140/1005 1203/309/1082 1210/300/1090
f 1131/1140/1005 1126/1137/1000 1202/310/1081
f 1131/1140/1005 1202/310/1081 1203/309/1082
f 1216/311/1011 1202/310/1081 1126/1137/1000
f 1217/1182/1097 1215/1183/1096 1218/1184/1099
f 1217/1182/1097 1218/1184/1099 1219/1185/1100
f 1222/317/1101 1223/1186/1102 1221/319/1103
f 1222/317/1101 1221/319/1103 1220/318/1104
f 1225/1187/1105 1224/1188/1106 1222/317/1101
f 1225/1187/1105 1222/317/1101 1220/318/1104
f 1221/319/1103 1227/324/1107 1228/1189/1108
f 1221/319/1103 1228/1189/1108 1219/1185/1100
f 1217/1182/1097 1219/1185/1100 1228/1189/1108
f 1230/325/1109 1226/1190/1110 1231/1191/1111
f 1230/325/1109 1231/1191/1111 1229/1192/1112
f 1228/1189/1108 1227/324/1107 1229/1193/1112
f 1228/1189/1108 1229/1193/1112 1231/1194/1111
f 1224/1188/1106 1225/1187/1105 1232/1195/1113
f 1218/1184/1099 1226/1190/1110 1230/325/1109
f 1218/1184/1099 1230/325/1109 1225/1187/1105
f 1231/1191/1111 1226/1190/1110 1235/333/1093
f 1231/1191/1111 1235/333/1093 1237/332/1114
f 1237/334/1114 1234/335/1050 1228/1189/1108
f 1237/334/1114 1228/1189/1108 1231/1194/1111
f 1058/1113/936 1238/1196/1115 951/343/857
f 1058/1113/936 951/343/857 949/167/855
f 951/343/857 1238/1196/1115 1239/1197/1116
f 951/343/857 1239/1197/1116 952/347/858
f 1238/1196/1115 1009/350/1117 1010/349/1118
f 1238/1196/1115 1010/349/1118 1239/1197/1116
f 954/354/295 309/357/296 1048/356/925
f 954/354/295 1048/356/925 956/355/861
f 309/357/296 310/359/298 1243/1198/1119
f 309/357/296 1243/1198/1119 1048/356/925
f 310/359/298 312/361/300 1243/1198/1119
f 312/361/300 314/363/302 1244/362/1120
f 312/361/300 1244/362/1120 1243/1198/1119
f 314/363/302 316/365/304 1245/364/1121
f 314/363/302 1245/364/1121 1244/362/1120
f 316/365/304 318/367/306 1246/366/1122
f 316/365/304 1246/366/1122 1245/364/1121
f 318/367/306 320/369/308 1247/368/1123
f 318/367/306 1247/368/1123 1246/366/1122
f 320/369/308 322/371/310 1248/370/1124
f 320/369/308 1248/370/1124 1247/368/1123
f 322/371/310 324/373/312 1249/372/1125
f 322/371/310 1249/372/1125 1248/370/1124
f 1245/364/1121 1287/375/1126 1250/374/1127
f 1245/364/1121 1250/374/1127 1244/362/1120
f 1246/366/1122 1252/377/1128 1251/376/1129
f 1246/366/1122 1251/376/1129 1245/364/1121
f 1247/368/1123 1253/378/1130 1252/377/1128
f 1247/368/1123 1252/377/1128 1246/366/1122
f 1248/370/1124 1254/379/1131 1253/378/1130
f 1248/370/1124 1253/378/1130 1247/368/1123
f 1249/372/1125 330/380/319 1254/379/1131
f 1249/372/1125 1254/379/1131 1248/370/1124
f 1250/374/1127 1255/381/1132 1243/1198/1119
f 1250/374/1127 1243/1198/1119 1244/362/1120
f 1250/374/1127 1270/383/1133 1256/1199/1134
f 1250/374/1127 1256/1199/1134 1255/381/1132
f 1256/1199/1134 1257/384/1135 1255/381/1132
f 1257/384/1135 1259/1200/1136 1255/381/1132
f 1261/386/1137 1262/387/1138 1243/1198/1119
f 1261/386/1137 1243/1198/1119 1259/1200/1136
f 1261/386/1137 1264/1201/1139 1262/387/1138
f 1265/389/1140 1267/1202/1141 1268/1203/1142
f 1265/389/1140 1268/1203/1142 1266/1204/1143
f 1265/389/1140 1269/1205/1144 1267/1202/1141
f 1267/1202/1141 348/395/334 347/394/333
f 1266/1204/1143 349/396/335 1270/383/1133
f 1268/1203/1142 349/396/335 1266/1204/1143
f 1048/356/925 1243/1198/1119 1262/387/1138
f 1048/356/925 1262/387/1138 1050/397/926
f 1259/1200/1136 1243/1198/1119 1255/381/1132
f 1267/1202/1141 347/394/333 1268/1203/1142
f 1271/1206/1145 1274/1207/1146 1276/399/1147
f 1271/1206/1145 1276/399/1147 1256/1199/1134
f 1273/1208/1148 1278/403/1149 1277/1209/1150
f 1260/404/1151 1273/1208/1148 1277/1209/1150
f 1260/404/1151 1277/1209/1150 1264/1201/1139
f 1274/1207/1146 1271/1206/1145 1290/406/1152
f 1280/1210/1153 1274/1207/1146 1279/409/1154
f 1282/407/1155 1050/397/926 1262/387/1138
f 1282/407/1155 1262/387/1138 1264/1201/1139
f 362/408/346 367/410/348 1279/409/1154
f 362/408/346 1279/409/1154 1274/1207/1146
f 1285/411/1156 368/414/352 388/413/351
f 1285/411/1156 388/413/351 1295/412/1157
f 1252/377/1128 370/416/354 369/415/353
f 1252/377/1128 369/415/353 1251/376/1129
f 1253/378/1130 371/417/355 370/416/354
f 1253/378/1130 370/416/354 1252/377/1128
f 1254/379/1131 372/418/356 371/417/355
f 1254/379/1131 371/417/355 1253/378/1130
f 1269/1205/1144 1289/1211/1158 1267/1202/1141
f 1294/420/1159 1292/422/1160 1291/421/1161
f 1294/420/1159 1291/421/1161 1282/407/1155
f 1292/422/1160 1294/420/1159 1296/424/1162
f 1292/422/1160 1296/424/1162 1293/1212/1163
f 1295/412/1157 388/413/351 389/426/364
f 1295/412/1157 389/426/364 1297/425/1164
f 1242/434/1165 1062/104/930 1063/102/929
f 1242/434/1165 1063/102/929 1302/1213/1166
f 1302/1213/1166 1304/438/1167 1306/437/1168
f 1302/1213/1166 1306/437/1168 1305/436/1169
f 1303/439/1170 1310/442/1171 1318/441/1172
f 1303/439/1170 1318/441/1172 1311/440/1173
f 1240/1214/1174 1320/446/1175 1321/445/1176
f 964/457/865 1322/460/1177 1323/459/1178
f 964/457/865 1323/459/1178 966/458/868
f 1322/460/1177 964/457/865 1321/462/1176
f 1322/460/1177 1321/462/1176 1320/461/1175
f 1323/459/1178 979/464/874 978/463/871
f 1323/459/1178 978/463/871 966/458/868
f 985/465/881 988/468/884 1551/1215/1179
f 985/465/881 1551/1215/1179 1547/466/1180
f 1588/469/1181 1325/472/1182 1328/471/1183
f 1588/469/1181 1328/471/1183 1589/470/1184
f 1328/471/1183 1335/475/1185 1336/1216/1186
f 1328/471/1183 1336/1216/1186 1337/1217/1187
f 1350/476/1188 1347/478/1189 1336/1218/1186
f 389/426/364 461/480/411 1341/479/1190
f 389/426/364 1341/479/1190 1297/425/1164
f 1315/1219/1191 1340/483/1192 1341/479/1190
f 1315/1219/1191 1341/479/1190 1342/482/1193
f 1314/484/1194 1313/485/1195 1315/1219/1191
f 1314/484/1194 1315/1219/1191 1342/482/1193
f 1314/486/1194 1342/489/1193 1335/488/1185
f 1314/486/1194 1335/488/1185 1328/487/1183
f 964/457/865 963/491/864 965/490/1196
f 964/457/865 965/490/1196 1321/462/1176
f 979/464/874 1323/459/1178 1324/503/1197
f 979/464/874 1324/503/1197 980/502/887
f 1347/478/1189 460/506/429 479/505/428
f 1347/478/1189 479/505/428 1348/504/1198
f 479/505/428 481/508/431 1368/507/1199
f 479/505/428 1368/507/1199 1348/504/1198
f 1345/509/1200 1352/1220/1201 1344/1221/1202
f 1343/512/1203 1353/514/1204 1354/513/1205
f 1343/512/1203 1354/513/1205 1345/509/1200
f 1345/509/1200 1354/513/1205 1355/1222/1206
f 1345/509/1200 1355/1222/1206 1352/1220/1201
f 1365/516/1207 1357/1223/1208 1356/518/1209
f 1365/516/1207 1356/518/1209 1353/517/1204
f 1354/513/1205 1356/521/1209 1358/1224/1210
f 1354/513/1205 1358/1224/1210 1355/1222/1206
f 1356/518/1209 1357/1223/1208 1360/1225/1211
f 1356/521/1209 1360/1226/1211 1358/1224/1210
f 1359/1227/1212 1358/1224/1210 1360/1226/1211
f 1365/516/1207 1364/526/1213 1361/1228/1214
f 1365/516/1207 1361/1228/1214 1357/1223/1208
f 1358/1224/1210 1362/1229/1215 1355/1222/1206
f 1357/1223/1208 1361/1228/1214 1363/1230/1216
f 1359/1227/1212 1363/1230/1216 1362/1229/1215
f 1359/1227/1212 1362/1229/1215 1358/1224/1210
f 1362/1229/1215 1363/1230/1216 1361/1228/1214
f 1362/1229/1215 1361/1228/1214 1364/526/1213
f 1362/1229/1215 1364/526/1213 1366/528/1217
f 1366/528/1217 1369/530/1218 1367/529/1219
f 1366/528/1217 1367/529/1219 1355/1222/1206
f 1367/529/1219 1352/1220/1201 1355/1222/1206
f 1365/516/1207 1368/532/1199 1370/531/1220
f 1365/516/1207 1370/531/1220 1364/526/1213
f 1538/533/1221 1426/536/1222 1372/535/1223
f 1538/533/1221 1372/535/1223 1371/534/1224
f 1538/533/1221 1371/534/1224 1375/538/1225
f 1538/533/1221 1375/538/1225 1374/537/1226
f 1373/539/1227 1377/542/1228 1376/541/1229
f 1373/539/1227 1376/541/1229 1372/540/1223
f 1373/539/1227 1389/544/1230 1379/543/1231
f 1373/539/1227 1379/543/1231 1377/542/1228
f 1378/545/1232 1398/1231/1233 1381/546/1234
f 1378/545/1232 1381/546/1234 1375/538/1225
f 1379/543/1231 1389/544/1230 1388/1232/1235
f 1379/543/1231 1388/1232/1235 1382/548/1236
f 1384/550/1237 1387/1233/1238 1386/552/1239
f 1384/550/1237 1386/552/1239 1385/551/1240
f 1380/554/1241 1386/552/1239 1387/1233/1238
f 1383/555/1242 1388/1232/1235 1389/544/1230
f 1383/555/1242 1389/544/1230 1380/554/1241
f 1387/1233/1238 1391/556/1243 1388/1232/1235
f 1393/557/1244 1374/537/1226 1375/538/1225
f 1393/557/1244 1375/538/1225 1381/546/1234
f 1394/1234/1245 1414/560/1246 1395/559/1247
f 1371/534/1224 1397/1235/1248 1378/545/1232
f 1371/534/1224 1378/545/1232 1375/538/1225
f 1377/542/1228 1399/1236/1249 1376/541/1229
f 1397/1235/1248 1400/1237/1250 1378/545/1232
f 1401/564/1251 1399/1236/1249 1377/542/1228
f 1401/564/1251 1377/542/1228 1379/543/1231
f 1398/1231/1233 1404/565/1252 1382/548/1236
f 1382/548/1236 1404/565/1252 1401/564/1251
f 1382/548/1236 1401/564/1251 1379/543/1231
f 1376/566/1229 1399/1238/1249 1397/1235/1248
f 1378/545/1232 1400/1237/1250 1398/1231/1233
f 1399/1238/1249 1403/568/1253 1397/1235/1248
f 1401/564/1251 1405/569/1254 1399/1236/1249
f 1400/1237/1250 1402/570/1255 1404/565/1252
f 1400/1237/1250 1404/565/1252 1398/1231/1233
f 1405/569/1254 1401/564/1251 1404/565/1252
f 1405/569/1254 1404/565/1252 1402/570/1255
f 1399/1236/1249 1405/569/1254 1407/1239/1256
f 1399/1236/1249 1407/1239/1256 1406/571/1257
f 1403/568/1253 1406/1240/1257 1400/1237/1250
f 1400/1237/1250 1406/1240/1257 1407/1239/1256
f 1400/1237/1250 1407/1239/1256 1402/570/1255
f 1405/569/1254 1402/570/1255 1407/1239/1256
f 522/574/489 1373/539/1227 1430/576/1258
f 522/574/489 1430/576/1258 1408/575/1259
f 481/577/431 543/580/493 1410/579/1260
f 481/577/431 1410/579/1260 1368/578/1199
f 1408/581/1259 1411/584/1261 545/583/494
f 1408/581/1259 545/583/494 522/582/489
f 1370/585/1220 1410/579/1260 1411/584/1261
f 1370/585/1220 1411/584/1261 1409/586/1262
f 1411/584/1261 1412/1241/1263 547/588/498
f 1411/584/1261 547/588/498 545/583/494
f 1411/584/1261 1410/579/1260 543/580/493
f 1411/584/1261 543/580/493 1412/1241/1263
f 1417/592/1264 1419/1242/1265 1415/593/1266
f 1420/595/1267 1421/596/1268 1419/1242/1265
f 1420/595/1267 1419/1242/1265 1417/592/1264
f 1369/597/1218 1409/600/1262 1542/1243/1269
f 1369/597/1218 1542/1243/1269 1429/1244/1270
f 1373/539/1227 522/574/489 514/601/509
f 1373/539/1227 514/601/509 1386/552/1239
f 1422/602/1271 1433/1245/1272 1431/604/1273
f 1422/602/1271 1431/604/1273 1418/603/1274
f 1420/595/1267 1418/603/1274 1431/604/1273
f 1420/595/1267 1431/604/1273 1421/596/1268
f 559/606/514 1434/608/1275 1416/1246/1276
f 560/609/517 580/611/519 1439/610/1277
f 560/609/517 1439/610/1277 1438/1247/1278
f 1445/1248/1279 1452/1249/1280 1453/614/1281
f 1445/1248/1279 1453/614/1281 1448/613/1282
f 1441/616/1283 1456/618/1284 1436/1250/1285
f 1432/619/1286 1459/621/1287 1460/620/1288
f 1432/619/1286 1460/620/1288 1433/1245/1272
f 1461/622/1289 1460/620/1288 1459/621/1287
f 1461/622/1289 1459/621/1287 1457/1251/1290
f 1458/624/1291 1467/625/1292 1460/620/1288
f 1458/624/1291 1460/620/1288 1461/622/1289
f 1462/626/1293 1468/627/1294 1467/625/1292
f 1462/626/1293 1467/625/1292 1458/624/1291
f 1478/628/1295 1477/630/1296 1453/614/1281
f 1478/628/1295 1453/614/1281 1470/629/1297
f 1487/1252/1298 1488/633/1299 1486/632/1300
f 1486/632/1300 1494/636/1301 1495/1253/1302
f 1486/632/1300 1495/1253/1302 1487/1252/1298
f 1489/637/1303 1496/1254/1304 1494/636/1301
f 1489/637/1303 1494/636/1301 1486/632/1300
f 1494/636/1301 1497/639/1305 1495/1253/1302
f 1496/1254/1304 1497/639/1305 1494/636/1301
f 1498/640/1306 1496/1254/1304 1489/637/1303
f 1498/640/1306 1489/637/1303 1492/641/1307
f 1492/641/1307 1499/1255/1308 1500/642/1309
f 1492/641/1307 1500/642/1309 1498/640/1306
f 1498/640/1306 1500/642/1309 1513/1256/1310
f 1498/640/1306 1513/1256/1310 1514/644/1311
f 1508/1257/1312 1488/633/1299 1487/1252/1298
f 1508/1257/1312 1487/1252/1298 1473/647/1313
f 1508/1257/1312 1491/649/1314 1490/648/1315
f 1508/1257/1312 1490/648/1315 1488/633/1299
f 1490/648/1315 1491/649/1314 1509/1258/1316
f 1490/648/1315 1509/1258/1316 1507/650/1317
f 1503/652/1318 1521/1259/1319 1511/1260/1320
f 1503/652/1318 1511/1260/1320 1501/653/1321
f 1502/1261/1322 1521/1259/1319 1503/652/1318
f 1512/1262/1323 1514/644/1311 1513/1256/1310
f 1496/1254/1304 1503/652/1318 1501/653/1321
f 1496/1254/1304 1501/653/1321 1497/639/1305
f 1519/658/1324 1511/1260/1320 1517/1263/1325
f 1519/658/1324 1517/1263/1325 1516/1264/1326
f 1517/1263/1325 1518/1265/1327 1516/1264/1326
f 1519/658/1324 1520/1266/1328 1511/1260/1320
f 1520/1266/1328 1524/1267/1329 1522/1268/1330
f 1516/1264/1326 1525/1269/1331 1519/658/1324
f 1519/658/1324 1525/1269/1331 1524/1267/1329
f 1519/658/1324 1524/1267/1329 1520/1266/1328
f 1526/670/1332 1523/1270/1333 1522/1268/1330
f 1526/670/1332 1522/1268/1330 1524/1267/1329
f 1506/1271/1334 1544/672/1335 1487/1252/1298
f 1506/1271/1334 1487/1252/1298 1495/1253/1302
f 1473/647/1313 1487/1252/1298 1536/674/1336
f 1473/647/1313 1536/674/1336 1537/673/1337
f 1285/411/1156 1279/409/1154 367/410/348
f 1285/411/1156 367/410/348 368/414/352
f 1333/675/1338 1527/677/1339 1331/1272/1340
f 1530/678/1341 1331/1272/1340 1527/677/1339
f 1530/678/1341 1527/677/1339 1529/679/1342
f 1527/1273/1339 1533/1274/1343 1534/1275/1344
f 1527/1273/1339 1534/1275/1344 1540/681/1345
f 1333/1276/1338 1533/1274/1343 1527/1273/1339
f 1367/529/1219 1531/685/1346 1352/1220/1201
f 1531/1277/1346 1532/688/1347 1352/687/1201
f 1534/1275/1344 1531/1277/1346 1540/681/1345
f 1536/674/1336 1535/1278/1348 1538/689/1221
f 1536/674/1336 1538/689/1221 1537/673/1337
f 1537/673/1337 1374/695/1226 1475/694/1349
f 1537/673/1337 1475/694/1349 1476/693/1350
f 1427/1279/1351 1539/1280/1352 1428/1281/1353
f 1535/696/1348 1540/699/1345 1539/1280/1352
f 1535/696/1348 1539/1280/1352 1427/1279/1351
f 1429/1244/1270 1543/1282/1354 1367/700/1219
f 1429/1244/1270 1367/700/1219 1369/597/1218
f 1540/699/1345 1531/1283/1346 1543/702/1354
f 1540/699/1345 1543/702/1354 1539/1280/1352
f 1531/1283/1346 1367/703/1219 1543/702/1354
f 1427/1279/1351 1428/1281/1353 1426/705/1222
f 1427/1279/1351 1426/705/1222 1538/704/1221
f 1547/466/1180 1548/708/1355 1510/1284/1356
f 1547/466/1180 1510/1284/1356 987/706/883
f 1499/1255/1308 1546/1285/1357 1550/1286/1358
f 1499/1255/1308 1550/1286/1358 1500/642/1309
f 1500/642/1309 1550/1286/1358 1549/1287/1359
f 1500/642/1309 1549/1287/1359 1513/1256/1310
f 1547/466/1180 1551/1215/1179 1548/708/1355
f 1499/1255/1308 1492/641/1307 1493/713/1360
f 1499/1255/1308 1493/713/1360 1551/1215/1179
f 1550/1286/1358 1562/1288/1361 1552/714/1362
f 1555/715/1363 1552/716/1362 1523/1270/1333
f 1555/715/1363 1523/1270/1333 1526/670/1332
f 1553/717/1364 1523/1270/1333 1552/716/1362
f 1553/717/1364 1552/716/1362 1562/718/1361
f 1506/1271/1334 1553/717/1364 1545/719/1365
f 1506/1271/1334 1545/719/1365 1544/672/1335
f 1553/717/1364 1562/718/1361 1530/720/1341
f 1553/717/1364 1530/720/1341 1545/719/1365
f 1524/1267/1329 1554/721/1366 1555/715/1363
f 1524/1267/1329 1555/715/1363 1526/670/1332
f 1518/1265/1327 1674/723/1367 1556/1289/1368
f 1518/1265/1327 1556/1289/1368 1516/1264/1326
f 1674/724/1367 1587/727/1369 1557/726/1370
f 1674/724/1367 1557/726/1370 1556/1290/1368
f 1556/1290/1368 1557/726/1370 1558/728/1371
f 1557/726/1370 1587/727/1369 1565/730/1372
f 1557/726/1370 1565/730/1372 1559/1291/1373
f 1559/1291/1373 1561/1292/1374 1557/726/1370
f 1559/1291/1373 1502/1261/1322 1512/1262/1323
f 1559/1291/1373 1512/1262/1323 1513/1256/1310
f 1561/1292/1374 1559/1291/1373 1513/1256/1310
f 1558/728/1371 1561/1292/1374 1549/1287/1359
f 1558/728/1371 1549/1287/1359 1563/733/1375
f 1561/1292/1374 1513/1256/1310 1549/1287/1359
f 1554/734/1366 1558/728/1371 1563/733/1375
f 1554/734/1366 1563/733/1375 1555/735/1363
f 1563/733/1375 1550/1286/1358 1552/714/1362
f 1563/733/1375 1552/714/1362 1555/735/1363
f 1562/1288/1361 1550/1286/1358 1528/737/1376
f 1562/1288/1361 1528/737/1376 1530/736/1341
f 1560/1293/1377 1564/740/1046 1515/1294/1378
f 1560/1293/1377 1565/730/1372 1577/741/1379
f 1560/1293/1377 1577/741/1379 1564/740/1046
f 1567/1295/1380 1566/743/1381 1517/1263/1325
f 1567/1295/1380 1517/1263/1325 1515/1294/1378
f 1569/1296/1382 1568/1297/1383 1515/1294/1378
f 1569/1296/1382 1515/1294/1378 1564/740/1046
f 1675/1298/1384 1517/1263/1325 1566/743/1381
f 1675/1298/1384 1566/743/1381 1570/1299/1385
f 1633/747/1386 1567/1295/1380 1568/1297/1383
f 1567/1295/1380 1652/749/1387 1653/1300/1388
f 1567/1295/1380 1653/1300/1388 1566/743/1381
f 1566/743/1381 1653/1300/1388 1676/1301/1389
f 1566/743/1381 1676/1301/1389 1570/1299/1385
f 1569/1296/1382 1572/1302/1390 1571/1303/1391
f 1569/1296/1382 1571/1303/1391 1568/1297/1383
f 1572/1302/1390 1575/1304/1392 1573/1305/1393
f 1572/1302/1390 1573/1305/1393 1571/1303/1391
f 1564/740/1046 1577/741/1379 1614/755/1394
f 1564/740/1046 1614/755/1394 1615/1306/1395
f 1569/1296/1382 1578/1307/1396 1579/756/1397
f 1569/1296/1382 1579/756/1397 1572/1302/1390
f 1572/1302/1390 1579/756/1397 1574/1308/1398
f 1572/1302/1390 1574/1308/1398 1575/1304/1392
f 1582/759/1399 1581/1309/1400 1573/1305/1393
f 1582/759/1399 1573/1305/1393 1575/1304/1392
f 1574/1308/1398 1582/759/1399 1575/1304/1392
f 1583/1310/1401 1581/1309/1400 1582/759/1399
f 1574/1308/1398 1583/1310/1401 1582/759/1399
f 1577/741/1379 1584/1311/1402 1614/755/1394
f 1587/727/1369 1584/1311/1402 1577/741/1379
f 1587/727/1369 1577/741/1379 1565/730/1372
f 1326/1312/1403 1588/469/1181 1589/470/1184
f 1326/1312/1403 1589/470/1184 1329/764/1404
f 1337/1217/1187 1346/765/1405 1329/764/1404
f 1337/1217/1187 1329/764/1404 1589/470/1184
f 1592/766/1406 1590/1313/1407 1462/626/1293
f 1592/766/1406 1462/626/1293 1464/767/1408
f 1478/628/1295 1470/629/1297 1598/1314/1409
f 1478/628/1295 1598/1314/1409 1480/1315/1410
f 1485/1316/1411 1478/628/1295 1480/1315/1410
f 1595/772/1412 1601/1317/1413 1509/1258/1316
f 1595/772/1412 1509/1258/1316 1491/649/1314
f 1603/1318/1414 1590/1313/1407 1605/1319/1415
f 1603/1318/1414 1605/1319/1415 1598/1314/1409
f 1509/1258/1316 1604/1320/1416 1591/1321/1417
f 1472/1322/1418 1484/780/1419 1483/1323/1420
f 1608/781/1421 1571/1303/1391 1573/1305/1393
f 1608/781/1421 1573/1305/1393 1581/1309/1400
f 1607/1324/1422 1568/1297/1383 1571/1303/1391
f 1607/1324/1422 1571/1303/1391 1608/781/1421
f 1609/783/1423 1580/1325/1424 1574/1308/1398
f 1609/783/1423 1574/1308/1398 1610/1326/1425
f 1611/1327/1426 1581/1309/1400 1612/787/1427
f 1610/1328/1425 1611/1329/1426 1612/790/1427
f 1610/1328/1425 1612/790/1427 1609/789/1423
f 1580/792/1424 1609/789/1423 1612/790/1427
f 1580/792/1424 1612/790/1427 1581/793/1400
f 1583/1330/1401 1580/792/1424 1581/793/1400
f 1651/795/1428 1611/1329/1426 1610/1328/1425
f 1651/795/1428 1610/1328/1425 1613/1331/1429
f 1608/781/1421 1581/1309/1400 1611/1327/1426
f 1607/1324/1422 1608/781/1421 1611/1327/1426
f 1607/1324/1422 1611/1327/1426 1651/797/1428
f 1613/1332/1429 1610/1326/1425 1579/756/1397
f 1613/1332/1429 1579/756/1397 1578/1307/1396
f 1614/755/1394 1616/1333/1430 1615/1306/1395
f 1616/1333/1430 1617/1334/1431 1615/1306/1395
f 1614/755/1394 1584/1311/1402 1621/802/1432
f 1614/755/1394 1621/802/1432 1616/1333/1430
f 1621/802/1432 1622/804/1433 1620/1335/1434
f 1621/802/1432 1620/1335/1434 1616/1333/1430
f 1623/1336/1435 1619/1337/1436 1618/1338/1437
f 1620/1335/1434 1623/1336/1435 1618/1338/1437
f 1624/807/1438 1617/1334/1431 1619/1337/1436
f 1624/807/1438 1619/1337/1436 1625/1339/1439
f 1576/809/1440 1615/1306/1395 1624/807/1438
f 1626/1340/1441 1622/804/1433 1621/802/1432
f 1626/1340/1441 1621/802/1432 1629/811/1442
f 1628/812/1443 1624/807/1438 1625/1339/1439
f 1628/812/1443 1625/1339/1439 1627/1341/1444
f 1629/814/1442 1628/817/1443 1627/1342/1444
f 1629/814/1442 1627/1342/1444 1626/1343/1441
f 1620/818/1434 1626/1343/1441 1627/1342/1444
f 1620/818/1434 1627/1342/1444 1625/819/1439
f 1623/1344/1435 1620/818/1434 1625/819/1439
f 1630/821/1445 1628/817/1443 1629/814/1442
f 1630/821/1445 1629/814/1442 1586/822/1446
f 1624/807/1438 1628/812/1443 1630/823/1445
f 1624/807/1438 1630/823/1445 1576/809/1440
f 1586/824/1446 1629/811/1442 1621/802/1432
f 1586/824/1446 1621/802/1432 1584/1311/1402
f 1632/825/1447 1586/1345/1446 1631/826/1448
f 1613/1331/1429 1632/825/1447 1651/795/1428
f 1579/756/1397 1610/1326/1425 1574/1308/1398
f 1633/747/1386 1635/1346/1449 1634/1347/1450
f 1633/747/1386 1634/1347/1450 1567/1295/1380
f 1635/1346/1449 1636/1348/1451 1634/1347/1450
f 1636/1348/1451 1637/1349/1452 1634/1347/1450
f 1633/747/1386 1607/1324/1422 1640/832/1453
f 1633/747/1386 1640/832/1453 1635/1346/1449
f 1636/1348/1451 1640/832/1453 1639/1350/1454
f 1638/1351/1455 1642/1352/1456 1637/1349/1452
f 1639/1350/1454 1643/1353/1457 1638/1351/1455
f 1644/1354/1458 1642/1352/1456 1638/1351/1455
f 1643/1353/1457 1644/1354/1458 1638/1351/1455
f 1645/838/1459 1634/1347/1450 1637/1349/1452
f 1645/838/1459 1637/1349/1452 1646/1355/1460
f 1647/1356/1461 1567/1295/1380 1634/1347/1450
f 1647/1356/1461 1634/1347/1450 1645/838/1459
f 1641/1357/1462 1639/1350/1454 1648/1358/1463
f 1648/1359/1463 1649/1360/1464 1641/844/1462
f 1643/846/1457 1641/844/1462 1649/1360/1464
f 1643/846/1457 1649/1360/1464 1642/847/1456
f 1644/1361/1458 1643/846/1457 1642/847/1456
f 1650/849/1465 1649/1360/1464 1648/1359/1463
f 1672/851/1466 1650/849/1465 1648/1359/1463
f 1672/851/1466 1648/1359/1463 1651/795/1428
f 1645/838/1459 1646/1355/1460 1649/1362/1464
f 1645/838/1459 1649/1362/1464 1650/852/1465
f 1647/1356/1461 1645/838/1459 1650/852/1465
f 1647/1356/1461 1650/852/1465 1672/854/1466
f 1651/797/1428 1648/1358/1463 1640/832/1453
f 1651/797/1428 1640/832/1453 1607/1324/1422
f 1640/832/1453 1648/1358/1463 1639/1350/1454
f 1633/747/1386 1568/1297/1383 1607/1324/1422
f 1652/749/1387 1655/1363/1467 1654/1364/1468
f 1652/749/1387 1654/1364/1468 1653/1300/1388
f 1655/1363/1467 1656/1365/1469 1654/1364/1468
f 1656/1365/1469 1657/1366/1470 1654/1364/1468
f 1652/749/1387 1647/1356/1461 1661/1367/1471
f 1652/749/1387 1661/1367/1471 1655/1363/1467
f 1656/1365/1469 1661/1367/1471 1662/1368/1472
f 1662/1368/1472 1660/1369/1473 1656/1365/1469
f 1664/863/1474 1654/1364/1468 1657/1366/1470
f 1664/863/1474 1657/1366/1470 1665/1370/1475
f 1665/1370/1475 1657/1366/1470 1659/1371/1476
f 1666/1372/1477 1653/1300/1388 1654/1364/1468
f 1666/1372/1477 1654/1364/1468 1664/863/1474
f 1667/867/1478 1662/1368/1472 1668/1373/1479
f 1669/1374/1480 1665/1370/1475 1670/870/1481
f 1668/1375/1479 1669/1376/1480 1670/873/1481
f 1668/1375/1479 1670/873/1481 1667/872/1478
f 1660/875/1473 1667/872/1478 1670/873/1481
f 1660/875/1473 1670/873/1481 1659/876/1476
f 1671/878/1482 1669/1376/1480 1668/1375/1479
f 1671/878/1482 1668/1375/1479 1672/879/1466
f 1664/863/1474 1665/1370/1475 1669/1374/1480
f 1666/1372/1477 1664/863/1474 1669/1374/1480
f 1666/1372/1477 1669/1374/1480 1671/880/1482
f 1672/854/1466 1668/1373/1479 1661/1367/1471
f 1672/854/1466 1661/1367/1471 1647/1356/1461
f 1661/1367/1471 1668/1373/1479 1662/1368/1472
f 1647/1356/1461 1652/749/1387 1567/1295/1380
f 1672/851/1466 1651/795/1428 1632/825/1447
f 1672/851/1466 1632/825/1447 1631/826/1448
f 1673/1377/1483 1631/883/1448 1585/882/1484
f 1673/1378/1483 1674/723/1367 1518/1265/1327
f 1673/1378/1483 1518/1265/1327 1675/1298/1384
f 1570/1299/1385 1673/1378/1483 1675/1298/1384
f 1324/503/1197 1551/1379/1179 988/885/884
f 1324/503/1197 988/885/884 980/502/887
f 1653/1300/1388 1678/1380/1485 1677/1381/1486
f 1653/1300/1388 1677/1381/1486 1676/1301/1389
f 1678/1380/1485 1680/1382/1487 1679/1383/1488
f 1678/1380/1485 1679/1383/1488 1677/1381/1486
f 1653/1300/1388 1666/1372/1477 1682/1384/1489
f 1653/1300/1388 1682/1384/1489 1678/1380/1485
f 1678/1380/1485 1682/1384/1489 1683/1385/1490
f 1678/1380/1485 1683/1385/1490 1680/1382/1487
f 1683/1385/1490 1684/1386/1491 1680/1382/1487
f 1685/1387/1492 1686/1388/1493 1681/1389/1494
f 1685/1387/1492 1681/1389/1494 1679/1383/1488
f 1680/1382/1487 1684/1386/1491 1685/1387/1492
f 1680/1382/1487 1685/1387/1492 1679/1383/1488
f 1687/896/1495 1677/1381/1486 1679/1383/1488
f 1687/896/1495 1679/1383/1488 1681/1389/1494
f 1688/898/1496 1676/1301/1389 1677/1381/1486
f 1688/898/1496 1677/1381/1486 1687/896/1495
f 1689/1390/1497 1681/1389/1494 1690/1391/1498
f 1683/1392/1490 1689/901/1497 1690/900/1498
f 1684/902/1491 1683/1392/1490 1690/900/1498
f 1684/902/1491 1690/900/1498 1686/903/1493
f 1691/904/1499 1689/901/1497 1683/1392/1490
f 1691/904/1499 1683/1392/1490 1682/905/1489
f 1692/906/1500 1691/904/1499 1682/905/1489
f 1692/906/1500 1682/905/1489 1671/878/1482
f 1687/896/1495 1681/1389/1494 1689/1390/1497
f 1687/896/1495 1689/1390/1497 1691/907/1499
f 1688/898/1496 1687/896/1495 1691/907/1499
f 1688/898/1496 1691/907/1499 1692/908/1500
f 1671/880/1482 1682/1384/1489 1666/1372/1477
f 1631/883/1448 1692/906/1500 1671/878/1482
f 1631/883/1448 1671/878/1482 1672/879/1466
f 1688/898/1496 1692/908/1500 1673/1378/1483
f 1688/898/1496 1673/1378/1483 1570/1299/1385
f 1569/1296/1382 1615/1306/1395 1576/809/1440
f 1569/1296/1382 1576/809/1440 1578/1307/1396
f 1613/1332/1429 1578/1307/1396 1576/809/1440
f 1613/1332/1429 1576/809/1440 1630/823/1445
f 1457/1251/1290 1459/621/1287 1698/910/1501
f 1457/1251/1290 1698/910/1501 1694/1393/1502
f 968/911/1503 1695/1394/1504 402/912/748
f 939/1035/846 1696/1395/1505 1693/916/1506
f 939/1035/846 1693/916/1506 1697/915/1507
f 1695/1394/1504 1694/1393/1502 1693/916/1506
f 1695/1394/1504 1693/916/1506 1696/1395/1505
f 1701/918/1508 1439/920/1277 580/919/519
f 1703/1396/1509 1702/1397/1510 1705/923/1511
f 1703/1396/1509 1705/923/1511 1704/922/1512
f 1702/1397/1510 1703/1396/1509 1706/925/1513
f 1702/1397/1510 1706/925/1513 1708/1398/1514
f 1702/1397/1510 1708/1398/1514 1707/1399/1515
f 1710/927/1516 1706/925/1513 1703/1396/1509
f 1710/927/1516 1703/1396/1509 1709/1400/1517
f 1708/1398/1514 1706/925/1513 1710/927/1516
f 1708/1398/1514 1710/927/1516 1711/1401/1518
f 1703/1396/1509 1704/922/1512 1441/930/1283
f 1703/1396/1509 1441/930/1283 1709/1400/1517
f 1707/1399/1515 1711/1402/1518 1712/1403/1519
f 1707/1399/1515 1712/1403/1519 1713/1404/1520
f 1713/1404/1520 1712/1403/1519 1716/934/1521
f 1716/934/1521 1712/1403/1519 1701/1405/1508
f 1716/934/1521 1701/1405/1508 1715/935/1522
f 1715/935/1522 1701/1405/1508 1714/937/1523
f 1712/1403/1519 1710/940/1516 1709/1406/1517
f 1712/1403/1519 1709/1406/1517 1439/1407/1277
f 1702/1397/1510 1713/1404/1520 1718/941/1524
f 1702/1397/1510 1707/1399/1515 1713/1404/1520
f 10/942/6 1697/915/1507 1699/944/1525
f 10/942/6 1699/944/1525 1/943/7
f 1704/964/1512 1705/967/1511 1720/966/1526
f 1704/964/1512 1720/966/1526 1719/1408/1527
f 34/1409/1528 1720/966/1526 1705/967/1511
f 1723/980/1529 1762/983/1530 1761/982/1531
f 1723/980/1529 1761/982/1531 1721/981/1532
f 1763/984/1533 1762/983/1530 1723/980/1529
f 1763/984/1533 1723/980/1529 1725/985/1534
f 1726/1410/1535 1727/988/1536 1730/987/1537
f 1726/1410/1535 1730/987/1537 1729/1411/1538
f 1728/1412/1539 1753/1413/1540 1729/1411/1538
f 1728/1412/1539 1729/1411/1538 1730/987/1537
f 1723/980/1529 1721/981/1532 1731/992/1541
f 1723/980/1529 1731/992/1541 1732/1414/1542
f 1727/988/1536 1725/985/1534 1732/1414/1542
f 1728/1412/1539 1730/987/1537 1733/993/1543
f 1730/987/1537 1727/988/1536 1732/1414/1542
f 1730/987/1537 1732/1414/1542 1733/993/1543
f 1735/994/1544 1736/997/1545 1705/996/1511
f 1735/994/1544 1705/996/1511 1734/995/1546
f 1738/998/1547 1735/994/1544 1734/995/1546
f 1738/998/1547 1734/995/1546 1737/1415/1548
f 1740/1416/1549 1736/997/1545 1735/994/1544
f 1740/1416/1549 1735/994/1544 1741/1417/1550
f 1741/1417/1550 1735/994/1544 1738/998/1547
f 1741/1417/1550 1738/998/1547 1742/1418/1551
f 1745/1002/1552 1740/1416/1549 1741/1417/1550
f 1745/1002/1552 1741/1417/1550 1743/1419/1553
f 1741/1417/1550 1742/1418/1551 1743/1419/1553
f 1745/1002/1552 1743/1419/1553 1744/1004/1554
f 1737/1415/1548 1739/1420/1555 1738/998/1547
f 1742/1418/1551 1738/998/1547 1739/1420/1555
f 29/1421/26 1736/997/1545 1740/1416/1549
f 868/1007/830 1717/1422/1556 1714/1008/1523
f 868/1007/830 1714/1008/1523 580/919/519
f 54/1009/53 1746/1010/1557 1717/1422/1556
f 54/1009/53 1717/1422/1556 868/1007/830
f 1740/1416/1549 1745/1002/1552 1746/1011/1557
f 1748/1018/1558 1/1021/7 1699/1020/1525
f 1748/1018/1558 1699/1020/1525 1747/1019/1559
f 1698/1022/1501 1722/1024/1560 1747/1023/1559
f 1698/1022/1501 1747/1023/1559 1699/1423/1525
f 1751/1026/1561 1749/1424/1562 1724/1027/1563
f 1751/1026/1561 1724/1027/1563 1726/1425/1535
f 1748/1018/1558 1764/1426/1564 4/1030/13
f 1748/1018/1558 4/1030/13 1/1021/7
f 1764/1426/1564 1750/1427/1565 1765/1428/1566
f 1729/1429/1538 1752/1034/1567 1751/1026/1561
f 1729/1429/1538 1751/1026/1561 1726/1425/1535
f 1753/1413/1540 1752/1034/1567 1729/1429/1538
f 1752/1034/1567 1753/1413/1540 1728/1412/1539
f 1752/1034/1567 1728/1412/1539 1733/993/1543
f 1765/1428/1566 1751/1026/1561 1752/1034/1567
f 1765/1428/1566 1752/1034/1567 1733/993/1543
f 1765/1428/1566 1750/1427/1565 1751/1026/1561
f 846/917/753 1696/1395/1505 939/1035/846
f 49/1036/49 939/1035/846 1754/1037/1568
f 1759/1044/1569 997/1430/1570 49/1046/49
f 1759/1044/1569 49/1046/49 1754/1045/1568
f 1759/1044/1569 1758/1431/1571 998/1432/1572
f 1759/1044/1569 998/1432/1572 997/1430/1570
f 1756/1433/1573 1757/1434/1574 1760/1049/1575
f 1756/1433/1573 1760/1049/1575 1759/1044/1569
f 999/1435/1576 998/1432/1572 1758/1431/1571
f 1559/1291/1373 1565/730/1372 1560/1293/1377
f 1559/1291/1373 1560/1293/1377 1502/1261/1322
f 1762/983/1530 1749/1436/1562 1722/1024/1560
f 1762/983/1530 1722/1024/1560 1761/982/1531
f 1724/1094/1563 1749/1436/1562 1762/983/1530
f 1724/1094/1563 1762/983/1530 1763/984/1533
f 1731/992/1541 28/1095/25 4/1030/13
f 1731/992/1541 4/1030/13 1764/1426/1564
f 1/7/7 3/12/12 2/8/8
f 1/7/7 4/13/13 3/12/12
f 2/8/8 3/12/12 5/14/14
f 19/10/10 16/32/32 8/2/2
f 8/2/2 16/32/32 5/14/14
f 24/21/21 27/27/27 22/22/22
f 28/25/25 6/4/4 4/13/13
f 25/23/23 28/25/25 24/21/21
f 5/14/14 16/32/32 30/28/28
f 30/28/28 895/974/799 896/31/31
f 20/18/18 32/33/33 19/10/10
f 21/34/34 32/33/33 20/18/18
f 16/32/32 32/33/33 21/34/34
f 21/34/34 895/974/799 30/28/28
f 34/1437/1528 29/26/26 33/35/35
f 29/26/26 35/37/37 27/27/27
f 23/20/20 14/15/15 26/24/24
f 9/1/1 36/38/38 8/2/2
f 8/2/2 36/38/38 15/11/11
f 15/11/11 36/38/38 14/15/15
f 26/24/24 36/38/38 9/1/1
f 37/1438/50 10/6/6 11/5/5
f 12/9/9 38/1439/1577 11/5/5
f 2/8/8 5/14/14 12/9/9
f 41/41/41 42/43/43 40/40/40
f 12/9/9 39/39/39 40/40/40
f 40/40/40 43/47/47 12/9/9
f 44/46/46 12/9/9 43/47/47
f 43/47/47 40/40/40 42/43/43
f 50/1440/48 12/9/9 44/46/46
f 12/9/9 50/1440/48 38/1439/1577
f 50/48/48 45/54/42 46/51/44
f 37/50/50 38/1441/1577 50/48/48
f 38/1439/1577 37/1438/50 11/5/5
f 55/61/36 57/63/57 56/1442/1578
f 56/1442/1578 57/63/57 53/58/54
f 57/63/57 35/62/37 59/64/58
f 53/58/54 57/63/57 52/59/55
f 60/65/59 68/350/294 69/349/293
f 60/65/59 64/68/62 67/72/66
f 69/349/293 66/1443/1579 65/69/63
f 305/348/292 68/350/294 71/109/103
f 60/65/59 62/67/61 70/106/100
f 68/350/294 72/107/101 71/109/103
f 68/350/294 70/106/100 72/107/101
f 65/69/63 66/1443/1579 110/71/65
f 110/71/65 90/103/97 88/70/64
f 61/66/60 74/74/68 75/85/79
f 74/74/68 76/73/67 77/84/78
f 78/86/80 75/85/79 74/74/68
f 92/83/77 78/86/80 77/84/78
f 77/84/78 78/86/80 74/74/68
f 76/73/67 80/77/71 81/76/70
f 81/76/70 77/84/78 76/73/67
f 80/77/71 79/82/76 82/75/69
f 77/84/78 81/76/70 82/75/69
f 80/77/71 76/73/67 83/79/73
f 83/79/73 85/80/74 84/1444/1580
f 84/1444/1580 80/77/71 83/79/73
f 87/81/75 86/78/72 129/119/113
f 64/68/62 88/70/64 89/120/114
f 89/120/114 67/72/66 64/68/62
f 86/78/72 67/72/66 89/120/114
f 66/1443/1579 121/104/98 110/71/65
f 91/87/81 78/86/80 93/88/82
f 78/86/80 92/83/77 93/88/82
f 97/89/83 99/96/90 94/90/84
f 92/83/77 79/82/76 96/91/85
f 98/92/86 113/1445/1581 99/96/90
f 84/1444/1580 85/80/74 102/1446/1582
f 80/77/71 84/1444/1580 102/1446/1582
f 80/77/71 102/1446/1582 79/82/76
f 114/94/88 100/93/87 101/1447/1583
f 96/91/85 79/82/76 162/1448/1584
f 79/82/76 102/1446/1582 162/1448/1584
f 98/92/86 96/91/85 162/1448/1584
f 91/87/81 94/90/84 103/1449/1585
f 75/85/79 91/87/81 103/1449/1585
f 103/1449/1585 95/1450/1586 75/85/79
f 94/90/84 99/96/90 104/95/89
f 95/1450/1586 103/1449/1585 105/97/91
f 103/1449/1585 94/90/84 105/97/91
f 95/1450/1586 106/1451/126 73/117/111
f 95/1450/1586 105/97/91 106/1451/126
f 75/85/79 73/117/111 61/66/60
f 411/438/376 109/101/95 124/100/94
f 65/69/63 60/65/59 69/349/293
f 108/116/110 90/103/97 122/102/96
f 99/1452/90 113/1453/1581 151/162/149
f 112/1454/1587 113/1445/1581 102/1446/1582
f 101/1447/1583 100/93/87 112/1454/1587
f 100/93/87 111/1455/118 112/1454/1587
f 112/1454/1587 111/1455/118 113/1445/1581
f 101/1447/1583 102/1446/1582 114/94/88
f 114/94/88 102/1446/1582 85/80/74
f 102/1446/1582 101/1447/1583 112/1454/1587
f 68/350/294 60/65/59 70/106/100
f 63/105/99 62/67/61 115/1456/1588
f 115/1456/1588 116/110/104 63/105/99
f 115/1456/1588 62/67/61 116/110/104
f 118/112/106 127/111/105 125/1457/1589
f 90/103/97 108/116/110 120/115/109
f 408/435/373 411/438/376 122/102/96
f 124/100/94 122/102/96 411/438/376
f 118/112/106 125/1457/1589 126/118/112
f 61/66/60 73/117/111 127/111/105
f 116/110/104 118/112/106 126/118/112
f 62/67/61 61/66/60 127/111/105
f 126/118/112 125/1457/1589 127/111/105
f 128/121/115 144/1458/224 130/122/116
f 130/122/116 129/119/113 128/121/115
f 90/103/97 128/121/115 88/70/64
f 90/103/97 144/1458/224 128/121/115
f 90/103/97 120/115/109 144/1458/224
f 144/1458/224 120/115/109 156/158/145
f 119/113/107 133/128/120 157/132/124
f 136/134/125 73/117/111 106/1451/126
f 143/142/132 142/141/131 181/180/162
f 141/140/130 138/144/134 139/137/128
f 145/145/135 148/149/139 146/143/133
f 149/124/117 150/150/140 111/125/118
f 150/150/140 113/1453/1581 111/125/118
f 105/1459/91 152/164/151 106/171/126
f 105/1459/91 99/1452/90 152/164/151
f 154/151/141 153/153/142 161/156/144
f 133/128/120 135/129/121 157/132/124
f 157/132/124 131/114/108 119/113/107
f 142/141/131 155/155/143 170/161/148
f 153/170/142 167/165/152 161/174/144
f 102/1446/1582 113/1445/1581 162/1448/1584
f 162/1448/1584 113/1445/1581 98/92/86
f 99/96/90 97/89/83 98/92/86
f 124/100/94 108/116/110 122/102/96
f 164/167/154 63/105/99 116/110/104
f 164/167/154 117/108/102 63/105/99
f 136/134/125 163/169/153 126/118/112
f 99/1452/90 151/162/149 152/164/151
f 167/165/152 153/170/142 152/164/151
f 150/150/140 151/162/149 113/1453/1581
f 166/1460/156 183/183/165 159/1461/146
f 168/160/147 183/1462/165 169/175/157
f 170/161/148 181/180/162 142/141/131
f 143/142/132 181/180/162 179/147/137
f 168/160/147 169/175/157 178/178/160
f 176/181/163 171/182/164 172/212/192
f 179/147/137 176/181/163 177/148/138
f 145/145/135 147/146/136 174/179/161
f 147/146/136 175/207/188 174/206/161
f 177/148/138 172/212/192 175/207/188
f 176/181/163 172/212/192 177/148/138
f 170/161/148 168/160/147 178/178/160
f 139/137/128 142/141/131 141/140/130
f 166/1460/156 182/184/166 183/183/165
f 185/186/168 184/185/167 186/1463/193
f 188/1464/179 187/192/174 276/311/180
f 189/189/171 187/192/174 196/190/172
f 166/1460/156 160/208/150 182/184/166
f 191/191/173 192/187/169 193/193/175
f 189/189/171 193/193/175 194/195/177
f 191/191/173 193/193/175 189/189/171
f 192/187/169 191/191/173 190/188/170
f 190/188/170 191/191/173 196/190/172
f 186/1463/193 184/185/167 190/188/170
f 186/1463/193 190/188/170 187/192/174
f 186/1463/193 187/192/174 188/1464/179
f 160/208/150 174/206/161 203/204/186
f 205/254/225 202/215/194 201/202/184
f 201/202/184 202/215/194 204/205/187
f 169/175/157 183/1462/165 185/213/168
f 186/214/193 188/197/179 173/176/158
f 215/224/201 221/227/204 222/225/202
f 215/224/201 216/230/207 221/227/204
f 221/227/204 217/226/203 222/225/202
f 214/223/200 212/221/198 227/232/209
f 213/222/199 222/225/202 223/234/211
f 224/235/212 277/305/264 225/236/213
f 227/232/209 212/221/198 210/220/196
f 277/305/264 224/235/212 294/1465/219
f 144/253/224 138/144/134 146/143/133
f 144/253/224 146/143/133 130/123/116
f 146/143/133 149/124/117 130/123/116
f 202/215/194 235/1466/231 236/238/214
f 237/255/226 230/233/210 227/232/209
f 226/239/215 259/1467/266 240/1468/227
f 236/238/214 259/1467/266 226/239/215
f 244/264/233 246/267/236 245/265/234
f 246/267/236 247/266/235 245/265/234
f 250/270/239 249/269/238 248/268/237
f 244/264/233 242/263/232 251/274/243
f 253/271/240 257/279/246 255/277/245
f 255/276/245 257/1469/246 252/273/242
f 257/1469/246 249/269/238 250/270/239
f 246/267/236 252/273/242 250/270/239
f 257/279/246 253/271/240 247/266/235
f 250/270/239 252/273/242 257/1469/246
f 243/260/230 254/272/241 259/308/266
f 243/260/230 259/308/266 236/261/214
f 235/1466/231 205/254/225 260/283/249
f 202/215/194 205/254/225 235/1466/231
f 261/282/248 205/254/225 262/211/191
f 240/288/227 259/1470/266 269/289/252
f 238/242/217 239/259/229 294/244/219
f 268/295/257 261/282/248 262/211/191
f 270/296/258 268/295/257 264/286/251
f 268/295/257 262/211/191 264/286/251
f 207/209/189 209/216/195 225/236/213
f 296/1471/254 266/302/256 295/301/261
f 274/303/262 272/299/260 271/298/259
f 271/298/259 273/304/263 274/303/262
f 275/306/265 273/304/263 271/298/259
f 187/192/174 189/189/171 276/311/180
f 279/316/269 280/315/268 281/318/271
f 283/317/270 284/320/273 285/322/275
f 279/316/269 281/318/271 286/321/274
f 281/318/271 280/315/268 282/319/272
f 279/316/269 287/328/281 275/314/265
f 288/324/277 290/330/279 293/1472/282
f 290/326/279 291/325/278 293/331/282
f 288/324/277 284/320/273 282/319/272
f 284/320/273 293/1472/282 285/322/275
f 293/1472/282 284/320/273 288/324/277
f 286/321/274 293/331/282 291/325/278
f 278/313/267 294/335/219 289/323/276
f 278/313/267 277/312/264 294/335/219
f 275/314/265 287/328/281 273/1473/263
f 287/328/281 295/333/261 273/1473/263
f 294/1474/219 239/1475/229 297/1476/283
f 297/1476/283 296/1471/254 295/301/261
f 239/1475/229 296/1471/254 297/1476/283
f 301/343/288 305/348/292 117/108/102
f 117/108/102 305/348/292 71/109/103
f 307/1477/1590 404/444/382 66/1443/1579
f 305/348/292 398/347/290 307/1477/1590
f 307/1477/1590 69/349/293 305/348/292
f 332/382/321 333/384/323 334/1478/1591
f 334/1478/1591 335/385/324 336/404/342
f 334/1478/1591 333/384/323 335/385/324
f 336/404/342 335/385/324 340/1479/1592
f 335/385/324 337/386/325 340/1479/1592
f 337/386/325 341/388/327 340/1479/1592
f 350/383/322 343/390/329 342/389/328
f 342/389/328 325/374/313 350/383/322
f 325/374/313 342/389/328 346/393/332
f 345/391/330 343/390/329 347/394/333
f 107/98/92 134/127/119 123/99/93
f 332/382/321 351/398/336 350/383/322
f 350/383/322 351/398/336 352/1480/1593
f 332/382/321 334/1478/1591 356/399/337
f 334/1478/1591 336/404/342 356/399/337
f 336/404/342 355/1481/1594 356/399/337
f 336/404/342 353/401/339 355/1481/1594
f 355/1481/1594 354/400/338 356/399/337
f 355/1481/1594 353/401/339 361/1482/1595
f 359/409/347 361/1482/1595 353/401/339
f 353/401/339 358/403/341 359/409/347
f 336/404/342 340/1479/1592 341/388/327
f 354/400/338 355/1481/1594 360/405/343
f 355/1481/1594 361/1482/1595 360/405/343
f 359/409/347 360/405/343 361/1482/1595
f 360/405/343 362/408/346 380/406/344
f 352/1480/1593 351/398/336 380/406/344
f 364/1483/1596 357/402/340 341/388/327
f 357/402/340 364/1483/1596 365/1484/1597
f 341/388/327 363/407/345 364/1483/1596
f 363/407/345 109/397/95 381/421/359
f 109/101/95 411/438/376 381/1485/359
f 366/411/349 358/403/341 357/402/340
f 357/402/340 365/1484/1597 366/411/349
f 366/411/349 359/409/347 358/403/341
f 365/1484/1597 364/1483/1596 385/412/350
f 385/412/350 366/411/349 365/1484/1597
f 372/418/356 330/380/319 329/379/318
f 369/415/353 326/376/315 373/1486/1598
f 378/1487/1599 373/1486/1598 375/1488/1600
f 375/1488/1600 374/375/314 377/419/357
f 373/1486/1598 326/376/315 374/375/314
f 376/1489/1601 344/392/331 348/395/334
f 344/392/331 376/1489/1601 377/419/357
f 377/419/357 376/1489/1601 375/1488/1600
f 374/375/314 326/376/315 315/364/303
f 375/1488/1600 376/1489/1601 378/1487/1599
f 325/374/313 346/393/332 377/419/357
f 377/419/357 374/375/314 325/374/313
f 374/375/314 375/1488/1600 373/1486/1598
f 323/372/311 330/380/319 324/373/312
f 343/390/329 349/396/335 347/394/333
f 350/383/322 352/1480/1593 379/1490/1602
f 352/1480/1593 380/406/344 379/1490/1602
f 362/408/346 379/1490/1602 380/406/344
f 349/396/335 350/383/322 379/1490/1602
f 364/1483/1596 363/407/345 384/420/358
f 384/420/358 385/412/350 364/1483/1596
f 384/420/358 386/424/362 385/412/350
f 386/424/362 383/423/361 387/425/363
f 385/412/350 386/424/362 387/425/363
f 431/456/394 390/432/370 391/429/367
f 391/429/367 393/428/366 392/427/365
f 304/346/291 393/428/366 394/1491/1603
f 397/431/369 394/1491/1603 393/428/366
f 394/1491/1603 397/431/369 396/1492/417
f 302/344/289 304/346/291 396/1492/417
f 396/1492/417 304/346/291 394/1491/1603
f 396/1492/417 398/345/290 302/344/289
f 398/347/290 396/1493/417 307/1477/1590
f 390/432/370 431/456/394 432/450/388
f 604/1494/747 605/1495/1604 549/1496/1605
f 405/1497/1606 308/434/372 121/104/98
f 404/444/382 306/443/381 66/1443/1579
f 66/1443/1579 306/443/381 428/1498/1607
f 66/1443/1579 428/1498/1607 121/104/98
f 403/1499/1608 405/1497/1606 121/104/98
f 403/1499/1608 407/1500/1609 427/1501/1610
f 405/1497/1606 427/1501/1610 406/1502/1611
f 406/1502/1611 308/434/372 405/1497/1606
f 427/1501/1610 405/1497/1606 403/1499/1608
f 409/439/377 411/438/376 413/437/375
f 408/435/373 410/1503/1612 412/436/374
f 410/1503/1612 425/1504/1613 412/436/374
f 412/436/374 423/1505/1614 413/437/375
f 413/437/375 423/1505/1614 409/439/377
f 416/1506/1615 419/1507/1616 415/1508/1617
f 411/438/376 409/439/377 414/1509/1618
f 419/1507/1616 382/422/360 415/1508/1617
f 382/422/360 381/421/359 415/1508/1617
f 415/1508/1617 381/421/359 416/1506/1615
f 416/1510/1615 414/1509/1618 417/442/380
f 417/442/380 414/1509/1618 409/439/377
f 381/1485/359 414/1509/1618 416/1510/1615
f 414/1509/1618 381/1485/359 411/438/376
f 416/1506/1615 422/481/412 419/1507/1616
f 426/441/379 421/1511/415 420/1512/416
f 418/440/378 421/1511/415 426/441/379
f 416/1506/1615 420/485/416 422/481/412
f 420/1512/416 416/1510/1615 417/442/380
f 409/439/377 424/1513/1619 418/440/378
f 418/440/378 424/1513/1619 410/1503/1612
f 409/439/377 423/1505/1614 424/1513/1619
f 423/1505/1614 412/436/374 425/1504/1613
f 410/1503/1612 424/1513/1619 425/1504/1613
f 425/1504/1613 424/1513/1619 423/1505/1614
f 420/1512/416 417/442/380 426/441/379
f 410/1503/1612 408/435/373 308/434/372
f 308/434/372 406/1502/1611 445/1514/404
f 406/1502/1611 427/1501/1610 445/1514/404
f 445/1514/404 410/1503/1612 308/434/372
f 445/1514/404 418/440/378 410/1503/1612
f 427/1501/1610 407/1500/1609 429/446/384
f 407/1500/1609 306/443/381 429/446/384
f 66/1443/1579 69/349/293 307/1477/1590
f 306/443/381 407/1500/1609 428/1498/1607
f 428/1498/1607 407/1500/1609 403/1499/1608
f 428/1498/1607 403/1499/1608 121/104/98
f 404/444/382 307/1477/1590 430/445/383
f 391/429/367 392/427/365 431/456/394
f 392/427/365 440/591/501 431/456/394
f 440/591/501 439/455/393 433/454/392
f 440/591/501 401/447/385 552/449/387
f 436/451/389 433/454/392 437/452/390
f 390/432/370 432/450/388 438/433/371
f 434/590/500 399/453/391 439/455/393
f 399/453/391 434/590/500 471/499/423
f 440/591/501 433/454/392 431/456/394
f 445/1514/404 427/1501/1610 429/446/384
f 445/472/404 429/461/384 442/460/396
f 471/499/423 435/501/425 470/500/424
f 442/460/396 736/469/401 445/472/404
f 443/459/395 444/503/426 447/1515/1620
f 442/460/396 443/459/395 446/763/647
f 418/1516/378 445/1517/404 448/487/403
f 448/487/403 421/486/415 418/1516/378
f 448/471/403 737/470/402 457/473/405
f 446/763/647 458/1518/1621 449/764/648
f 449/764/648 458/1518/1621 452/1519/1622
f 447/1515/1620 451/676/584 446/763/647
f 447/1515/1620 446/763/647 443/459/395
f 475/765/649 482/1520/1623 457/473/405
f 457/473/405 454/1521/1624 456/474/406
f 451/676/584 453/675/583 458/1518/1621
f 458/1518/1621 453/675/583 459/1522/1625
f 452/1519/1622 458/1518/1621 459/1522/1625
f 452/1519/1622 475/765/649 449/764/648
f 454/1523/1624 478/1524/1626 476/478/409
f 482/1520/1623 475/765/649 478/1525/1626
f 455/488/407 456/477/406 480/476/408
f 456/477/406 454/1523/1624 476/478/409
f 464/482/413 461/480/411 463/479/410
f 422/481/412 462/483/414 383/423/361
f 462/483/414 387/425/363 383/423/361
f 422/481/412 383/423/361 382/422/360
f 382/422/360 419/1507/1616 422/481/412
f 387/425/363 462/483/414 463/479/410
f 430/445/383 307/1477/1590 396/1493/417
f 466/492/418 468/495/421 469/497/422
f 693/886/399 450/1526/1627 444/503/426
f 434/590/500 435/501/425 471/499/423
f 466/492/418 400/496/397 441/498/400
f 452/1519/1622 459/1522/1625 473/1527/433
f 459/1522/1625 453/675/583 473/1527/433
f 452/1519/1622 472/1528/435 475/765/649
f 472/1528/435 478/1525/1626 475/765/649
f 452/1519/1622 473/1527/433 474/1529/432
f 472/1530/435 477/504/427 478/1524/1626
f 477/504/427 476/478/409 478/1524/1626
f 476/478/409 460/506/429 480/476/408
f 461/1531/411 464/489/413 455/488/407
f 480/476/408 460/506/429 461/1531/411
f 455/488/407 480/476/408 461/1531/411
f 478/1525/1626 454/1521/1624 482/1520/1623
f 482/1520/1623 454/1521/1624 457/473/405
f 452/1519/1622 474/1529/432 472/1528/435
f 477/1532/427 472/1533/435 484/517/437
f 477/1532/427 484/517/437 495/516/439
f 484/514/437 485/513/436 487/521/440
f 491/522/443 490/524/444 488/519/441
f 492/525/445 488/519/441 490/524/444
f 493/527/447 486/515/438 496/528/448
f 495/516/439 498/532/430 477/1532/427
f 494/526/446 496/528/448 499/530/450
f 494/526/446 499/530/450 500/531/451
f 541/1534/490 542/1535/496 573/1536/491
f 502/535/454 501/534/453 506/566/459
f 501/534/453 530/561/479 506/566/459
f 525/1537/1628 523/1538/1629 524/1539/474
f 525/1537/1628 526/1540/475 504/695/456
f 514/1541/509 516/1542/469 517/1543/1630
f 503/539/458 521/544/462 518/552/470
f 521/544/462 510/554/472 518/552/470
f 518/552/470 516/551/469 514/601/509
f 510/554/472 513/555/473 519/553/471
f 519/553/471 513/555/473 520/549/467
f 524/556/474 520/549/467 511/546/464
f 526/1540/475 525/1537/1628 524/1539/474
f 516/1542/469 515/1544/468 529/1545/1631
f 524/556/474 511/546/464 526/557/475
f 528/559/477 517/1543/1630 516/1542/469
f 515/1544/468 527/558/476 529/1545/1631
f 516/1542/469 555/560/478 528/559/477
f 511/546/464 512/548/466 531/547/465
f 536/568/484 530/561/479 533/563/481
f 512/548/466 511/546/464 520/549/467
f 532/567/480 536/568/484 539/573/487
f 542/600/496 500/1546/451 499/597/450
f 498/578/430 500/585/451 544/579/492
f 542/586/496 541/581/490 546/584/495
f 548/587/497 547/588/498 543/580/493
f 447/1515/1620 444/503/426 450/1526/1627
f 465/493/419 550/589/499 549/1496/1605
f 549/1496/1605 401/447/385 402/1547/748
f 465/493/419 466/492/418 550/589/499
f 550/589/499 401/447/385 549/1496/1605
f 550/589/499 466/492/418 551/448/386
f 551/448/386 466/492/418 441/498/400
f 552/449/387 435/501/425 434/590/500
f 549/1496/1605 402/1547/748 604/1494/747
f 605/1548/1604 553/1549/1632 554/1550/1633
f 554/1551/1633 549/1496/1605 605/1495/1604
f 465/493/419 549/1496/1605 554/1551/1633
f 516/1542/469 529/1545/1631 555/560/478
f 555/560/478 529/1545/1631 527/558/476
f 515/1544/468 524/1539/474 527/558/476
f 515/550/468 519/553/471 524/556/474
f 524/1539/474 523/1538/1629 527/558/476
f 517/1543/1630 528/559/477 556/1552/1634
f 556/1552/1634 558/1553/1635 559/606/514
f 556/1552/1634 557/593/503 558/1553/1635
f 558/1553/1635 557/593/503 562/603/511
f 557/593/503 561/592/502 562/603/511
f 557/593/503 527/558/476 563/594/504
f 562/603/511 561/592/502 564/595/505
f 558/1553/1635 562/603/511 566/602/510
f 566/602/510 575/619/527 567/1554/1636
f 563/594/504 527/558/476 568/1555/1637
f 568/1555/1637 527/558/476 523/1538/1629
f 523/1538/1629 525/1537/1628 569/1556/1638
f 568/1555/1637 523/1538/1629 569/1556/1638
f 525/1537/1628 568/1555/1637 569/1556/1638
f 573/1536/491 542/1535/496 689/1557/1639
f 570/536/455 502/535/454 573/1536/491
f 573/576/491 502/540/454 503/539/458
f 528/559/477 527/558/476 556/1552/1634
f 527/558/476 557/593/503 556/1552/1634
f 566/602/510 576/605/513 575/619/527
f 576/605/513 574/604/512 565/596/506
f 584/607/515 567/1554/1636 578/1558/1640
f 567/1554/1636 575/619/527 578/1558/1640
f 567/1554/1636 558/1553/1635 566/602/510
f 584/607/515 578/1558/1640 597/1559/1641
f 597/1559/1641 577/608/516 584/607/515
f 596/1560/1642 559/606/514 597/1559/1641
f 559/606/514 577/608/516 597/1559/1641
f 560/609/517 582/1561/1643 581/610/518
f 582/1561/1643 560/609/517 579/617/525
f 582/1561/1643 579/617/525 595/1562/1644
f 559/606/514 558/1553/1635 584/607/515
f 584/607/515 558/1553/1635 567/1554/1636
f 563/594/504 591/1563/1645 585/1564/1646
f 565/596/506 585/1564/1646 586/1565/1647
f 576/605/513 565/596/506 593/1566/1648
f 586/1565/1647 585/1564/1646 587/612/520
f 563/594/504 568/1555/1637 588/1567/1649
f 585/1564/1646 565/596/506 563/594/504
f 563/594/504 588/1567/1649 591/1563/1645
f 565/596/506 586/1565/1647 593/1566/1648
f 586/1565/1647 589/615/523 593/1566/1648
f 586/1565/1647 587/612/520 589/615/523
f 591/1563/1645 592/1568/1650 585/1564/1646
f 591/1563/1645 588/1567/1649 592/1568/1650
f 592/1568/1650 588/1567/1649 590/613/521
f 592/1568/1650 590/613/521 587/612/520
f 587/612/520 585/1564/1646 592/1568/1650
f 588/1567/1649 568/1555/1637 618/1569/1651
f 593/1566/1648 589/615/523 576/605/513
f 582/1561/1643 595/1562/1644 581/610/518
f 596/1560/1642 597/1559/1641 598/618/526
f 596/1560/1642 579/617/525 559/606/514
f 559/606/514 579/617/525 560/609/517
f 579/617/525 596/1560/1642 598/618/526
f 598/618/526 597/1559/1641 578/1558/1640
f 576/605/513 589/615/523 602/620/528
f 601/621/529 598/618/526 578/1558/1640
f 603/622/530 604/911/747 599/623/531
f 605/1548/1604 603/622/530 607/1570/1652
f 600/624/532 606/626/534 607/1570/1652
f 607/1570/1652 606/626/534 608/767/651
f 607/1570/1652 608/767/651 609/1571/1653
f 553/1549/1632 605/1548/1604 607/1570/1652
f 553/1549/1632 607/1570/1652 610/1572/1654
f 607/1570/1652 609/1571/1653 610/1572/1654
f 610/1572/1654 554/1550/1633 553/1549/1632
f 612/627/535 611/625/533 613/1573/1655
f 613/1573/1655 611/625/533 589/615/523
f 589/615/523 594/614/522 613/1573/1655
f 614/629/537 612/627/535 613/1573/1655
f 613/1573/1655 594/614/522 614/629/537
f 568/1555/1637 525/1537/1628 618/1569/1651
f 525/1537/1628 615/1574/1656 618/1569/1651
f 616/646/554 615/1574/1656 620/693/595
f 620/693/595 617/647/555 616/646/554
f 625/1575/1657 615/1574/1656 628/780/664
f 617/647/555 620/693/595 684/673/581
f 615/1574/1656 619/694/596 620/693/595
f 619/694/596 615/1574/1656 525/1537/1628
f 618/1569/1651 622/628/536 621/630/538
f 621/630/538 594/614/522 590/613/521
f 588/1567/1649 618/1569/1651 621/630/538
f 621/630/538 590/613/521 588/1567/1649
f 622/628/536 618/1569/1651 623/1576/1658
f 622/628/536 623/1576/1658 624/771/655
f 623/1576/1658 625/1575/1657 624/771/655
f 624/771/655 625/1575/1657 626/1577/1659
f 624/771/655 626/1577/1659 627/779/663
f 627/779/663 626/1577/1659 628/780/664
f 615/1574/1656 616/646/554 628/780/664
f 628/780/664 626/1577/1659 625/1575/1657
f 623/1576/1658 618/1569/1651 625/1575/1657
f 625/1575/1657 618/1569/1651 615/1574/1656
f 632/633/541 629/632/540 634/648/556
f 653/773/657 635/649/557 652/651/559
f 651/650/558 633/637/545 636/641/549
f 637/713/605 655/1578/1660 651/650/558
f 651/650/558 636/641/549 637/713/605
f 640/638/546 659/644/552 642/640/548
f 647/652/560 646/656/564 659/644/552
f 629/632/540 633/637/545 634/648/556
f 634/648/556 633/637/545 651/650/558
f 655/1578/1660 652/651/559 651/650/558
f 691/672/580 630/631/539 631/634/542
f 631/634/542 683/674/582 691/672/580
f 652/651/559 610/1572/1654 653/773/657
f 653/773/657 610/1572/1654 609/1571/1653
f 554/1550/1633 610/1572/1654 654/707/599
f 465/1579/419 554/1550/1633 654/707/599
f 654/1580/599 468/495/421 467/494/420
f 467/494/420 465/493/419 654/1580/599
f 645/653/561 648/1581/1661 656/654/562
f 648/1581/1661 665/663/571 656/654/562
f 646/656/564 657/657/565 659/644/552
f 659/644/552 640/638/546 647/652/560
f 645/653/561 641/639/547 648/1581/1661
f 648/1581/1661 641/639/547 649/668/576
f 666/655/563 656/654/562 660/739/623
f 666/655/563 660/739/623 708/738/622
f 662/660/568 660/739/623 656/654/562
f 648/1581/1661 667/664/572 665/663/571
f 649/668/576 650/671/579 668/669/577
f 673/667/575 648/1581/1661 649/668/576
f 673/667/575 667/664/572 648/1581/1661
f 451/676/584 675/1582/621 677/678/586
f 676/1583/587 688/681/588 674/680/585
f 473/1584/433 453/684/583 679/1585/592
f 453/684/583 680/683/590 679/1585/592
f 679/1585/592 483/1586/434 473/1584/433
f 679/1585/592 680/683/590 681/682/589
f 681/1587/589 678/686/591 679/688/592
f 688/681/588 676/1583/587 682/1588/594
f 691/672/580 683/674/582 686/690/593
f 685/704/452 571/697/597 682/696/594
f 619/694/596 525/1537/1628 504/695/456
f 685/689/452 684/673/581 504/695/456
f 571/697/597 572/598/507 687/1589/598
f 570/705/455 689/1590/1639 690/599/508
f 689/1557/1639 570/536/455 573/1536/491
f 690/599/508 689/1590/1639 542/600/496
f 572/598/507 571/697/597 690/599/508
f 690/599/508 571/697/597 570/705/455
f 676/692/587 677/720/586 692/719/609
f 692/719/609 691/672/580 686/690/593
f 692/719/609 686/690/593 676/692/587
f 675/1582/621 451/676/584 450/1526/1627
f 675/1582/621 450/1526/1627 693/886/399
f 447/1515/1620 450/1526/1627 451/676/584
f 469/1591/422 468/706/421 694/466/398
f 400/465/397 469/1591/422 694/466/398
f 654/707/599 655/1578/1660 695/708/600
f 655/1578/1660 637/713/605 695/708/600
f 603/622/530 605/1548/1604 604/911/747
f 644/642/550 710/711/603 697/709/601
f 698/712/604 695/708/600 637/713/605
f 696/710/602 711/733/620 710/711/603
f 668/669/577 650/671/579 700/717/608
f 669/666/574 701/721/610 703/722/611
f 669/666/574 670/665/573 701/721/610
f 661/659/567 669/666/574 703/722/611
f 666/655/563 708/738/622 646/656/564
f 705/728/615 703/725/611 701/734/610
f 704/726/613 705/728/615 709/731/618
f 711/733/620 696/710/602 709/731/618
f 709/731/618 696/710/602 658/645/553
f 643/643/551 675/737/621 693/467/399
f 693/467/399 698/712/604 643/643/551
f 643/643/551 697/709/601 675/737/621
f 660/739/623 715/742/626 716/745/629
f 732/762/646 733/1592/729 735/727/614
f 732/762/646 734/824/690 733/1592/729
f 442/460/396 446/763/647 736/469/401
f 446/763/647 451/676/584 458/1518/1621
f 738/768/652 739/1593/1662 741/766/650
f 741/766/650 609/1571/1653 608/767/651
f 606/626/534 612/627/535 738/768/652
f 739/1593/1662 740/777/661 741/766/650
f 741/766/650 740/777/661 609/1571/1653
f 740/777/661 653/773/657 609/1571/1653
f 743/1594/1663 635/649/557 744/772/656
f 750/1595/1664 742/1596/1665 745/1597/1666
f 745/1597/1666 746/1598/1667 748/1599/1668
f 746/1598/1667 753/776/660 748/1599/1668
f 753/776/660 747/770/654 748/1599/1668
f 748/1599/1668 747/770/654 745/1597/1666
f 745/1597/1666 749/769/653 750/1595/1664
f 745/1597/1666 747/770/654 749/769/653
f 749/769/653 624/771/655 750/1595/1664
f 742/1596/1665 750/1595/1664 627/779/663
f 624/771/655 627/779/663 750/1595/1664
f 744/772/656 751/774/658 752/1600/1669
f 742/1596/1665 744/772/656 752/1600/1669
f 744/772/656 742/1596/1665 743/1594/1663
f 752/1600/1669 746/1598/1667 742/1596/1665
f 746/1598/1667 745/1597/1666 742/1596/1665
f 752/1600/1669 751/774/658 746/1598/1667
f 746/1598/1667 756/778/662 753/776/660
f 753/776/660 739/1593/1662 738/768/652
f 738/768/652 612/627/535 753/776/660
f 614/629/537 747/770/654 754/775/659
f 754/775/659 753/776/660 755/1601/1670
f 753/776/660 612/627/535 755/1601/1670
f 755/1601/1670 612/627/535 754/775/659
f 612/627/535 614/629/537 754/775/659
f 756/778/662 740/777/661 739/1593/1662
f 756/778/662 739/1593/1662 753/776/660
f 756/778/662 751/774/658 653/773/657
f 756/778/662 757/1602/1671 751/774/658
f 751/774/658 757/1602/1671 746/1598/1667
f 746/1598/1667 757/1602/1671 756/778/662
f 635/649/557 743/1594/1663 758/1603/1672
f 742/1596/1665 627/779/663 758/1603/1672
f 758/1603/1672 627/779/663 616/646/554
f 758/1603/1672 743/1594/1663 742/1596/1665
f 635/649/557 758/1603/1672 616/646/554
f 603/622/530 600/624/532 607/1570/1652
f 650/671/579 649/668/576 639/635/543
f 649/668/576 641/639/547 639/635/543
f 731/761/645 728/785/669 722/758/642
f 768/799/674 771/805/680 770/801/676
f 769/800/675 770/801/676 773/802/677
f 771/805/680 777/808/683 775/806/681
f 774/804/679 772/803/678 778/810/685
f 733/1604/729 734/827/690 783/826/692
f 798/839/704 794/835/700 788/830/695
f 795/836/701 792/841/706 790/833/698
f 798/839/704 801/853/708 794/835/700
f 809/858/714 811/1605/1673 810/859/715
f 809/858/714 812/865/721 811/1605/1673
f 811/1605/1673 813/862/718 810/859/715
f 808/857/713 810/859/715 814/860/716
f 816/1606/1674 811/1605/1673 812/865/721
f 813/862/718 811/1605/1673 816/1606/1674
f 809/858/714 807/856/712 817/863/719
f 812/876/721 813/875/718 816/1607/1674
f 818/864/720 823/870/726 812/865/721
f 813/862/718 820/867/723 815/861/717
f 842/906/744 826/881/728 783/883/692
f 735/727/614 733/1592/729 827/724/612
f 733/882/729 826/881/728 827/1608/612
f 86/78/72 89/120/114 129/119/113
f 147/146/136 177/148/138 175/207/188
f 183/1462/165 168/160/147 159/159/146
f 73/117/111 75/85/79 95/1450/1586
f 60/65/59 67/72/66 61/66/60
f 652/651/559 655/1578/1660 610/1572/1654
f 655/1578/1660 654/707/599 610/1572/1654
f 832/903/738 835/902/736 836/1609/737
f 838/897/740 840/1391/742 832/895/738
f 782/1610/689 765/796/673 784/825/691
f 782/1610/689 784/825/691 734/827/690
f 767/754/638 712/740/624 717/744/628
f 844/909/745 843/916/752 849/910/746
f 604/911/747 845/913/749 599/623/531
f 402/912/748 846/917/753 845/913/749
f 843/916/752 850/944/773 849/910/746
f 843/916/752 847/915/751 850/944/773
f 583/616/524 598/618/526 851/1611/791
f 855/964/756 583/1612/524 851/965/791
f 601/621/529 849/910/746 851/1611/791
f 851/1611/791 598/618/526 601/621/529
f 581/1613/518 595/1614/1644 859/1615/762
f 862/933/766 852/936/754 581/938/518
f 861/1616/763 863/931/764 862/933/766
f 862/933/766 860/940/761 861/1616/763
f 853/924/758 922/1617/828 869/941/770
f 868/1618/830 865/937/769 869/941/770
f 869/941/770 865/937/769 866/935/768
f 869/941/770 866/935/768 867/934/767
f 869/941/770 867/934/767 864/932/765
f 858/926/760 863/931/764 861/929/763
f 580/919/519 852/918/754 865/1008/769
f 871/951/772 877/950/778 872/947/776
f 871/951/772 872/947/776 884/956/783
f 873/957/784 882/972/797 881/971/796
f 877/950/778 873/957/784 872/947/776
f 885/958/785 891/963/790 880/955/782
f 879/954/781 874/948/777 887/975/800
f 881/971/796 874/948/777 873/957/784
f 874/948/777 881/971/796 887/975/800
f 890/961/788 22/22/22 27/27/27
f 853/924/758 856/923/757 922/1617/828
f 922/1617/828 868/1618/830 869/941/770
f 909/969/794 884/956/783 876/946/775
f 892/962/789 890/961/788 894/968/793
f 886/19/19 879/954/781 897/976/801
f 21/34/34 886/19/19 897/976/801
f 895/974/799 21/34/34 897/976/801
f 897/976/801 887/975/800 895/974/799
f 898/1619/804 911/978/803 923/977/802
f 893/1620/792 851/1025/791 992/982/807
f 898/1621/804 893/1620/792 899/981/806
f 994/984/809 904/986/811 905/988/813
f 899/981/806 908/992/817 911/1622/803
f 901/980/805 903/985/810 910/991/816
f 898/1621/804 899/981/806 911/1622/803
f 856/996/757 898/1623/804 915/997/821
f 921/1003/827 922/1004/828 856/1624/757
f 856/1624/757 913/1625/820 921/1003/827
f 913/1625/820 916/1626/823 921/1003/827
f 921/1003/827 918/1005/829 920/1001/825
f 916/1626/823 918/1005/829 921/1003/827
f 919/1000/824 927/1627/835 928/1628/833
f 922/1004/828 924/1002/826 925/1011/831
f 868/1007/830 922/1629/828 925/1010/831
f 926/1630/795 927/1627/835 919/1000/824
f 919/1000/824 923/1006/802 926/1630/795
f 898/1623/804 923/1006/802 915/997/821
f 927/1631/835 926/970/795 55/36/36
f 894/968/793 926/970/795 923/977/802
f 926/970/795 27/27/27 55/36/36
f 54/1009/53 925/1010/831 928/1632/833
f 928/1628/833 925/1011/831 919/1000/824
f 55/61/36 56/1442/1578 930/1016/834
f 56/1442/1578 53/58/54 930/1016/834
f 930/1016/834 927/1017/835 55/61/36
f 53/58/54 929/1013/832 930/1016/834
f 891/963/790 885/958/785 888/960/787
f 875/945/774 874/948/777 931/1633/1675
f 874/948/777 880/955/782 931/1633/1675
f 880/955/782 891/963/790 931/1633/1675
f 891/963/790 875/945/774 931/1633/1675
f 900/1024/838 932/1023/837 934/1093/841
f 932/1023/837 849/1022/746 850/1423/773
f 936/1026/839 904/1033/811 902/1027/840
f 847/915/751 848/914/750 940/1037/847
f 940/1037/847 870/942/771 847/915/751
f 940/1634/847 878/952/779 870/949/771
f 877/950/778 941/953/780 873/957/784
f 41/41/41 942/1038/848 945/1040/850
f 882/972/797 941/953/780 942/1038/848
f 944/1043/852 943/1039/849 942/1038/848
f 944/1043/852 942/1038/848 941/953/780
f 51/1042/51 48/56/52 47/45/45
f 945/1040/850 943/1039/849 946/1041/851
f 947/1635/853 944/1043/852 941/953/780
f 941/953/780 878/952/779 947/1635/853
f 51/1042/51 946/1041/851 948/1636/854
f 947/1044/853 51/1047/51 948/1049/854
f 946/1041/851 944/1043/852 948/1636/854
f 602/620/528 589/615/523 611/625/533
f 579/617/525 583/616/524 595/1562/1644
f 595/1614/1644 583/1637/524 859/1615/762
f 601/621/529 578/1558/1640 575/619/527
f 940/1045/847 947/1044/853 878/1638/779
f 957/1079/877 958/1067/866 959/1068/867
f 958/1067/866 392/1062/365 960/1064/863
f 961/1063/862 304/1058/291 953/1057/859
f 961/1063/862 962/1639/1676 960/1064/863
f 963/1065/864 960/1064/863 962/1639/1676
f 962/1639/1676 965/1640/1196 963/1065/864
f 953/1057/859 965/1640/1196 961/1063/862
f 965/1640/1196 962/1639/1676 961/1063/862
f 965/1640/1196 953/1057/859 952/1056/858
f 959/1068/867 967/1075/873 957/1079/877
f 968/1641/1503 969/1642/1677 970/1643/1678
f 958/1067/866 957/1079/877 392/1062/365
f 392/1062/365 957/1079/877 440/1091/501
f 440/1091/501 971/1078/876 972/1077/875
f 440/1091/501 973/1071/869 401/1070/385
f 977/1074/872 978/1073/871 971/1078/876
f 959/1068/867 966/1069/868 967/1075/873
f 975/1092/889 972/1077/875 979/1076/874
f 979/1076/874 980/1089/887 975/1092/889
f 440/1091/501 957/1079/877 971/1078/876
f 980/1089/887 981/1088/886 976/1087/885
f 975/1092/889 980/1089/887 976/1087/885
f 982/1080/878 988/1086/884 985/1083/881
f 984/1082/880 969/1642/1677 989/1090/888
f 970/1643/1678 969/1642/1677 990/1644/1679
f 969/1642/1677 402/1645/748 401/1070/385
f 984/1082/880 989/1090/888 982/1080/878
f 989/1090/888 969/1642/1677 401/1070/385
f 989/1090/888 974/1072/870 982/1080/878
f 974/1072/870 988/1086/884 982/1080/878
f 973/1071/869 975/1092/889 976/1087/885
f 969/1642/1677 968/1641/1503 402/1645/748
f 990/1644/1679 969/1642/1677 984/1082/880
f 984/1082/880 970/1643/1678 990/1644/1679
f 991/1646/1680 983/1081/879 987/1085/883
f 983/1081/879 991/1646/1680 984/1082/880
f 59/1647/58 35/37/37 29/26/26
f 992/982/807 899/981/806 893/1620/792
f 851/1025/791 900/1024/838 992/982/807
f 994/984/809 902/1094/840 904/986/811
f 905/988/813 903/985/810 994/984/809
f 908/992/817 909/1095/794 911/1622/803
f 996/1032/844 910/991/816 912/993/818
f 910/991/816 996/1032/844 995/1031/843
f 995/1031/843 908/992/817 910/991/816
f 932/1019/837 933/1018/836 935/1029/842
f 935/1029/842 933/1018/836 995/1031/843
f 935/1029/842 934/1028/841 932/1019/837
f 1002/1097/891 1010/349/1118 1009/350/1117
f 1001/1099/893 1014/1101/899 1000/1096/890
f 1000/1096/890 1008/72/902 1005/68/894
f 1010/349/1118 1006/69/895 1007/1648/1681
f 1238/1196/1115 1012/1112/935 1009/350/1117
f 1002/1097/891 1011/1111/933 1003/1098/892
f 1009/350/1117 1012/1112/935 1013/107/934
f 1009/350/1117 1013/107/934 1011/1111/933
f 1006/69/895 1051/71/897 1007/1648/1681
f 1051/71/897 1029/70/896 1031/103/931
f 1014/1101/899 1017/85/912 1016/74/900
f 1016/74/900 1019/1104/909 1018/73/901
f 1020/1107/914 1016/74/900 1017/85/912
f 1033/1105/910 1019/1104/909 1020/1107/914
f 1019/1104/909 1016/74/900 1020/1107/914
f 1018/73/901 1023/76/905 1022/1102/904
f 1023/76/905 1018/73/901 1019/1104/909
f 1022/1102/904 1024/75/903 1021/82/911
f 1019/1104/909 1024/75/903 1023/76/905
f 1022/1102/904 1025/79/906 1018/73/901
f 1025/79/906 1026/1444/1682 1027/80/908
f 1026/1444/1682 1025/79/906 1022/1102/904
f 1005/68/894 1030/120/949 1029/70/896
f 1030/120/949 1005/68/894 1008/72/902
f 1028/1103/907 1030/120/949 1008/72/902
f 1007/1648/1681 1051/71/897 1062/104/930
f 1032/1106/913 1034/1109/917 1020/1107/914
f 1020/1107/914 1034/1109/917 1033/1105/910
f 1038/89/916 1035/1108/915 1040/96/924
f 1033/1105/910 1037/91/919 1021/82/911
f 1039/92/918 1040/96/924 1053/1445/1683
f 1026/1444/1682 1043/1446/1684 1027/80/908
f 1022/1102/904 1043/1446/1684 1026/1444/1682
f 1022/1102/904 1021/82/911 1043/1446/1684
f 1054/94/920 1042/1649/1685 1041/93/921
f 1037/91/919 1102/1448/1686 1021/82/911
f 1021/82/911 1102/1448/1686 1043/1446/1684
f 1039/92/918 1102/1448/1686 1037/91/919
f 1032/1106/913 1044/1449/1687 1035/1108/915
f 1017/85/912 1044/1449/1687 1032/1106/913
f 1044/1449/1687 1017/85/912 1036/1450/1688
f 1035/1108/915 1045/95/922 1040/96/924
f 1036/1450/1688 1046/97/923 1044/1449/1687
f 1044/1449/1687 1046/97/923 1035/1108/915
f 1036/1450/1688 1015/1100/898 1047/1650/959
f 1036/1450/1688 1047/1650/959 1046/97/923
f 1017/85/912 1014/1101/899 1015/1100/898
f 1304/438/1167 1065/100/927 1050/101/926
f 1006/69/895 1010/349/1118 1002/1097/891
f 1049/116/942 1063/102/929 1031/103/931
f 1040/1452/924 1092/162/982 1053/1453/1683
f 1042/1649/1685 1043/1446/1684 1053/1445/1683
f 1041/93/921 1042/1649/1685 1052/1455/951
f 1042/1649/1685 1053/1445/1683 1052/1455/951
f 1042/1649/1685 1054/94/920 1043/1446/1684
f 1054/94/920 1027/80/908 1043/1446/1684
f 1009/350/1117 1011/1111/933 1002/1097/891
f 1004/1110/932 1055/1456/1689 1003/1098/892
f 1004/1110/932 1057/1114/937 1055/1456/1689
f 1055/1456/1689 1057/1114/937 1056/110/938
f 1055/1456/1689 1056/110/938 1003/1098/892
f 1059/112/939 1066/1651/1690 1068/1115/940
f 1031/103/931 1061/115/943 1049/116/942
f 1302/1213/1166 1063/102/929 1304/438/1167
f 1065/100/927 1304/438/1167 1063/102/929
f 1059/112/939 1067/1117/946 1066/1651/1690
f 1001/1099/893 1068/1115/940 1015/1100/898
f 1056/110/938 1067/1117/946 1059/112/939
f 1003/1098/892 1068/1115/940 1001/1099/893
f 1067/1117/946 1069/1116/945 1066/1651/1690
f 1069/1116/945 1068/1115/940 1066/1651/1690
f 1070/121/948 1072/122/950 1085/1458/1055
f 1072/122/950 1070/121/948 1071/119/947
f 1031/103/931 1029/70/896 1070/121/948
f 1031/103/931 1070/121/948 1085/1458/1055
f 1031/103/931 1085/1458/1055 1061/115/943
f 1085/1458/1055 1096/158/978 1061/115/943
f 1060/113/941 1097/132/955 1075/128/953
f 1077/1119/958 1047/1650/959 1015/1100/898
f 1084/142/964 1118/180/991 1083/1124/965
f 1082/140/963 1080/1123/962 1079/144/968
f 1086/145/967 1087/1125/966 1089/149/972
f 1090/124/952 1052/125/951 1091/1126/973
f 1091/1126/973 1052/125/951 1053/1453/1683
f 1046/1132/923 1093/1131/975 1092/162/982
f 1094/151/974 1101/156/977 1093/153/975
f 1075/128/953 1097/132/955 1076/129/954
f 1097/132/955 1060/113/941 1073/114/944
f 1083/1124/965 1107/161/980 1095/1129/976
f 1093/1131/975 1101/174/977 1104/165/984
f 1043/1446/1684 1102/1448/1686 1053/1445/1683
f 1102/1448/1686 1039/92/918 1053/1445/1683
f 1040/96/924 1039/92/918 1038/89/916
f 1065/100/927 1063/102/929 1049/116/942
f 949/167/855 1056/110/938 1057/1114/937
f 949/167/855 1057/1114/937 1058/1113/936
f 1077/1119/958 1067/1117/946 955/169/860
f 1040/1452/924 1046/1132/923 1092/162/982
f 1091/1126/973 1053/1453/1683 1092/162/982
f 1103/1460/985 1099/1461/979 1120/183/994
f 1105/160/981 1106/175/986 1120/1462/994
f 1107/161/980 1083/1124/965 1118/180/991
f 1084/142/964 1116/147/971 1118/180/991
f 1105/160/981 1115/178/987 1106/175/986
f 1113/181/992 1109/212/1022 1108/182/993
f 1116/147/971 1114/148/970 1113/181/992
f 1086/145/967 1111/179/990 1088/146/969
f 1088/146/969 1111/206/990 1112/207/1018
f 1114/148/970 1112/207/1018 1109/212/1022
f 1113/181/992 1114/148/970 1109/212/1022
f 1107/161/980 1115/178/987 1105/160/981
f 1080/1123/962 1082/140/963 1083/1124/965
f 1103/1460/985 1120/183/994 1119/1135/997
f 1122/186/995 1123/1652/1023 1121/1134/996
f 1125/1464/1008 1216/311/1011 1124/192/1003
f 1126/1137/1000 1133/190/1002 1124/192/1003
f 1103/1460/985 1119/1135/997 1100/208/983
f 1128/1138/1001 1130/1139/1004 1129/187/998
f 1126/1137/1000 1131/1140/1005 1130/1139/1004
f 1128/1138/1001 1126/1137/1000 1130/1139/1004
f 1129/187/998 1127/1136/999 1128/1138/1001
f 1127/1136/999 1133/190/1002 1128/1138/1001
f 1123/1652/1023 1127/1136/999 1121/1134/996
f 1123/1652/1023 1124/192/1003 1127/1136/999
f 1123/1652/1023 1125/1464/1008 1124/192/1003
f 1100/208/983 1140/204/1016 1111/206/990
f 1142/1163/1056 1138/202/1015 1139/215/1025
f 1138/202/1015 1141/205/1017 1139/215/1025
f 1106/175/986 1122/213/995 1120/1462/994
f 1123/214/1023 1110/176/989 1125/197/1008
f 1153/224/1032 1160/225/1031 1159/1149/1036
f 1153/224/1032 1159/1149/1036 1154/1151/1038
f 1159/1149/1036 1160/225/1031 1155/1146/1033
f 1152/223/1030 1166/232/1040 1150/221/1029
f 1151/1144/1028 1162/1154/1042 1160/225/1031
f 1163/235/1044 1164/236/1043 1217/305/1097
f 1166/232/1040 1148/1145/1027 1150/221/1029
f 1217/305/1097 1234/1465/1050 1163/235/1044
f 1085/1162/1055 1087/1125/966 1079/144/968
f 1085/1162/1055 1072/123/950 1087/1125/966
f 1087/1125/966 1072/123/950 1090/124/952
f 1139/215/1025 1175/238/1046 1174/1466/1062
f 1165/239/1045 1178/1468/1058 1198/1467/1098
f 1175/238/1046 1165/239/1045 1198/1467/1098
f 1182/1167/1064 1183/1166/1063 1184/1170/1068
f 1184/1170/1068 1183/1166/1063 1185/1168/1065
f 1188/1171/1069 1186/268/1067 1187/1169/1066
f 1182/1167/1064 1189/1175/1076 1180/1165/1061
f 1191/271/1071 1193/1176/1074 1195/1177/1077
f 1193/1174/1074 1190/273/1073 1195/1653/1077
f 1195/1653/1077 1188/1171/1069 1187/1169/1066
f 1184/1170/1068 1188/1171/1069 1190/273/1073
f 1195/1177/1077 1185/1168/1065 1191/271/1071
f 1188/1171/1069 1195/1653/1077 1190/273/1073
f 1181/1164/1060 1198/308/1098 1197/1173/1072
f 1181/1164/1060 1175/261/1046 1198/308/1098
f 1174/1466/1062 1199/1178/1079 1142/1163/1056
f 1139/215/1025 1174/1466/1062 1142/1163/1056
f 1200/282/1080 1201/211/1021 1142/1163/1056
f 1178/288/1058 1209/289/1084 1198/1470/1098
f 1176/242/1047 1234/244/1050 1177/259/1059
f 1207/295/1089 1201/211/1021 1200/282/1080
f 1210/296/1090 1203/286/1082 1207/295/1089
f 1199/1178/1079 1208/1180/1087 1200/282/1080
f 1207/295/1089 1203/286/1082 1201/211/1021
f 1145/209/1019 1164/236/1043 1147/216/1024
f 1236/1471/1085 1235/301/1093 1205/302/1088
f 1214/303/1095 1211/298/1091 1212/299/1092
f 1211/298/1091 1214/303/1095 1213/304/1094
f 1189/1175/1076 1208/1181/1087 1199/1179/1079
f 1215/306/1096 1211/298/1091 1213/304/1094
f 1124/192/1003 1216/311/1011 1126/1137/1000
f 1218/1184/1099 1220/318/1104 1219/1185/1100
f 1222/317/1101 1224/1188/1106 1223/1186/1102
f 1218/1184/1099 1225/1187/1105 1220/318/1104
f 1220/318/1104 1221/319/1103 1219/1185/1100
f 1218/1184/1099 1215/1183/1096 1226/1190/1110
f 1227/324/1107 1232/1654/1113 1233/1655/1691
f 1233/1656/1691 1232/1195/1113 1230/325/1109
f 1233/1656/1691 1230/325/1109 1229/1192/1112
f 1229/1193/1112 1227/324/1107 1233/1655/1691
f 1227/324/1107 1221/319/1103 1223/1186/1102
f 1223/1186/1102 1224/1188/1106 1232/1654/1113
f 1232/1654/1113 1227/324/1107 1223/1186/1102
f 1225/1187/1105 1230/325/1109 1232/1195/1113
f 1217/1182/1097 1228/1189/1108 1234/335/1050
f 1215/1183/1096 1213/1473/1094 1226/1190/1110
f 1226/1190/1110 1213/1473/1094 1235/333/1093
f 1234/1474/1050 1237/1476/1114 1177/1475/1059
f 1237/1476/1114 1235/301/1093 1236/1471/1085
f 1177/1475/1059 1237/1476/1114 1236/1471/1085
f 1012/1112/935 1238/1196/1115 1058/1113/936
f 1241/1657/1692 1007/1648/1681 1240/1214/1174
f 1239/1197/1116 1241/1657/1692 952/347/858
f 1241/1657/1692 1239/1197/1116 1010/349/1118
f 1256/1199/1134 1258/1478/1693 1257/384/1135
f 1258/1478/1693 1260/404/1151 1259/1200/1136
f 1258/1478/1693 1259/1200/1136 1257/384/1135
f 1260/404/1151 1263/1479/1694 1259/1200/1136
f 1259/1200/1136 1263/1479/1694 1261/386/1137
f 1261/386/1137 1263/1479/1694 1264/1201/1139
f 1270/383/1133 1265/389/1140 1266/1204/1143
f 1265/389/1140 1270/383/1133 1250/374/1127
f 1250/374/1127 1269/1205/1144 1265/389/1140
f 1268/1203/1142 347/394/333 349/396/335
f 1048/98/925 1064/99/928 956/127/861
f 1256/1199/1134 1270/383/1133 1271/1206/1145
f 1270/383/1133 1272/1480/1695 1271/1206/1145
f 1256/1199/1134 1276/399/1147 1258/1478/1693
f 1258/1478/1693 1276/399/1147 1260/404/1151
f 1260/404/1151 1276/399/1147 1275/1481/1696
f 1260/404/1151 1275/1481/1696 1273/1208/1148
f 1275/1481/1696 1276/399/1147 1274/1207/1146
f 1275/1481/1696 1281/1482/1697 1273/1208/1148
f 1279/409/1154 1273/1208/1148 1281/1482/1697
f 1273/1208/1148 1279/409/1154 1278/403/1149
f 1260/404/1151 1264/1201/1139 1263/1479/1694
f 1274/1207/1146 1280/1210/1153 1275/1481/1696
f 1275/1481/1696 1280/1210/1153 1281/1482/1697
f 1279/409/1154 1281/1482/1697 1280/1210/1153
f 1274/1207/1146 1290/406/1152 362/408/346
f 1272/1480/1695 1290/406/1152 1271/1206/1145
f 1283/1483/1698 1264/1201/1139 1277/1209/1150
f 1277/1209/1150 1284/1484/1699 1283/1483/1698
f 1264/1201/1139 1283/1483/1698 1282/407/1155
f 1282/407/1155 1291/421/1161 1050/397/926
f 1050/101/926 1291/1485/1161 1304/438/1167
f 1285/411/1156 1277/1209/1150 1278/403/1149
f 1277/1209/1150 1285/411/1156 1284/1484/1699
f 1285/411/1156 1278/403/1149 1279/409/1154
f 1284/1484/1699 1295/412/1157 1283/1483/1698
f 1295/412/1157 1284/1484/1699 1285/411/1156
f 372/418/356 1254/379/1131 330/380/319
f 373/1486/1598 1286/1658/1700 369/415/353
f 369/415/353 1286/1658/1700 1251/376/1129
f 378/1487/1599 1288/1488/1701 1286/1658/1700
f 1288/1488/1701 1269/1205/1144 1287/375/1126
f 1286/1658/1700 1287/375/1126 1251/376/1129
f 1288/1488/1701 1289/1211/1158 1269/1205/1144
f 376/1489/1601 348/395/334 1267/1202/1141
f 378/1487/1599 1286/1658/1700 373/1486/1598
f 1267/1202/1141 1289/1211/1158 376/1489/1601
f 1289/1211/1158 1288/1488/1701 376/1489/1601
f 1287/375/1126 1245/364/1121 1251/376/1129
f 1288/1488/1701 378/1487/1599 376/1489/1601
f 1269/1205/1144 1250/374/1127 1287/375/1126
f 1287/375/1126 1286/1658/1700 1288/1488/1701
f 1249/372/1125 324/373/312 330/380/319
f 1270/383/1133 379/1490/1602 1272/1480/1695
f 1272/1480/1695 379/1490/1602 1290/406/1152
f 362/408/346 1290/406/1152 379/1490/1602
f 349/396/335 379/1490/1602 1270/383/1133
f 1283/1483/1698 1294/420/1159 1282/407/1155
f 1294/420/1159 1283/1483/1698 1295/412/1157
f 1294/420/1159 1295/412/1157 1296/424/1162
f 1296/424/1162 1297/425/1164 1293/1212/1163
f 1295/412/1157 1297/425/1164 1296/424/1162
f 952/347/858 1241/1657/1692 965/1493/1196
f 1299/1497/1702 1062/104/930 1242/434/1165
f 1298/1499/1703 1062/104/930 1299/1497/1702
f 1298/1499/1703 1319/1501/1704 1301/1500/1705
f 1299/1497/1702 1300/1502/1706 1319/1501/1704
f 1300/1502/1706 1299/1497/1702 1242/434/1165
f 1319/1501/1704 1298/1499/1703 1299/1497/1702
f 1303/439/1170 1306/437/1168 1304/438/1167
f 1302/1213/1166 1305/436/1169 1317/1659/1707
f 1305/436/1169 1306/437/1168 1316/1505/1708
f 1306/437/1168 1303/439/1170 1316/1505/1708
f 1309/1506/1709 1308/1508/1710 1312/1507/1711
f 1304/438/1167 1307/1509/1712 1303/439/1170
f 1312/1507/1711 1308/1508/1710 1292/422/1160
f 1292/422/1160 1308/1508/1710 1291/421/1161
f 1308/1508/1710 1309/1506/1709 1291/421/1161
f 1309/1510/1709 1310/442/1171 1307/1509/1712
f 1310/442/1171 1303/439/1170 1307/1509/1712
f 1291/1485/1161 1309/1510/1709 1307/1509/1712
f 1307/1509/1712 1304/438/1167 1291/1485/1161
f 1309/1506/1709 1312/1507/1711 1315/1219/1191
f 1318/441/1172 1313/1512/1195 1314/1511/1194
f 1311/440/1173 1318/441/1172 1314/1511/1194
f 1309/1506/1709 1315/1219/1191 1313/485/1195
f 1313/1512/1195 1310/442/1171 1309/1510/1709
f 1303/439/1170 1311/440/1173 1317/1659/1707
f 1311/440/1173 1302/1213/1166 1317/1659/1707
f 1303/439/1170 1317/1659/1707 1316/1505/1708
f 1316/1505/1708 1317/1659/1707 1305/436/1169
f 1313/1512/1195 1318/441/1172 1310/442/1171
f 1242/434/1165 1325/1514/1182 1300/1502/1706
f 1300/1502/1706 1325/1514/1182 1319/1501/1704
f 1325/1514/1182 1242/434/1165 1302/1213/1166
f 1325/1514/1182 1302/1213/1166 1311/440/1173
f 1319/1501/1704 1320/446/1175 1301/1500/1705
f 1301/1500/1705 1320/446/1175 1240/1214/1174
f 1007/1648/1681 1241/1657/1692 1010/349/1118
f 1240/1214/1174 1007/1648/1681 1301/1500/1705
f 1007/1648/1681 1298/1499/1703 1301/1500/1705
f 1007/1648/1681 1062/104/930 1298/1499/1703
f 1240/1214/1174 1321/445/1176 1241/1657/1692
f 1325/1514/1182 1320/446/1175 1319/1501/1704
f 1325/472/1182 1322/460/1177 1320/461/1175
f 1322/460/1177 1325/472/1182 1588/469/1181
f 1323/459/1178 1327/1515/1713 1324/503/1197
f 1322/460/1177 1326/1312/1403 1323/459/1178
f 1311/1516/1173 1328/487/1183 1325/1517/1182
f 1328/487/1183 1311/1516/1173 1314/486/1194
f 1328/471/1183 1337/1217/1187 1589/470/1184
f 1326/1312/1403 1329/764/1404 1338/1518/1714
f 1329/764/1404 1332/1519/1715 1338/1518/1714
f 1327/1515/1713 1326/1312/1403 1331/1272/1340
f 1327/1515/1713 1323/459/1178 1326/1312/1403
f 1346/765/1405 1337/1217/1187 1351/1520/1716
f 1337/1217/1187 1336/1216/1186 1334/1521/1717
f 1331/1272/1340 1338/1518/1714 1333/675/1338
f 1338/1518/1714 1339/1522/1718 1333/675/1338
f 1332/1519/1715 1339/1522/1718 1338/1518/1714
f 1332/1519/1715 1329/764/1404 1346/765/1405
f 1334/1523/1717 1347/478/1189 1349/1524/1719
f 1351/1520/1716 1349/1525/1719 1346/765/1405
f 1335/488/1185 1350/476/1188 1336/1218/1186
f 1336/1218/1186 1347/478/1189 1334/1523/1717
f 1342/482/1193 1341/479/1190 461/480/411
f 1315/1219/1191 1293/1212/1163 1340/483/1192
f 1340/483/1192 1293/1212/1163 1297/425/1164
f 1315/1219/1191 1292/422/1160 1293/1212/1163
f 1292/422/1160 1315/1219/1191 1312/1507/1711
f 1297/425/1164 1341/479/1190 1340/483/1192
f 1321/445/1176 965/1493/1196 1241/1657/1692
f 1551/1379/1179 1324/503/1197 1330/1526/1720
f 1332/1519/1715 1344/1660/1202 1339/1522/1718
f 1339/1522/1718 1344/1660/1202 1333/675/1338
f 1332/1519/1715 1346/765/1405 1343/1528/1203
f 1343/1528/1203 1346/765/1405 1349/1525/1719
f 1332/1519/1715 1345/1529/1200 1344/1660/1202
f 1343/1530/1203 1349/1524/1719 1348/504/1198
f 1348/504/1198 1349/1524/1719 1347/478/1189
f 1347/478/1189 1350/476/1188 460/506/429
f 461/1531/411 1335/488/1185 1342/489/1193
f 1350/476/1188 461/1531/411 460/506/429
f 1335/488/1185 461/1531/411 1350/476/1188
f 1349/1525/1719 1351/1520/1716 1334/1521/1717
f 1351/1520/1716 1337/1217/1187 1334/1521/1717
f 1332/1519/1715 1343/1528/1203 1345/1529/1200
f 1348/1532/1198 1353/517/1204 1343/1533/1203
f 1348/1532/1198 1365/516/1207 1353/517/1204
f 1353/514/1204 1356/521/1209 1354/513/1205
f 1360/1225/1211 1357/1223/1208 1359/1227/1212
f 1363/1230/1216 1359/1227/1212 1357/1223/1208
f 1362/1229/1215 1366/528/1217 1355/1222/1206
f 1365/516/1207 1348/1532/1198 1368/532/1199
f 1364/526/1213 1369/530/1218 1366/528/1217
f 1364/526/1213 1370/531/1220 1369/530/1218
f 1408/1534/1259 1430/1536/1258 1409/1535/1262
f 1372/535/1223 1376/566/1229 1371/534/1224
f 1371/534/1224 1376/566/1229 1397/1235/1248
f 1392/1537/1721 1391/1539/1243 1390/1538/1722
f 1392/1537/1721 1374/695/1226 1393/1540/1244
f 514/1541/509 517/1543/1630 1385/1542/1240
f 1373/539/1227 1386/552/1239 1389/544/1230
f 1389/544/1230 1386/552/1239 1380/554/1241
f 1386/552/1239 514/601/509 1385/551/1240
f 1380/554/1241 1387/1233/1238 1383/555/1242
f 1387/1233/1238 1388/1232/1235 1383/555/1242
f 1391/556/1243 1381/546/1234 1388/1232/1235
f 1393/1540/1244 1391/1539/1243 1392/1537/1721
f 1385/1542/1240 1396/1545/1723 1384/1544/1237
f 1391/556/1243 1393/557/1244 1381/546/1234
f 1395/559/1247 1385/1542/1240 517/1543/1630
f 1384/1544/1237 1396/1545/1723 1394/1234/1245
f 1385/1542/1240 1395/559/1247 1414/560/1246
f 1381/546/1234 1398/1231/1233 1382/548/1236
f 1403/568/1253 1400/1237/1250 1397/1235/1248
f 1382/548/1236 1388/1232/1235 1381/546/1234
f 1399/1238/1249 1406/1240/1257 1403/568/1253
f 1409/600/1262 1369/597/1218 1370/1546/1220
f 1368/578/1199 1410/579/1260 1370/585/1220
f 1409/586/1262 1411/584/1261 1408/581/1259
f 1412/1241/1263 543/580/493 547/588/498
f 1327/1515/1713 1330/1526/1720 1324/503/1197
f 1385/1542/1240 1414/560/1246 1396/1545/1723
f 1414/560/1246 1394/1234/1245 1396/1545/1723
f 1384/1544/1237 1394/1234/1245 1391/1539/1243
f 1384/550/1237 1391/556/1243 1387/1233/1238
f 1391/1539/1243 1394/1234/1245 1390/1538/1722
f 517/1543/1630 556/1552/1634 1395/559/1247
f 556/1552/1634 559/606/514 1416/1246/1276
f 1442/1661/1724 1416/1246/1276 1434/608/1275
f 556/1552/1634 1416/1246/1276 1415/593/1266
f 1416/1246/1276 1418/603/1274 1415/593/1266
f 1415/593/1266 1418/603/1274 1417/592/1264
f 1415/593/1266 1419/1242/1265 1394/1234/1245
f 1418/603/1274 1420/595/1267 1417/592/1264
f 1416/1246/1276 1422/602/1271 1418/603/1274
f 1422/602/1271 1423/1554/1725 1432/619/1286
f 1419/1242/1265 1424/1555/1726 1394/1234/1245
f 1424/1555/1726 1390/1538/1722 1394/1234/1245
f 1390/1538/1722 1425/1556/1727 1392/1537/1721
f 1424/1555/1726 1425/1556/1727 1390/1538/1722
f 1392/1537/1721 1425/1556/1727 1424/1555/1726
f 1430/1536/1258 1541/1557/1728 1409/1535/1262
f 1426/536/1222 1430/1536/1258 1372/535/1223
f 1430/576/1258 1373/539/1227 1372/540/1223
f 1395/559/1247 556/1552/1634 1394/1234/1245
f 1394/1234/1245 556/1552/1634 1415/593/1266
f 1422/602/1271 1432/619/1286 1433/1245/1272
f 1433/1245/1272 1421/596/1268 1431/604/1273
f 1434/608/1275 559/606/514 1437/1662/1729
f 1423/1554/1725 1416/1246/1276 1442/1661/1724
f 1442/1661/1724 1435/1558/1730 1423/1554/1725
f 1423/1554/1725 1435/1558/1730 1432/619/1286
f 1423/1554/1725 1422/602/1271 1416/1246/1276
f 1442/1661/1724 1455/1559/1731 1435/1558/1730
f 1455/1559/1731 1442/1661/1724 1434/608/1275
f 1436/1250/1285 1455/1559/1731 1437/1662/1729
f 1437/1662/1729 1455/1559/1731 1434/608/1275
f 1438/1247/1278 1437/1662/1729 560/609/517
f 1437/1662/1729 559/606/514 560/609/517
f 1438/1247/1278 1439/610/1277 1440/1663/1732
f 1440/1663/1732 1436/1250/1285 1438/1247/1278
f 1440/1663/1732 1454/1562/1733 1436/1250/1285
f 1419/1242/1265 1443/1564/1734 1449/1563/1735
f 1421/596/1268 1444/1565/1736 1443/1564/1734
f 1433/1245/1272 1451/1566/1737 1421/596/1268
f 1444/1565/1736 1445/1248/1279 1443/1564/1734
f 1419/1242/1265 1446/1567/1738 1424/1555/1726
f 1443/1564/1734 1419/1242/1265 1421/596/1268
f 1419/1242/1265 1449/1563/1735 1446/1567/1738
f 1421/596/1268 1451/1566/1737 1444/1565/1736
f 1444/1565/1736 1451/1566/1737 1447/1664/1739
f 1444/1565/1736 1447/1664/1739 1445/1248/1279
f 1449/1563/1735 1443/1564/1734 1450/1568/1740
f 1449/1563/1735 1450/1568/1740 1446/1567/1738
f 1450/1568/1740 1448/613/1282 1446/1567/1738
f 1450/1568/1740 1445/1248/1279 1448/613/1282
f 1445/1248/1279 1450/1568/1740 1443/1564/1734
f 1446/1567/1738 1474/1569/1741 1424/1555/1726
f 1451/1566/1737 1433/1245/1272 1447/1664/1739
f 1440/1663/1732 1439/610/1277 1454/1562/1733
f 1436/1250/1285 1456/618/1284 1455/1559/1731
f 1437/1662/1729 1438/1247/1278 1436/1250/1285
f 1456/618/1284 1435/1558/1730 1455/1559/1731
f 1452/1249/1280 1445/1248/1279 1447/1664/1739
f 1433/1245/1272 1460/620/1288 1447/1664/1739
f 1447/1664/1739 1460/620/1288 1452/1249/1280
f 1459/621/1287 1435/1558/1730 1456/618/1284
f 1461/622/1289 1694/1393/1502 968/911/1503
f 970/1665/1678 1463/1570/1742 1461/622/1289
f 1458/624/1291 1463/1570/1742 1462/626/1293
f 1463/1570/1742 1464/767/1408 1462/626/1293
f 1463/1570/1742 1465/1571/1743 1464/767/1408
f 1413/1549/1744 1463/1570/1742 970/1665/1678
f 1413/1549/1744 1466/1572/1745 1463/1570/1742
f 1463/1570/1742 1466/1572/1745 1465/1571/1743
f 1466/1572/1745 1413/1549/1744 970/1665/1678
f 1468/627/1294 1469/1573/1746 1467/625/1292
f 1469/1573/1746 1452/1249/1280 1467/625/1292
f 1452/1249/1280 1469/1573/1746 1453/614/1281
f 1470/629/1297 1469/1573/1746 1468/627/1294
f 1469/1573/1746 1470/629/1297 1453/614/1281
f 1424/1555/1726 1474/1569/1741 1392/1537/1721
f 1392/1537/1721 1474/1569/1741 1471/1574/1747
f 1472/1322/1418 1476/693/1350 1471/1574/1747
f 1476/693/1350 1472/1322/1418 1473/647/1313
f 1481/1575/1748 1484/780/1419 1471/1574/1747
f 1473/647/1313 1537/673/1337 1476/693/1350
f 1471/1574/1747 1476/693/1350 1475/694/1349
f 1475/694/1349 1392/1537/1721 1471/1574/1747
f 1474/1569/1741 1477/630/1296 1478/628/1295
f 1477/630/1296 1448/613/1282 1453/614/1281
f 1446/1567/1738 1477/630/1296 1474/1569/1741
f 1477/630/1296 1446/1567/1738 1448/613/1282
f 1478/628/1295 1479/1576/1749 1474/1569/1741
f 1478/628/1295 1485/1316/1411 1479/1576/1749
f 1479/1576/1749 1485/1316/1411 1481/1575/1748
f 1485/1316/1411 1482/1577/1750 1481/1575/1748
f 1480/1315/1410 1483/1323/1420 1482/1577/1750
f 1483/1323/1420 1484/780/1419 1482/1577/1750
f 1471/1574/1747 1484/780/1419 1472/1322/1418
f 1484/780/1419 1481/1575/1748 1482/1577/1750
f 1482/1577/1750 1485/1316/1411 1480/1315/1410
f 1479/1576/1749 1481/1575/1748 1474/1569/1741
f 1481/1575/1748 1471/1574/1747 1474/1569/1741
f 1472/1322/1418 1508/1257/1312 1473/647/1313
f 1488/633/1299 1490/648/1315 1486/632/1300
f 1472/1322/1418 1606/1603/1751 1508/1257/1312
f 1507/650/1317 1492/641/1307 1489/637/1303
f 1493/713/1360 1507/650/1317 1510/1284/1356
f 1507/650/1317 1493/713/1360 1492/641/1307
f 1496/1254/1304 1498/640/1306 1514/644/1311
f 1503/652/1318 1514/644/1311 1502/1261/1322
f 1486/632/1300 1490/648/1315 1489/637/1303
f 1490/648/1315 1507/650/1317 1489/637/1303
f 1510/1284/1356 1507/650/1317 1509/1258/1316
f 1487/1252/1298 1544/672/1335 1536/674/1336
f 1509/1258/1316 1465/1571/1743 1466/1572/1745
f 970/1665/1678 991/1666/1680 1466/1572/1745
f 984/1579/880 991/1666/1680 970/1665/1678
f 1501/653/1321 1511/1260/1320 1504/1667/1752
f 1504/1667/1752 1511/1260/1320 1520/1266/1328
f 1502/1261/1322 1514/644/1311 1512/1262/1323
f 1514/644/1311 1503/652/1318 1496/1254/1304
f 1501/653/1321 1504/1667/1752 1497/639/1305
f 1504/1667/1752 1505/668/1753 1497/639/1305
f 1521/1259/1319 1515/1294/1378 1511/1260/1320
f 1521/1259/1319 1560/1293/1377 1515/1294/1378
f 1517/1263/1325 1511/1260/1320 1515/1294/1378
f 1504/1667/1752 1520/1266/1328 1522/1268/1330
f 1505/668/1753 1523/1270/1333 1506/1271/1334
f 1523/1270/1333 1505/668/1753 1504/1667/1752
f 1523/1270/1333 1504/1667/1752 1522/1268/1330
f 1331/1272/1340 1530/678/1341 1528/1582/1376
f 1529/1583/1342 1527/1273/1339 1540/681/1345
f 1344/1584/1202 1532/1585/1347 1333/1276/1338
f 1333/1276/1338 1532/1585/1347 1533/1274/1343
f 1532/1585/1347 1344/1584/1202 1352/1586/1201
f 1532/1585/1347 1534/1275/1344 1533/1274/1343
f 1534/1668/1344 1532/688/1347 1531/1277/1346
f 1540/681/1345 1535/1588/1348 1529/1583/1342
f 1544/672/1335 1535/1278/1348 1536/674/1336
f 1538/704/1221 1535/696/1348 1427/1279/1351
f 1475/694/1349 1374/695/1226 1392/1537/1721
f 1538/689/1221 1374/695/1226 1537/673/1337
f 1428/1281/1353 1539/1589/1352 1429/1244/1270
f 1539/1589/1352 1543/1282/1354 1429/1244/1270
f 1426/705/1222 1542/1243/1269 1541/1590/1728
f 1541/1557/1728 1430/1536/1258 1426/536/1222
f 1429/1244/1270 1542/1243/1269 1428/1281/1353
f 1542/1243/1269 1426/705/1222 1428/1281/1353
f 1542/1243/1269 1409/600/1262 1541/1590/1728
f 1529/692/1342 1545/719/1365 1530/720/1341
f 1545/719/1365 1535/1278/1348 1544/672/1335
f 1545/719/1365 1529/692/1342 1535/1278/1348
f 1528/1582/1376 1330/1526/1720 1331/1272/1340
f 1528/1582/1376 1546/1669/1357 1330/1526/1720
f 1330/1526/1720 1546/1669/1357 1551/1379/1179
f 1327/1515/1713 1331/1272/1340 1330/1526/1720
f 986/1591/882 1547/466/1180 987/706/883
f 985/465/881 1547/466/1180 986/1591/882
f 1510/1284/1356 1548/708/1355 1493/713/1360
f 1510/1284/1356 991/1666/1680 987/706/883
f 1461/622/1289 968/911/1503 970/1665/1678
f 1551/1215/1179 1493/713/1360 1548/708/1355
f 1499/1255/1308 1551/1215/1179 1546/1285/1357
f 1549/1287/1359 1550/1286/1358 1563/733/1375
f 1523/1270/1333 1553/717/1364 1506/1271/1334
f 1524/1267/1329 1556/1289/1368 1554/721/1366
f 1525/1269/1331 1556/1289/1368 1524/1267/1329
f 1516/1264/1326 1556/1289/1368 1525/1269/1331
f 1521/1259/1319 1502/1261/1322 1560/1293/1377
f 1558/728/1371 1554/734/1366 1556/1290/1368
f 1557/726/1370 1561/1292/1374 1558/728/1371
f 1546/1285/1357 1528/737/1376 1550/1286/1358
f 1515/1294/1378 1568/1297/1383 1567/1295/1380
f 1584/1311/1402 1587/727/1369 1585/1670/1484
f 1584/1311/1402 1585/1670/1484 1586/824/1446
f 1322/460/1177 1588/469/1181 1326/1312/1403
f 1326/1312/1403 1338/1518/1714 1331/1272/1340
f 1590/1313/1407 1592/766/1406 1591/1321/1417
f 1592/766/1406 1464/767/1408 1465/1571/1743
f 1462/626/1293 1590/1313/1407 1468/627/1294
f 1592/766/1406 1465/1571/1743 1591/1321/1417
f 1591/1321/1417 1465/1571/1743 1509/1258/1316
f 1594/1594/1754 1595/772/1412 1491/649/1314
f 1600/1595/1755 1596/1671/1756 1593/1596/1757
f 1596/1671/1756 1599/1599/1758 1597/1598/1759
f 1597/1598/1759 1599/1599/1758 1605/1319/1415
f 1605/1319/1415 1599/1599/1758 1598/1314/1409
f 1599/1599/1758 1596/1671/1756 1598/1314/1409
f 1596/1671/1756 1600/1595/1755 1480/1315/1410
f 1596/1671/1756 1480/1315/1410 1598/1314/1409
f 1593/1596/1757 1483/1323/1420 1600/1595/1755
f 1480/1315/1410 1600/1595/1755 1483/1323/1420
f 1595/772/1412 1602/1600/1760 1601/1317/1413
f 1593/1596/1757 1602/1600/1760 1595/772/1412
f 1595/772/1412 1594/1594/1754 1593/1596/1757
f 1602/1600/1760 1593/1596/1757 1597/1598/1759
f 1597/1598/1759 1593/1596/1757 1596/1671/1756
f 1602/1600/1760 1597/1598/1759 1601/1317/1413
f 1597/1598/1759 1605/1319/1415 1604/1320/1416
f 1605/1319/1415 1590/1313/1407 1591/1321/1417
f 1470/629/1297 1603/1318/1414 1598/1314/1409
f 1590/1313/1407 1603/1318/1414 1468/627/1294
f 1468/627/1294 1603/1318/1414 1470/629/1297
f 1604/1320/1416 1605/1319/1415 1591/1321/1417
f 1604/1320/1416 1509/1258/1316 1601/1317/1413
f 1597/1598/1759 1604/1320/1416 1601/1317/1413
f 1491/649/1314 1606/1603/1751 1594/1594/1754
f 1593/1596/1757 1606/1603/1751 1483/1323/1420
f 1606/1603/1751 1472/1322/1418 1483/1323/1420
f 1606/1603/1751 1593/1596/1757 1594/1594/1754
f 1491/649/1314 1508/1257/1312 1606/1603/1751
f 1461/622/1289 1463/1570/1742 1458/624/1291
f 1506/1271/1334 1495/1253/1302 1505/668/1753
f 1505/668/1753 1495/1253/1302 1497/639/1305
f 1583/1310/1401 1574/1308/1398 1580/1325/1424
f 1617/1334/1431 1616/1333/1430 1618/1338/1437
f 1617/1334/1431 1618/1338/1437 1619/1337/1436
f 1618/1338/1437 1616/1333/1430 1620/1335/1434
f 1617/1334/1431 1624/807/1438 1615/1306/1395
f 1619/1337/1436 1623/1336/1435 1625/1339/1439
f 1622/804/1433 1626/1340/1441 1620/1335/1434
f 1585/1672/1484 1631/826/1448 1586/1345/1446
f 1637/1349/1452 1636/1348/1451 1638/1351/1455
f 1638/1351/1455 1636/1348/1451 1639/1350/1454
f 1635/1346/1449 1640/832/1453 1636/1348/1451
f 1646/1355/1460 1637/1349/1452 1642/1352/1456
f 1643/1353/1457 1639/1350/1454 1641/1357/1462
f 1646/1355/1460 1642/1352/1456 1649/1362/1464
f 1657/1366/1470 1656/1365/1469 1658/1673/1761
f 1657/1366/1470 1658/1673/1761 1659/1371/1476
f 1658/1673/1761 1656/1365/1469 1660/1369/1473
f 1655/1363/1467 1661/1367/1471 1656/1365/1469
f 1663/1606/1762 1659/1371/1476 1658/1673/1761
f 1660/1369/1473 1663/1606/1762 1658/1673/1761
f 1659/876/1476 1663/1607/1762 1660/875/1473
f 1665/1370/1475 1659/1371/1476 1670/870/1481
f 1660/1369/1473 1662/1368/1472 1667/867/1478
f 1692/906/1500 1631/883/1448 1673/1377/1483
f 1587/727/1369 1674/724/1367 1585/1670/1484
f 1585/882/1484 1674/1608/1367 1673/1377/1483
f 1517/1263/1325 1675/1298/1384 1518/1265/1327
f 1028/1103/907 1071/119/947 1030/120/949
f 1088/146/969 1112/207/1018 1114/148/970
f 1120/1462/994 1099/159/979 1105/160/981
f 1015/1100/898 1036/1450/1688 1017/85/912
f 1000/1096/890 1014/1101/899 1008/72/902
f 1509/1258/1316 1466/1572/1745 1510/1284/1356
f 1510/1284/1356 1466/1572/1745 991/1666/1680
f 1686/903/1493 1685/1609/1492 1684/902/1491
f 1681/1389/1494 1686/1388/1493 1690/1391/1498
f 1688/898/1496 1570/1299/1385 1676/1301/1389
f 1630/1610/1445 1632/825/1447 1613/1331/1429
f 1630/1610/1445 1586/1345/1446 1632/825/1447
f 1615/1306/1395 1569/1296/1382 1564/740/1046
f 1694/1393/1502 1698/910/1501 1693/916/1506
f 968/911/1503 1694/1393/1502 1695/1394/1504
f 402/912/748 1695/1394/1504 1696/1395/1505
f 1694/1393/1502 1461/622/1289 1457/1251/1290
f 1693/916/1506 1698/910/1501 1699/944/1525
f 1693/916/1506 1699/944/1525 1697/915/1507
f 1441/616/1283 1700/1611/1763 1456/618/1284
f 1700/1674/1763 1719/1408/1527 1698/1675/1501
f 1704/964/1512 1700/1674/1763 1441/1612/1283
f 1700/1674/1763 1704/964/1512 1719/1408/1527
f 1459/621/1287 1700/1611/1763 1698/910/1501
f 1700/1611/1763 1459/621/1287 1456/618/1284
f 1439/1613/1277 1709/1615/1517 1454/1614/1733
f 1712/1403/1519 1439/1407/1277 1701/1405/1508
f 1712/1403/1519 1711/1402/1518 1710/940/1516
f 1702/1397/1510 1718/941/1524 1744/1617/1554
f 1717/1618/1556 1718/941/1524 1714/937/1523
f 1718/941/1524 1715/935/1522 1714/937/1523
f 1718/941/1524 1716/934/1521 1715/935/1522
f 1718/941/1524 1713/1404/1520 1716/934/1521
f 1708/1398/1514 1711/1402/1518 1707/1399/1515
f 580/919/519 1714/1008/1523 1701/918/1508
f 1702/1397/1510 1744/1617/1554 1705/923/1511
f 1744/1617/1554 1718/941/1524 1717/1618/1556
f 1720/1620/1526 1761/982/1531 1719/1025/1527
f 34/1621/1528 1721/981/1532 1720/1620/1526
f 1763/984/1533 1727/988/1536 1726/1410/1535
f 1721/981/1532 33/1622/35 1731/992/1541
f 1723/980/1529 1732/1414/1542 1725/985/1534
f 34/1621/1528 33/1622/35 1721/981/1532
f 1705/996/1511 1736/997/1545 34/1623/1528
f 1743/1419/1553 1705/1624/1511 1744/1004/1554
f 1705/1624/1511 1743/1419/1553 1734/1625/1546
f 1734/1625/1546 1743/1419/1553 1737/1676/1548
f 1743/1419/1553 1742/1418/1551 1739/1420/1555
f 1737/1676/1548 1743/1419/1553 1739/1420/1555
f 1740/1416/1549 58/1628/56 59/1627/58
f 1744/1004/1554 1746/1011/1557 1745/1002/1552
f 1717/1422/1556 1746/1010/1557 1744/1629/1554
f 29/1421/26 1740/1416/1549 59/1627/58
f 34/1623/1528 1736/997/1545 29/1421/26
f 54/1009/53 58/1677/56 1746/1010/1557
f 58/1628/56 1740/1416/1549 1746/1011/1557
f 1722/1024/1560 1749/1436/1562 1747/1023/1559
f 1698/1022/1501 1719/1025/1527 1722/1024/1560
f 1749/1424/1562 1751/1026/1561 1750/1427/1565
f 1696/1395/1505 846/917/753 402/912/748
f 1697/915/1507 1754/1037/1568 939/1035/846
f 1754/1037/1568 1697/915/1507 10/942/6
f 1759/1044/1569 1760/1049/1575 1758/1431/1571
f 1460/620/1288 1467/625/1292 1452/1249/1280
f 1436/1250/1285 1454/1562/1733 1441/616/1283
f 1454/1614/1733 1709/1615/1517 1441/1637/1283
f 1459/621/1287 1432/619/1286 1435/1558/1730
f 1754/1045/1568 1755/1638/1764 1759/1044/1569
f 1761/982/1531 1720/1620/1526 1721/981/1532
f 1719/1025/1527 1761/982/1531 1722/1024/1560
f 1763/984/1533 1726/1410/1535 1724/1094/1563
f 1727/988/1536 1763/984/1533 1725/985/1534
f 1731/992/1541 33/1622/35 28/1095/25
f 1765/1428/1566 1733/993/1543 1732/1414/1542
f 1732/1414/1542 1764/1426/1564 1765/1428/1566
f 1764/1426/1564 1732/1414/1542 1731/992/1541
f 1747/1019/1559 1750/1427/1565 1748/1018/1558
f 1750/1427/1565 1764/1426/1564 1748/1018/1558
f 1750/1427/1565 1747/1019/1559 1749/1424/1562
