# Blender 4.5.3 LTS
# www.blender.org
mtllib diablo_lod0.mtl
o diablo3_pose
v 0.115260 0.700717 0.067726
v 0.114223 0.654606 0.082171
v 0.119952 0.672020 0.101202
v 0.120690 0.712368 0.093241
v 0.120409 0.670105 0.118388
v 0.103434 0.637490 0.102854
v 0.099831 0.642305 0.121165
v 0.113204 0.661161 0.119513
v 0.110674 0.714740 0.118248
v 0.114329 0.673286 0.128141
v 0.093804 0.672987 0.125628
v 0.091098 0.702896 0.120497
v 0.107546 0.664288 0.127930
v 0.116526 0.652831 0.018697
v 0.122606 0.631867 0.033916
v 0.123238 0.584561 0.039064
v 0.113679 0.582153 0.069834
v 0.107247 0.593611 0.124012
v 0.099392 0.618107 0.132025
v 0.051963 0.664482 0.148508
v 0.056813 0.670650 0.139722
v 0.067146 0.660001 0.134186
v 0.079904 0.658226 0.130390
v 0.087267 0.645679 0.131726
v 0.069026 0.645978 0.151671
v 0.073156 0.627719 0.151074
v 0.052455 0.654325 0.162320
v 0.040294 0.655625 0.166186
v 0.039943 0.667873 0.157259
v 0.051401 0.648069 0.163058
v 0.039556 0.644343 0.164429
v 0.040330 0.634327 0.163322
v 0.048132 0.610076 0.154571
v 0.021597 0.677468 0.155590
v 0.042403 0.672267 0.161494
v 0.055161 0.669385 0.152479
v 0.032422 0.694391 0.157312
v 0.050012 0.692264 0.158015
v 0.062102 0.681106 0.149088
v 0.042087 0.725178 0.149141
v 0.061716 0.711489 0.150880
v 0.070660 0.695445 0.133782
v 0.012951 0.710365 0.135873
v 0.026763 0.736074 0.134696
v 0.099603 0.759463 0.122043
v 0.127526 0.758813 0.113749
v 0.063491 0.787228 0.117404
v 0.078111 0.602994 0.156240
v 0.066144 0.626208 0.152690
v 0.089253 0.572418 0.146698
v 0.050170 0.601641 0.155028
v 0.063754 0.593944 0.162443
v 0.064967 0.641321 0.158156
v 0.067866 0.629969 0.156521
v 0.049766 0.643588 0.152233
v 0.047570 0.626384 0.148209
v 0.060521 0.610199 0.155660
v 0.059976 0.626419 0.154290
v 0.064387 0.628457 0.153182
v 0.057815 0.640741 0.152849
v 0.081309 0.813025 0.103117
v 0.135047 0.790409 0.095016
v 0.116789 0.817945 0.052033
v 0.089288 0.821565 0.059660
v 0.025709 0.775507 0.125488
v 0.063631 0.679507 0.139194
v 0.078129 0.671792 0.138720
v 0.087899 0.595034 0.002935
v 0.116772 0.566636 0.053703
v 0.114417 0.562155 0.074438
v 0.128176 0.558166 0.024655
v 0.107194 0.567445 0.096510
v 0.094472 0.545496 0.110902
v 0.071240 0.535304 0.117264
v 0.112431 0.544740 0.087214
v 0.097160 0.533775 0.088268
v 0.073138 0.524128 0.096282
v 0.106368 0.520964 0.066548
v 0.099392 0.514164 0.075616
v 0.078059 0.512283 0.079113
v 0.114100 0.533037 0.067111
v 0.115436 0.533582 0.041173
v 0.115752 0.527449 0.041718
v 0.114469 0.546304 0.051699
v 0.102151 0.525076 0.056251
v 0.097002 0.503198 0.040224
v 0.100605 0.498208 0.054177
v 0.086353 0.491407 0.054159
v 0.094999 0.486943 0.030928
v 0.073296 0.583559 0.000141
v 0.079552 0.555653 0.017678
v 0.087407 0.557569 0.030717
v 0.084385 0.502601 0.034390
v 0.098917 0.529927 0.042034
v 0.091361 0.482164 0.025094
v 0.090676 0.481970 0.034917
v 0.002425 0.842706 0.085773
v -0.010561 0.872456 0.078902
v -0.027994 0.869416 0.066619
v -0.010755 0.825273 0.071486
v -0.009999 0.800390 0.118951
v -0.027554 0.855217 0.105806
v 0.002337 0.823744 0.112220
v -0.012213 0.863705 0.098900
v -0.039451 0.902576 0.060609
v -0.001371 0.808351 0.066408
v 0.020701 0.806207 0.084490
v 0.013847 0.777950 0.120374
v -0.001529 0.759691 0.126718
v -0.033107 0.875532 0.091361
v 0.021158 0.796050 0.104594
v -0.226707 -0.278811 0.084420
v -0.164271 -0.310688 0.076319
v -0.190121 -0.154536 0.054739
v -0.115682 -0.174358 0.046058
v -0.102748 -0.130250 0.038449
v -0.268074 -0.269339 0.065037
v -0.243946 -0.149703 0.021246
v -0.189084 -0.002320 -0.060872
v -0.259147 -0.376006 0.090939
v -0.140495 -0.052719 0.022599
v -0.164921 -0.010860 -0.009806
v -0.129125 -0.084192 0.031947
v -0.116754 -0.024004 0.038924
v -0.120655 -0.052525 0.043018
v -0.098285 -0.162391 0.043001
v -0.203775 -0.406776 0.098478
v -0.145872 -0.436597 0.059484
v -0.112062 -0.354110 0.049274
v -0.237813 -0.446297 0.116033
v -0.205110 -0.499332 0.084156
v -0.272291 -0.426932 0.106158
v -0.270692 -0.459635 0.163568
v -0.233912 -0.504639 0.102661
v -0.283362 -0.512406 0.086564
v -0.252293 -0.489931 0.130584
v -0.298580 -0.454451 0.112800
v -0.291674 -0.453854 0.139897
v -0.284153 -0.488068 0.128897
v -0.294415 -0.476822 0.098162
v -0.302639 -0.443292 0.096528
v -0.311004 -0.454768 0.124890
v -0.320423 -0.453836 0.087899
v -0.311865 -0.403683 0.061400
v -0.328718 -0.434137 0.038590
v -0.328278 -0.278442 -0.007064
v -0.321495 -0.343110 0.047833
v -0.297754 -0.253506 -0.137736
v -0.214301 -0.520314 0.097090
v -0.231346 -0.516958 0.105876
v -0.243560 -0.524110 0.101887
v -0.222419 -0.537430 0.100727
v -0.238007 -0.537219 0.100323
v -0.233315 -0.527818 0.121288
v -0.226268 -0.536639 0.060503
v -0.180209 -0.502091 0.064633
v -0.256300 -0.524040 0.089077
v -0.278617 -0.532422 0.106368
v -0.247390 -0.547007 0.060943
v -0.272256 -0.556567 0.051594
v -0.237128 -0.554546 -0.002724
v -0.329438 -0.473131 0.021456
v -0.328981 -0.486733 0.060837
v -0.307384 -0.510948 0.058324
v -0.214266 -0.520806 0.064194
v -0.209187 -0.532686 0.077549
v -0.210118 -0.541472 0.051682
v -0.184480 -0.526307 0.014445
v -0.202369 -0.524690 0.046691
v -0.139950 -0.494078 -0.012160
v -0.076477 -0.164640 -0.246828
v -0.215215 -0.185780 -0.218676
v -0.177468 -0.068534 -0.291200
v -0.300513 -0.164886 -0.061153
v -0.328489 -0.511264 -0.017450
v -0.327540 -0.511071 0.035638
v -0.294732 -0.547429 -0.001669
v -0.313974 -0.486012 0.056251
v -0.113872 -0.083102 0.032492
v -0.087706 -0.132200 0.050487
v -0.074843 -0.168576 0.028960
v -0.087811 -0.133360 0.029347
v -0.106439 -0.043510 0.033670
v -0.100411 -0.072910 0.019664
v -0.076372 -0.204442 0.028081
v -0.155678 -0.252803 -0.213914
v -0.270464 -0.298615 -0.174779
v -0.227252 -0.034214 -0.120321
v -0.229097 -0.083629 -0.207834
v -0.095930 -0.172671 -0.223140
v -0.185710 -0.119987 -0.244210
v -0.069430 -0.201104 0.043317
v -0.064791 -0.227656 0.017503
v -0.086195 -0.217271 0.038678
v -0.070379 -0.219379 0.038625
v -0.099515 -0.241258 0.046849
v -0.080923 -0.241837 0.034619
v -0.361825 -0.347046 -0.051717
v -0.356465 -0.383352 0.012371
v -0.365041 -0.413717 -0.037430
v -0.198011 -0.343672 -0.195164
v -0.222542 -0.382104 -0.170984
v -0.089112 -0.308386 -0.115946
v -0.024778 -0.200436 -0.169420
v -0.122096 -0.400907 -0.110357
v -0.077461 -0.322620 -0.028538
v -0.089903 -0.362370 -0.025937
v -0.069764 -0.274013 0.006766
v -0.126085 -0.453625 -0.019629
v -0.150986 -0.459249 -0.081011
v -0.343496 -0.371420 -0.228429
v -0.232489 -0.383334 -0.251801
v -0.171950 -0.413577 -0.222964
v -0.319439 -0.410818 -0.323955
v -0.242874 -0.411029 -0.323674
v -0.300373 -0.419147 -0.372492
v -0.241398 -0.423136 -0.377693
v -0.280023 -0.359242 -0.238586
v -0.336608 -0.363635 -0.116596
v -0.341528 -0.467894 -0.310635
v -0.376516 -0.419341 -0.170000
v -0.340210 -0.470987 -0.359734
v -0.356922 -0.494693 -0.231540
v -0.367800 -0.432415 -0.235687
v -0.369100 -0.469423 -0.118248
v -0.337117 -0.518838 -0.136945
v -0.268197 -0.578551 -0.134977
v -0.192633 -0.538994 -0.054985
v -0.157927 -0.511422 -0.075510
v -0.170052 -0.525604 -0.152884
v -0.146153 -0.481074 -0.182283
v -0.185956 -0.440973 -0.312691
v -0.281376 -0.364180 -0.154307
v -0.159315 -0.374846 -0.160071
v -0.177029 -0.419499 -0.142814
v -0.207623 -0.455523 -0.380628
v -0.200190 -0.524444 -0.379503
v -0.332267 -0.533529 -0.224792
v -0.275630 -0.574175 -0.229923
v -0.175816 -0.507697 -0.257214
v -0.293695 -0.535023 0.056251
v -0.017081 -0.191808 -0.093241
v -0.024989 -0.115858 -0.005500
v -0.011897 -0.173286 -0.037237
v -0.216093 -0.549345 -0.141426
v -0.232910 -0.571153 -0.356694
v -0.211893 -0.551805 -0.242365
v -0.213334 -0.494640 -0.477524
v -0.241960 -0.540681 -0.524602
v -0.222824 -0.433786 -0.465680
v -0.322303 -0.541771 -0.514656
v -0.347767 -0.520121 -0.487664
v -0.280392 -0.547306 -0.527994
v -0.286262 -0.580027 -0.331002
v -0.335676 -0.543387 -0.345904
v -0.371261 -0.533406 -0.419358
v -0.324289 -0.469845 -0.504270
v -0.359347 -0.473430 -0.451956
v -0.242259 -0.468843 -0.513584
v -0.328155 -0.438284 -0.464064
v -0.274066 -0.472727 -0.520121
v -0.268636 -0.418778 -0.473360
v -0.264050 -0.676959 -0.365744
v -0.223509 -0.587302 -0.461551
v -0.229431 -0.689242 -0.390381
v -0.217798 -0.629336 -0.456683
v -0.244421 -0.666872 -0.481320
v -0.270780 -0.728043 -0.425509
v -0.283204 -0.679841 -0.483376
v -0.276843 -0.784821 -0.410097
v -0.244755 -0.727340 -0.414403
v -0.238868 -0.781991 -0.378519
v -0.247390 -0.767353 -0.363354
v -0.241451 -0.720768 -0.382596
v -0.268583 -0.714600 -0.363898
v -0.251221 -0.798510 -0.377096
v -0.273469 -0.798422 -0.391910
v -0.263188 -0.827716 -0.377482
v -0.253260 -0.811514 -0.363354
v -0.282466 -0.829192 -0.392033
v -0.274997 -0.828366 -0.372615
v -0.275489 -0.814870 -0.357748
v -0.239852 -0.749868 -0.402822
v -0.257881 -0.783801 -0.405107
v -0.234703 -0.689839 -0.458511
v -0.328454 -0.660264 -0.488051
v -0.367167 -0.637666 -0.455101
v -0.388641 -0.741943 -0.435631
v -0.376199 -0.631515 -0.395108
v -0.400098 -0.749288 -0.367958
v -0.383721 -0.823042 -0.261308
v -0.341229 -0.632657 -0.354620
v -0.362352 -0.751995 -0.321882
v -0.424050 -0.853284 -0.300847
v -0.350174 -0.740432 -0.472639
v -0.374196 -0.812920 -0.477929
v -0.319228 -0.757776 -0.318754
v -0.282642 -0.767582 -0.344621
v -0.337117 -0.824061 -0.251221
v -0.378642 -0.839771 -0.211243
v -0.346519 -0.841335 -0.204056
v -0.384265 -0.849313 -0.179577
v -0.353566 -0.852177 -0.173321
v -0.398341 -0.847310 -0.154711
v -0.351914 -0.850033 -0.144660
v -0.403841 -0.868169 -0.125505
v -0.359206 -0.872685 -0.119829
v -0.407268 -0.896601 -0.109988
v -0.428268 -0.941078 -0.073173
v -0.385618 -0.936808 -0.055407
v -0.427512 -0.988226 -0.034706
v -0.408340 -0.985977 -0.026588
v -0.418638 -1.000000 -0.033476
v -0.409447 -0.922574 -0.052754
v -0.368555 -0.903806 -0.104699
v -0.420114 -0.954082 -0.023354
v -0.420711 -0.984887 -0.022511
v -0.380716 -0.952641 -0.052929
v -0.346150 -0.890767 -0.143553
v -0.322708 -0.865621 -0.209732
v -0.305029 -0.838523 -0.252820
v -0.394229 -0.880435 -0.212790
v -0.402980 -0.884916 -0.172548
v -0.339911 -0.878431 -0.173321
v -0.340333 -0.942467 -0.116332
v -0.372263 -0.974871 -0.070977
v -0.418111 -0.930781 -0.135627
v -0.368063 -0.961059 -0.140565
v -0.395266 -0.987225 -0.105613
v -0.412768 -0.970864 -0.055196
v -0.405546 -0.983060 -0.078041
v -0.434401 -0.949988 -0.082944
v -0.430183 -0.963326 -0.099269
v -0.400661 -0.968861 -0.030823
v -0.415563 -0.977208 -0.044354
v -0.431730 -0.974168 -0.045109
v -0.224142 -0.382578 -0.183021
v -0.280744 -0.362475 -0.179102
v -0.344762 -0.376305 -0.133308
v -0.175869 -0.418251 -0.162514
v -0.151408 -0.467420 -0.090430
v -0.409061 -0.832689 -0.359452
v -0.436527 -0.875479 -0.277827
v -0.409078 -0.870471 -0.240203
v -0.391171 -0.957931 -0.047447
v -0.428619 -0.952360 -0.071240
v -0.392612 -0.924736 -0.175588
v -0.355446 -0.943785 -0.177661
v -0.330826 -0.922803 -0.173795
v -0.319826 -0.938302 -0.223263
v -0.383246 -0.934190 -0.226075
v -0.347784 -0.955277 -0.227568
v -0.480494 -0.870594 -0.262960
v -0.466014 -0.867518 -0.233859
v -0.496784 -0.864953 -0.258479
v -0.484782 -0.858591 -0.230099
v -0.519383 -0.873036 -0.246775
v -0.510210 -0.867501 -0.220557
v -0.533916 -0.892402 -0.238200
v -0.524760 -0.883633 -0.215320
v -0.587987 -0.927530 -0.202176
v -0.573015 -0.930130 -0.187977
v -0.603399 -0.965013 -0.185112
v -0.587759 -0.968070 -0.171968
v -0.586863 -0.943134 -0.216779
v -0.594753 -0.980635 -0.201314
v -0.598478 -0.987506 -0.180719
v -0.494025 -0.905792 -0.259076
v -0.524075 -0.915598 -0.247777
v -0.576249 -0.955312 -0.233332
v -0.549134 -0.946790 -0.181686
v -0.488437 -0.883668 -0.221137
v -0.471251 -0.883334 -0.227797
v -0.500105 -0.922680 -0.200366
v -0.542315 -0.969300 -0.213774
v -0.510175 -0.936650 -0.225196
v -0.579254 -0.973834 -0.194496
v -0.562577 -0.976540 -0.205005
v -0.574913 -0.952009 -0.179278
v -0.587583 -0.966858 -0.209310
v -0.586318 -0.976945 -0.189242
v -0.474519 -0.931536 -0.233244
v -0.471128 -0.917724 -0.215742
v -0.419358 -0.913190 -0.226532
v -0.434822 -0.917548 -0.305978
v -0.403086 -0.886515 -0.359224
v -0.386269 -0.851984 -0.426300
v -0.313341 -0.810829 -0.460127
v -0.316188 -0.843602 -0.441131
v -0.336397 -0.967947 -0.279725
v -0.260763 -0.938847 -0.308069
v -0.331336 -0.942554 -0.324307
v -0.331266 -0.886444 -0.370506
v -0.429480 -0.944575 -0.319878
v -0.402225 -0.957070 -0.275103
v -0.289021 -0.878203 -0.359347
v -0.281288 -0.843813 -0.282975
v -0.270323 -0.859347 -0.334481
v -0.244790 -0.877289 -0.243893
v -0.248199 -0.887095 -0.304731
v -0.253963 -0.845781 -0.223509
v -0.303676 -0.750290 -0.466717
v -0.289108 -0.850455 -0.208502
v -0.260588 -0.844603 -0.187889
v -0.228816 -0.848575 -0.203423
v -0.206727 -0.855376 -0.172688
v -0.241908 -0.847099 -0.155889
v -0.203898 -0.870436 -0.156785
v -0.234949 -0.862159 -0.140811
v -0.195410 -0.921221 -0.103943
v -0.216146 -0.921098 -0.103697
v -0.198591 -0.962798 -0.090746
v -0.213334 -0.965487 -0.094050
v -0.205005 -0.982515 -0.096422
v -0.188469 -0.935121 -0.118687
v -0.196746 -0.973518 -0.107019
v -0.226690 -0.884125 -0.210769
v -0.209890 -0.902594 -0.182020
v -0.244526 -0.947440 -0.123150
v -0.259902 -0.893702 -0.160827
v -0.264629 -0.859558 -0.181721
v -0.263751 -0.886901 -0.173022
v -0.233420 -0.952659 -0.161125
v -0.195779 -0.953432 -0.152198
v -0.238007 -0.917232 -0.176185
v -0.212333 -0.960742 -0.113608
v -0.223579 -0.965434 -0.138123
v -0.223790 -0.944452 -0.106509
v -0.197817 -0.949302 -0.126999
v -0.210470 -0.968914 -0.104084
v -0.240818 -0.908744 -0.186219
v -0.307929 -0.903314 -0.210066
v -0.240484 -0.924402 -0.250308
v -0.278231 -0.957896 -0.251590
v -0.268987 -0.933399 -0.223456
v -0.021808 -0.117158 0.005764
v -0.004516 -0.172354 -0.017485
v 0.011159 -0.124943 0.008576
v 0.023811 -0.188258 -0.019066
v -0.055460 -0.009612 0.018662
v -0.061417 -0.011616 0.011914
v -0.110744 -0.043212 0.019576
v -0.084894 0.054581 0.007486
v 0.001300 -0.029030 0.024092
v 0.011598 0.048852 -0.003269
v -0.127350 -0.033775 0.017450
v -0.137437 0.008857 0.004727
v -0.171651 0.086353 -0.045971
v -0.154799 0.073982 -0.012125
v -0.236794 0.112080 -0.127719
v -0.008294 -0.198556 -0.091537
v 0.009700 -0.244807 -0.252750
v -0.006309 -0.252961 -0.285629
v -0.126911 -0.230521 -0.328032
v -0.040470 -0.290022 -0.341757
v -0.158050 -0.313658 -0.377640
v -0.083225 -0.350771 -0.392753
v -0.256054 -0.452518 -0.493463
v -0.208150 -0.500773 -0.534478
v -0.387850 -0.571943 -0.536727
v -0.358310 -0.604172 -0.591642
v -0.540699 -0.660106 -0.534829
v -0.543475 -0.680473 -0.592679
v -0.683214 -0.726338 -0.418321
v -0.724001 -0.750641 -0.408744
v -0.724388 -0.787808 -0.271782
v -0.748234 -0.790022 -0.268900
v -0.211313 -0.245001 -0.433381
v -0.302499 -0.393263 -0.526043
v -0.427301 -0.509964 -0.533318
v -0.554036 -0.612449 -0.514199
v -0.680245 -0.695516 -0.410888
v -0.737585 -0.772502 -0.255017
v -0.178171 -0.180192 -0.381313
v -0.188715 -0.170773 -0.417759
v -0.202053 -0.145064 -0.392120
v -0.206551 -0.151056 -0.425157
v -0.221031 -0.117808 -0.435455
v -0.164482 -0.136752 -0.357045
v -0.188293 -0.118880 -0.377025
v -0.176484 -0.109971 -0.401733
v -0.181826 -0.108793 -0.358328
v -0.109865 -0.184638 -0.285313
v -0.154623 -0.103557 -0.339982
v -0.202105 -0.071293 -0.404562
v -0.154992 -0.083207 -0.364443
v -0.237673 -0.218747 -0.499807
v -0.233719 -0.194953 -0.539715
v -0.245194 -0.226760 -0.551506
v -0.263188 -0.209345 -0.577830
v -0.230890 -0.256071 -0.488666
v -0.233016 -0.250308 -0.535919
v -0.207043 -0.223298 -0.566162
v -0.206217 -0.240853 -0.557498
v -0.184620 -0.187748 -0.548993
v -0.212754 -0.192264 -0.556426
v -0.241556 -0.206780 -0.578357
v -0.206850 -0.173057 -0.491934
v -0.208660 -0.138597 -0.477050
v -0.218413 -0.113661 -0.525147
v -0.215232 -0.118546 -0.496538
v -0.224581 -0.051998 -0.457843
v -0.201227 -0.099410 -0.483007
v -0.237444 -0.079833 -0.476435
v -0.190437 -0.136400 -0.440147
v -0.238042 -0.052385 -0.479932
v -0.225038 -0.036183 -0.473184
v -0.204144 -0.026781 -0.448248
v -0.221506 -0.009630 -0.477858
v -0.204899 -0.045391 -0.494746
v -0.219309 -0.079623 -0.498840
v -0.252188 -0.047464 -0.521035
v -0.151654 -0.104471 -0.517538
v -0.186817 -0.100341 -0.495466
v -0.169595 -0.033072 -0.360524
v -0.213686 0.020314 -0.414912
v -0.201771 -0.022388 -0.431290
v -0.227270 0.043036 -0.425720
v -0.168734 -0.077022 -0.383475
v -0.183689 -0.021210 -0.453045
v -0.137332 -0.066302 -0.501599
v -0.112677 -0.028714 -0.463185
v -0.295294 -0.356096 -0.576424
v -0.431079 -0.483569 -0.569009
v -0.567901 -0.587179 -0.534109
v -0.692089 -0.676326 -0.409816
v -0.255263 -0.307103 -0.551752
v -0.257512 -0.329192 -0.491811
v -0.271079 -0.273082 -0.567005
v -0.224423 -0.265631 -0.564756
v -0.246758 -0.275191 -0.500949
v -0.250712 -0.310600 -0.564299
v -0.247461 -0.264401 -0.533986
v -0.239676 -0.282202 -0.568868
v -0.745598 -0.785278 -0.252820
v -0.170580 -0.148350 -0.537219
v -0.179348 -0.114329 -0.518979
v -0.191597 -0.007152 -0.308140
v -0.223983 0.079095 -0.344287
v -0.260517 0.131884 -0.356869
v -0.214125 0.032879 -0.389818
v -0.183830 0.024040 -0.427231
v -0.253137 0.104137 -0.375637
v -0.278670 0.149861 -0.385531
v -0.218202 0.115418 -0.406548
v -0.113731 0.016501 -0.454627
v -0.106632 0.064545 -0.419710
v -0.047183 0.182318 0.006045
v -0.037008 0.130549 -0.004165
v 0.028398 0.118494 -0.034777
v -0.045074 0.109514 0.010579
v -0.067497 0.073279 0.005904
v -0.068798 0.109936 0.020279
v -0.098882 0.063087 0.006783
v -0.056690 0.128475 -0.025006
v -0.082540 0.067989 -0.015693
v -0.064123 0.105279 -0.011282
v -0.099708 0.044213 -0.002952
v -0.051524 0.263680 -0.028433
v -0.097406 0.409869 0.041226
v 0.092503 0.404755 -0.030963
v 0.089903 0.504077 -0.014023
v -0.210681 0.101466 -0.060626
v -0.165009 0.090096 -0.030893
v -0.230907 0.108987 -0.083559
v -0.250554 0.145661 -0.116578
v -0.200893 0.125663 -0.036534
v -0.237620 0.088339 -0.157453
v -0.243384 0.101887 -0.219081
v -0.228078 0.108495 -0.156838
v -0.242119 0.046006 -0.217148
v -0.268724 0.124398 -0.177169
v -0.267652 0.106948 -0.200401
v -0.258690 0.098109 -0.257196
v -0.259709 0.086968 -0.311461
v -0.245299 0.094102 -0.284680
v -0.256950 0.141620 -0.257354
v -0.196306 0.118845 -0.202369
v -0.273732 0.146030 -0.312094
v -0.215056 0.115348 -0.267634
v -0.170527 0.115172 -0.243489
v -0.228342 0.113608 -0.289723
v -0.273556 0.141321 -0.210171
v -0.227094 0.121639 -0.194883
v -0.245387 0.132816 -0.183900
v -0.226690 0.121920 -0.242997
v -0.203037 0.127825 -0.075546
v -0.162478 0.071293 -0.023302
v -0.199311 0.055319 -0.064422
v -0.152181 0.114505 -0.047078
v -0.147137 0.088374 -0.038555
v -0.023530 0.169859 -0.007047
v -0.035620 0.185991 -0.016765
v -0.023952 0.218184 -0.028152
v 0.082171 0.347187 -0.041015
v -0.056620 0.318332 0.010315
v -0.068306 0.370277 0.019330
v -0.036446 0.218097 -0.012090
v -0.043317 0.219098 -0.037044
v -0.053070 0.172354 -0.032106
v -0.024830 0.275858 -0.014638
v 0.060960 0.245018 -0.052683
v -0.070291 0.389133 0.013057
v -0.141040 0.178927 -0.042649
v -0.111201 0.222560 -0.057217
v -0.142305 0.331863 -0.011194
v -0.191509 0.132130 -0.126981
v -0.171599 0.222419 -0.119566
v -0.176273 0.291973 -0.072435
v -0.199294 0.174323 -0.243278
v -0.218009 0.268003 -0.221312
v -0.197079 0.350789 -0.040013
v -0.255931 0.328243 -0.168980
v -0.265297 0.322040 -0.262398
v -0.295716 0.367940 -0.250501
v -0.238815 0.310301 -0.361508
v -0.164552 0.174815 -0.262345
v -0.192721 0.227779 -0.324852
v -0.225512 0.270411 -0.334271
v -0.206534 0.262538 -0.357906
v -0.286420 0.334306 -0.245914
v -0.287175 0.361561 -0.288827
v -0.101905 0.206340 -0.336221
v -0.211928 0.115524 -0.296419
v -0.073788 0.120304 -0.331195
v -0.224686 0.145942 -0.351773
v -0.153921 0.104348 -0.353601
v -0.154729 0.134432 -0.300109
v -0.086142 0.470161 0.063209
v -0.069624 0.420026 0.035497
v -0.116174 0.456788 0.065986
v -0.099269 0.427459 0.037008
v -0.129213 0.440973 0.042649
v -0.095280 0.419798 0.023969
v -0.104365 0.403015 0.026166
v -0.048097 0.358345 0.010596
v -0.063543 0.366148 0.003339
v -0.076705 0.349594 -0.002794
v -0.216937 0.325537 -0.317963
v -0.262064 0.353390 -0.277862
v -0.251415 0.353232 -0.298896
v -0.214248 0.287474 -0.268988
v -0.135996 0.272449 -0.331441
v -0.185991 0.352002 -0.366183
v -0.177802 0.298334 -0.299353
v -0.113152 0.272098 -0.350912
v -0.134292 0.347890 -0.371683
v -0.158419 0.209749 -0.320775
v -0.144818 0.381788 -0.391628
v -0.218870 0.291006 -0.323709
v -0.271307 0.369820 -0.273662
v -0.261308 0.383703 -0.295646
v -0.297684 0.401206 -0.397586
v -0.303553 0.405441 -0.369926
v -0.300302 0.425087 -0.348329
v -0.408410 0.456244 -0.431378
v -0.396970 0.473869 -0.443890
v -0.407022 0.472920 -0.407338
v -0.474027 0.488859 -0.474607
v -0.452114 0.485819 -0.465645
v -0.470091 0.486293 -0.452764
v -0.444593 0.465276 -0.442396
v -0.434576 0.480617 -0.454891
v -0.447580 0.479703 -0.426159
v -0.460567 0.471971 -0.460742
v -0.294855 0.443574 -0.346009
v -0.396900 0.493867 -0.432872
v -0.403051 0.493762 -0.411802
v -0.461586 0.496538 -0.458528
v -0.439356 0.495923 -0.443749
v -0.444435 0.494289 -0.432222
v -0.270253 0.463361 -0.397058
v -0.258426 0.427653 -0.419183
v -0.285242 0.464714 -0.364232
v -0.250185 0.415000 -0.287913
v -0.163884 0.398587 -0.370242
v -0.219731 0.462746 -0.353495
v -0.188961 0.445067 -0.354110
v -0.361104 0.568288 -0.308245
v -0.354374 0.574403 -0.367589
v -0.300671 0.599989 -0.392384
v -0.312603 0.471637 -0.212051
v -0.386058 0.625136 -0.270780
v -0.440551 0.614206 -0.365181
v -0.428162 0.646558 -0.388518
v -0.435631 0.655660 -0.290444
v -0.412997 0.686360 -0.368063
v -0.319984 0.679524 -0.371999
v -0.342003 0.658823 -0.283327
v -0.419024 0.697079 -0.322180
v -0.347538 0.705813 -0.334007
v -0.150898 0.625716 -0.381893
v -0.217552 0.679577 -0.296735
v -0.172671 0.673479 -0.332232
v -0.117756 0.687766 -0.318455
v -0.274593 0.646874 -0.386726
v -0.281798 0.677837 -0.329421
v -0.351615 0.679278 -0.328630
v -0.320616 0.659386 -0.380259
v -0.148614 0.556022 -0.396496
v -0.315696 0.684708 -0.327171
v -0.223491 0.658120 -0.237216
v -0.345218 0.671054 -0.308368
v -0.278635 0.654360 -0.281763
v -0.268724 0.631164 -0.229431
v -0.307103 0.626401 -0.261080
v -0.190244 0.687010 -0.250308
v -0.138263 0.694531 -0.272678
v -0.221910 0.704495 -0.291621
v -0.450023 0.628686 -0.313236
v -0.430130 0.694039 -0.294784
v -0.524321 0.683882 -0.367483
v -0.508716 0.697167 -0.386058
v -0.526465 0.725723 -0.318350
v -0.496134 0.739325 -0.369979
v -0.524426 0.689189 -0.338225
v -0.511616 0.739975 -0.314009
v -0.568780 0.729730 -0.383703
v -0.572558 0.782993 -0.358873
v -0.575177 0.739940 -0.349489
v -0.573753 0.771307 -0.338277
v -0.503356 0.754279 -0.335097
v -0.573753 0.768566 -0.379872
v -0.643500 0.751379 -0.372492
v -0.642481 0.760517 -0.362932
v -0.631621 0.776210 -0.375321
v -0.636330 0.762960 -0.380997
v -0.659632 0.761062 -0.377588
v -0.185622 0.524198 -0.384898
v -0.195972 0.482902 -0.368678
v -0.180772 0.441324 -0.458370
v -0.208748 0.450216 -0.438776
v -0.174727 0.536727 -0.443257
v -0.207518 0.508523 -0.428971
v -0.219696 0.522564 -0.519102
v -0.213580 0.496345 -0.511967
v -0.223790 0.498998 -0.504956
v -0.212262 0.529558 -0.506203
v -0.224054 0.519822 -0.500984
v 0.092363 0.459284 -0.019840
v -0.016589 0.480195 0.042333
v -0.025375 0.461832 0.029452
v 0.017327 0.396935 0.008171
v 0.022792 0.347169 -0.011335
v 0.070871 0.278617 -0.050364
v -0.094226 0.492742 0.072312
v -0.144501 0.538379 0.084262
v -0.121007 0.498225 0.057832
v -0.177380 0.700137 -0.291727
v -0.197835 0.689418 -0.270850
v -0.094454 0.718676 -0.274576
v -0.186430 0.712456 -0.219748
v -0.132482 0.742681 -0.203740
v -0.066215 0.766668 -0.220293
v -0.122079 0.765930 -0.171388
v -0.022792 0.825660 -0.153393
v -0.202527 0.718676 -0.194039
v -0.172425 0.732700 -0.191245
v -0.190349 0.696253 -0.212913
v -0.191298 0.731575 -0.162039
v -0.199786 0.700418 -0.184655
v -0.187889 0.720293 -0.151794
v -0.168893 0.765912 -0.128194
v -0.118582 0.757196 -0.141215
v -0.256001 0.688855 -0.215285
v -0.252697 0.664183 -0.237655
v -0.299336 0.516940 -0.317787
v -0.331090 0.484132 -0.307191
v -0.353232 0.496169 -0.348223
v -0.305767 0.472376 -0.350227
v -0.291217 0.558395 -0.371753
v -0.192616 0.558518 -0.389836
v -0.173813 0.725266 -0.155959
v -0.151900 0.741662 -0.109338
v -0.171072 0.738270 -0.132587
v -0.101958 0.792395 -0.147788
v -0.046586 0.798352 -0.190982
v -0.114364 0.756071 -0.102959
v -0.118177 0.801937 -0.175553
v -0.074790 0.799090 -0.172794
v -0.109004 0.810284 -0.162285
v -0.065230 0.809756 -0.153991
v -0.010579 0.847556 -0.114452
v -0.068060 0.827646 -0.118810
v -0.086775 0.811689 -0.137051
v -0.092240 0.784522 -0.096229
v -0.119864 0.774751 -0.162531
v -0.111921 0.777985 -0.168260
v -0.214582 0.714283 -0.138140
v -0.219661 0.734000 -0.107862
v -0.202914 0.686272 -0.107229
v -0.233279 0.688785 -0.156662
v -0.194514 0.694391 -0.089358
v -0.230028 0.679384 -0.129670
v -0.233016 0.704812 -0.150951
v -0.241205 0.703089 -0.115735
v -0.219327 0.697378 -0.120075
v -0.191702 0.721646 -0.109075
v -0.160897 0.730977 -0.121130
v -0.196763 0.675412 -0.085896
v -0.233033 0.661213 -0.112413
v -0.079570 0.802552 -0.103223
v -0.090360 0.821706 -0.135961
v -0.098285 0.783924 -0.165132
v -0.103012 0.778863 -0.108723
v -0.088251 0.757337 -0.119337
v -0.049432 0.624433 -0.033301
v -0.158525 0.619741 -0.054054
v -0.082118 0.708836 -0.110832
v -0.153165 0.686202 -0.055196
v -0.098004 0.604699 -0.043633
v -0.014041 0.523776 0.023548
v -0.112923 0.520789 0.066337
v -0.188521 0.609057 -0.033652
v -0.150652 0.559062 0.029997
v -0.222982 0.630021 0.014252
v -0.202703 0.545865 0.046761
v -0.174129 0.521650 0.059519
v -0.186993 0.649211 -0.074948
v -0.211805 0.605964 -0.070871
v -0.226531 0.680051 -0.076073
v -0.236443 0.616016 -0.092117
v -0.332777 0.474010 -0.181334
v -0.361596 0.500176 -0.114786
v -0.383158 0.421080 -0.117474
v -0.276632 0.657435 -0.172073
v -0.331793 0.511493 -0.219977
v -0.396830 0.498295 -0.216146
v -0.256599 0.664658 -0.123766
v -0.271869 0.626226 -0.129916
v -0.317717 0.629442 -0.157400
v -0.315134 0.531192 -0.134397
v -0.332689 0.496116 -0.155783
v -0.355938 0.566777 -0.148174
v -0.329842 0.531139 -0.115998
v -0.348276 0.502003 -0.126577
v -0.320810 0.521228 -0.148912
v -0.394950 0.413225 0.045953
v -0.403332 0.363143 -0.016483
v -0.399817 0.398991 -0.065037
v -0.392489 0.450181 -0.004077
v -0.346308 0.434910 0.123959
v -0.367518 0.474801 0.046234
v -0.332373 0.535427 -0.038291
v -0.281710 0.441078 0.132236
v -0.227849 0.465768 0.117439
v -0.427459 0.387095 0.091080
v -0.435789 0.338453 0.030700
v -0.381436 0.404456 0.137543
v -0.445981 0.345218 0.129793
v -0.401030 0.378150 0.163304
v -0.343022 0.395828 0.198415
v -0.247057 0.387112 0.149193
v -0.301111 0.351193 0.208554
v -0.502935 0.347099 0.210927
v -0.414561 0.369135 0.265280
v -0.472393 0.369047 0.222507
v -0.525076 0.289671 0.226672
v -0.448547 0.317436 0.062401
v -0.445647 0.289442 0.112765
v -0.417601 0.287597 0.031772
v -0.296190 0.500808 0.109813
v -0.376850 0.487435 -0.077338
v -0.271483 0.550118 0.038906
v -0.258215 0.567093 0.003866
v -0.136998 0.472797 0.057375
v -0.180543 0.516308 0.092644
v -0.501213 0.341177 0.366253
v -0.390398 0.318877 0.236513
v -0.372615 0.303729 0.239026
v -0.359189 0.311127 0.233859
v -0.390170 0.326925 0.273469
v -0.403455 0.349260 0.222015
v -0.507029 0.287281 0.188065
v -0.476048 0.350719 0.460285
v -0.506801 0.306312 0.424876
v -0.502144 0.329262 0.430622
v -0.513303 0.304643 0.460900
v -0.509595 0.322251 0.465540
v -0.506063 0.317190 0.482867
v -0.510579 0.288757 0.368063
v -0.525006 0.295276 0.294152
v -0.514884 0.339683 0.306224
v -0.464573 0.372861 0.314378
v -0.525375 0.258321 0.270218
v -0.509138 0.244122 0.192212
v -0.522300 0.242857 0.214107
v -0.420430 0.246863 0.106316
v -0.508576 0.232155 0.282606
v -0.497733 0.220240 0.196499
v -0.510807 0.219362 0.221734
v -0.505869 0.288423 0.468931
v -0.497188 0.291410 0.425948
v -0.495291 0.258760 0.376164
v -0.477788 0.219239 0.165835
v -0.493270 0.246723 0.159210
v -0.267037 0.352072 -0.149562
v -0.309581 0.383808 -0.237778
v -0.241785 0.297719 0.042386
v -0.302042 0.396830 -0.224282
v -0.285277 0.271711 -0.000949
v -0.306980 0.390785 -0.281306
v -0.316698 0.406249 -0.275120
v -0.273100 0.385249 -0.293677
v -0.263452 0.412821 -0.286367
v -0.286156 0.401961 -0.303887
v -0.314079 0.416002 -0.307226
v -0.318156 0.421854 -0.302042
v -0.280621 0.424296 -0.284030
v -0.311935 0.428074 -0.302042
v -0.304098 0.422187 -0.306839
v -0.307331 0.457052 -0.262398
v -0.370822 0.327382 -0.089569
v -0.343953 0.366218 -0.148139
v -0.300671 0.491583 -0.277616
v -0.335659 0.290637 -0.073736
v -0.320476 0.464960 -0.312111
v -0.338066 0.474344 -0.340579
v -0.297455 0.435719 -0.267617
v -0.256634 0.516343 -0.333726
v -0.263557 0.467613 -0.353636
v -0.267793 0.493428 -0.353425
v -0.301357 0.455242 -0.326503
v -0.334429 0.500176 -0.337680
v -0.309809 0.493182 -0.353495
v -0.421098 0.275489 0.063315
v -0.386567 0.326714 -0.040295
v -0.335378 0.285875 -0.023249
v -0.203247 0.386761 0.016641
v -0.149896 0.414297 0.026324
v -0.167258 0.475011 0.097494
v -0.148438 0.479405 0.074368
v -0.352740 0.258619 0.207799
v -0.291727 0.300443 0.118898
v -0.249025 0.347099 0.098742
v -0.178312 0.408604 -0.028521
v -0.208185 0.421116 0.075581
v -0.363195 0.231136 0.119407
v -0.381454 0.243911 0.039469
v -0.444241 0.202755 0.242646
v -0.429023 0.199294 0.184251
v -0.465821 0.260869 0.409061
v -0.465557 0.229730 0.327733
v -0.415211 0.276596 0.412751
v -0.393597 0.231311 0.322954
v -0.456859 0.366745 0.377236
v -0.379275 0.297403 0.336239
v -0.404000 0.318508 0.418778
v -0.410941 0.343268 0.465909
v -0.372035 0.293062 0.278196
v -0.364689 0.249991 0.295505
v -0.381225 0.262714 0.347626
v -0.322198 0.264489 0.169402
v -0.320300 0.246318 0.094050
v -0.378115 0.221892 0.213018
v -0.356131 0.254033 0.246986
v -0.470144 0.325098 0.522862
v -0.395406 0.317840 0.498172
v -0.395582 0.311356 0.464889
v -0.529013 0.265543 0.560310
v -0.496521 0.275208 0.591010
v -0.453555 0.274734 0.607458
v -0.422012 0.276386 0.605578
v -0.545127 0.249148 0.535286
v -0.449671 0.259937 0.639388
v -0.425755 0.262978 0.637648
v -0.453432 0.243595 0.685306
v -0.439180 0.246811 0.686764
v -0.458844 0.243296 0.700418
v -0.441359 0.248445 0.704003
v -0.461111 0.233473 0.724071
v -0.446245 0.234597 0.726356
v -0.466840 0.212385 0.754261
v -0.467807 0.186237 0.773363
v -0.442291 0.188012 0.777001
v -0.454803 0.197378 0.773047
v -0.446543 0.214723 0.759059
v -0.373370 0.244649 0.570081
v -0.382438 0.288862 0.488543
v -0.416617 0.235072 0.660212
v -0.429603 0.229765 0.707535
v -0.437212 0.174990 0.772731
v -0.433434 0.201701 0.754701
v -0.465382 0.163761 0.788089
v -0.444066 0.169226 0.791094
v -0.457614 0.177345 0.796067
v -0.455699 0.149299 0.809458
v -0.385355 0.257214 0.483657
v -0.438987 0.241152 0.490282
v -0.414280 0.220363 0.525305
v -0.393983 0.231838 0.499772
v -0.421625 0.273398 0.459706
v -0.195111 0.171950 -0.131480
v -0.221857 0.217675 -0.229484
v -0.224985 0.237954 -0.304274
v -0.218975 0.267494 -0.169472
v -0.216445 0.599743 -0.042368
v -0.249605 0.611078 -0.026482
v -0.246072 0.579904 -0.015605
v -0.222595 0.611429 -0.013795
v -0.304256 0.549028 -0.079464
v -0.334798 0.551559 -0.065793
v -0.307472 0.551383 -0.046515
v -0.289021 0.567603 -0.102098
v -0.292430 0.560960 -0.090184
v -0.269251 0.558887 -0.064774
v -0.258760 0.580150 -0.092082
v -0.279391 0.611588 -0.077936
v -0.273152 0.576776 -0.102801
v -0.297561 0.552402 -0.124960
v -0.320775 0.592855 -0.098654
v -0.326837 0.535023 -0.101132
v -0.276948 0.558553 -0.043809
v -0.299564 0.572400 -0.066109
v -0.230362 0.584156 -0.065933
v -0.242593 0.581556 -0.077742
v -0.228728 0.610463 -0.064264
v -0.233438 0.598250 -0.076811
v -0.257635 0.570063 -0.044758
v -0.272713 0.570133 -0.057744
v -0.255369 0.562401 -0.057990
v -0.247812 0.568552 -0.071680
v -0.261466 0.562594 -0.036200
v -0.328770 0.535163 -0.079254
v -0.470899 0.192792 0.742171
v -0.471145 0.174586 0.765895
v -0.463132 0.224300 0.646997
v -0.468000 0.226215 0.696974
v -0.441500 0.163340 0.764190
v -0.438056 0.191192 0.738885
v -0.462640 0.184726 0.733262
v -0.462570 0.162039 0.760974
v -0.444698 0.163533 0.787703
v -0.463554 0.161196 0.785207
v -0.450884 0.150898 0.803694
v -0.459003 0.147823 0.801163
v -0.432099 0.208607 0.696271
v -0.425474 0.212561 0.647243
v -0.459284 0.201719 0.689804
v -0.454363 0.142041 0.808228
v -0.341300 0.250958 0.508997
v -0.347608 0.255158 0.535497
v -0.344744 0.220873 0.540681
v -0.340702 0.215179 0.515570
v -0.339788 0.207184 0.543915
v -0.334727 0.203265 0.518118
v -0.333937 0.192387 0.547271
v -0.329825 0.186940 0.519928
v -0.314202 0.176537 0.534865
v -0.309756 0.176343 0.553826
v -0.308720 0.165888 0.522405
v -0.367571 0.237620 0.495044
v -0.347204 0.191737 0.506976
v -0.314027 0.149158 0.516975
v -0.281728 0.160493 0.547042
v -0.290040 0.156785 0.559484
v -0.287685 0.154465 0.530981
v -0.266106 0.136717 0.553966
v -0.272467 0.130513 0.559941
v -0.271588 0.128633 0.545162
v -0.352986 0.197027 0.551928
v -0.321671 0.166995 0.561698
v -0.328946 0.144378 0.533599
v -0.329913 0.151601 0.555882
v -0.311479 0.140020 0.537167
v -0.312902 0.145872 0.557287
v -0.291252 0.150125 0.531930
v -0.297596 0.152585 0.560995
v -0.364988 0.183900 0.546357
v -0.364443 0.178645 0.521316
v -0.389098 0.217007 0.557797
v -0.265596 0.126419 0.553035
v -0.401311 0.243050 0.616209
v -0.456472 0.223034 0.531860
v -0.407005 0.219362 0.605578
v -0.428812 0.211050 0.570239
v -0.484782 0.249886 0.629547
v -0.501388 0.247215 0.621850
v -0.512002 0.199048 0.670843
v -0.497101 0.202404 0.678136
v -0.518223 0.179682 0.684655
v -0.498524 0.184954 0.695305
v -0.513742 0.153727 0.686747
v -0.492655 0.152339 0.696675
v -0.505114 0.106562 0.691034
v -0.489702 0.109022 0.701262
v -0.491460 0.084279 0.696974
v -0.498594 0.074087 0.680754
v -0.472745 0.079254 0.694707
v -0.468896 0.221295 0.643184
v -0.478913 0.169789 0.684462
v -0.476857 0.112396 0.694057
v -0.461305 0.084736 0.683074
v -0.481742 0.050346 0.689716
v -0.483482 0.049362 0.669525
v -0.465733 0.055565 0.684198
v -0.466594 0.033195 0.668629
v -0.469564 0.041419 0.660458
v -0.462535 0.042913 0.668032
v -0.517169 0.166186 0.667979
v -0.507152 0.109848 0.668524
v -0.495783 0.075880 0.664991
v -0.508540 0.214195 0.619091
v -0.461516 0.080782 0.667944
v -0.469177 0.118986 0.676133
v -0.491846 0.114803 0.656978
v -0.481812 0.076670 0.653534
v -0.465136 0.061962 0.679278
v -0.480354 0.056532 0.664781
v -0.501898 0.157101 0.654061
v -0.475750 0.165062 0.668734
v -0.457544 0.197536 0.633764
v -0.461832 0.035181 0.660669
v -0.521843 0.238780 0.604822
v -0.535708 0.235441 0.591115
v -0.545373 0.173848 0.626894
v -0.531561 0.178681 0.634169
v -0.547605 0.158981 0.631129
v -0.533265 0.164534 0.643078
v -0.535866 0.131515 0.627245
v -0.523723 0.136154 0.637472
v -0.512670 0.099497 0.608776
v -0.499649 0.103276 0.616789
v -0.497206 0.091098 0.602836
v -0.498454 0.087196 0.588919
v -0.479756 0.094964 0.598496
v -0.511633 0.210452 0.617193
v -0.512863 0.154641 0.633044
v -0.487910 0.115102 0.608583
v -0.471268 0.101940 0.590026
v -0.479176 0.076108 0.584842
v -0.482445 0.078182 0.570573
v -0.466278 0.084596 0.584209
v -0.455014 0.072857 0.550979
v -0.543493 0.145732 0.618125
v -0.514884 0.105911 0.590360
v -0.499016 0.092785 0.576758
v -0.536183 0.195322 0.585281
v -0.472586 0.109725 0.578217
v -0.493428 0.127139 0.601413
v -0.509208 0.125716 0.590184
v -0.490300 0.102081 0.568288
v -0.465997 0.090342 0.577391
v -0.482199 0.084561 0.567866
v -0.529663 0.153305 0.603926
v -0.509366 0.155397 0.621253
v -0.523407 0.185727 0.575036
v -0.493358 0.190015 0.606825
v -0.512319 0.245721 0.489158
v -0.525762 0.224757 0.519260
v -0.482339 0.268232 0.453801
v -0.519998 0.277704 0.493621
v -0.542175 0.230907 0.578305
v -0.553667 0.225161 0.564053
v -0.567128 0.187326 0.577795
v -0.558342 0.186676 0.585703
v -0.573103 0.162320 0.583172
v -0.562788 0.163849 0.592574
v -0.565160 0.146803 0.574122
v -0.557551 0.144501 0.584209
v -0.550856 0.125857 0.562050
v -0.542702 0.126068 0.573121
v -0.535761 0.121639 0.561558
v -0.530788 0.128457 0.544055
v -0.522950 0.125171 0.562963
v -0.537184 0.193618 0.581854
v -0.549432 0.168805 0.587073
v -0.536885 0.134713 0.576126
v -0.519980 0.132113 0.564457
v -0.505641 0.120550 0.539398
v -0.508962 0.127491 0.535163
v -0.503567 0.128826 0.548870
v -0.484958 0.135153 0.529733
v -0.566425 0.169841 0.563157
v -0.548782 0.139054 0.549397
v -0.530471 0.137121 0.540224
v -0.549889 0.211208 0.548132
v -0.520754 0.139212 0.561575
v -0.537096 0.140688 0.572137
v -0.543686 0.146188 0.552701
v -0.523723 0.147612 0.543159
v -0.503005 0.133975 0.548729
v -0.509085 0.131181 0.534882
v -0.553316 0.166555 0.558412
v -0.542280 0.167276 0.580730
v -0.536850 0.196183 0.541577
v -0.388834 0.216286 0.528855
v -0.010315 0.638052 -0.023829
v -0.034566 0.629775 -0.019049
v 0.004059 0.557569 -0.008786
v 0.042632 0.577356 -0.039486
v 0.024110 0.566988 -0.019682
v 0.007697 0.631867 0.004586
v 0.039047 0.596791 -0.021650
v 0.004868 0.585140 -0.023864
v -0.026640 0.585053 -0.015218
v -0.091642 0.719766 -0.068499
v -0.040294 0.674287 -0.018346
v -0.103855 0.744473 -0.081520
v -0.042913 0.848452 -0.098109
v -0.092398 0.884441 -0.069729
v -0.125101 0.830369 -0.090166
v -0.108389 0.790391 -0.050417
v -0.095227 0.788318 -0.004850
v -0.115524 0.871068 -0.115471
v -0.091168 0.938144 -0.114979
v -0.095227 0.926387 -0.137261
v -0.107458 0.964485 -0.149984
v -0.109584 0.953590 -0.159368
v -0.095403 0.825888 -0.120778
v -0.091063 0.856799 -0.136928
v -0.078779 0.917917 -0.151337
v -0.094753 0.955014 -0.166274
v -0.052947 0.868327 -0.112958
v -0.052666 0.925157 -0.137191
v -0.089604 0.964643 -0.158894
v -0.064106 0.949953 -0.146927
v -0.097582 0.969968 -0.151285
v -0.071680 0.957878 -0.132165
v -0.036569 0.849770 -0.047148
v -0.055530 0.884968 -0.078182
v -0.058834 0.934506 -0.114100
v -0.065845 0.862739 -0.127298
v -0.032773 0.832935 0.005992
v -0.068306 0.893034 -0.064686
v -0.080449 0.947018 -0.113644
v -0.104031 0.965065 -0.165343
v -0.022476 0.610234 0.009120
v -0.056128 0.648034 0.054933
v -0.019119 0.588321 0.023337
v -0.048519 0.620251 0.088620
v -0.048273 0.623309 0.115998
v -0.018768 0.599937 0.093733
v -0.011194 0.615418 0.124381
v -0.044776 0.661125 0.110357
v -0.067111 0.660106 0.104963
v -0.031526 0.609813 0.071293
v 0.008294 0.549204 0.031086
v 0.008294 0.640758 0.159017
v -0.001336 0.652778 0.135381
v -0.003075 0.638421 0.128949
v 0.000843 0.625013 0.146575
v -0.004059 0.586089 0.126507
v 0.016571 0.584402 0.148438
v 0.012301 0.563139 0.116912
v 0.024268 0.552736 0.138878
v -0.018170 0.606052 0.112361
v -0.050153 0.617685 0.105665
v -0.070555 0.653587 0.078972
v -0.039416 0.614259 0.108108
v -0.037676 0.619654 0.117105
v -0.030981 0.634626 0.116315
v -0.012020 0.629986 0.123519
v 0.004903 0.650019 0.144993
v 0.028134 0.654096 0.164095
v 0.024795 0.667065 0.155414
v 0.007750 0.607616 0.146188
v 0.035005 0.632148 0.162514
v 0.024128 0.639616 0.163269
v 0.016975 0.648455 0.164447
v 0.011633 0.659175 0.155151
v 0.044073 0.604523 0.154764
v 0.037606 0.606843 0.153780
v 0.029259 0.630918 0.162496
v 0.031367 0.643763 0.163340
v -0.000984 0.652128 0.148297
v 0.006607 0.661266 0.158823
v -0.012776 0.658103 0.143500
v 0.002970 0.685341 0.155115
v -0.010333 0.673725 0.153516
v -0.025709 0.665835 0.126595
v -0.021017 0.705778 0.144431
v -0.029663 0.683408 0.144045
v -0.012617 0.723966 0.131761
v -0.106333 0.734756 -0.059010
v -0.112800 0.754437 -0.006537
v -0.078797 0.707061 0.114751
v 0.033055 0.585211 0.153288
v 0.027255 0.599972 0.153182
v 0.059115 0.557112 0.148350
v 0.050434 0.583840 0.154606
v 0.012547 0.636137 0.160159
v 0.005904 0.623168 0.153745
v 0.010087 0.612203 0.152216
v 0.014111 0.610234 0.148807
v 0.029821 0.620919 0.146874
v 0.014234 0.613046 0.149439
v 0.012776 0.626911 0.149492
v 0.018821 0.613767 0.151214
v 0.017872 0.633782 0.149844
v 0.040593 0.598707 0.154307
v -0.120761 0.744948 0.034285
v -0.181984 0.660475 0.033318
v -0.162689 0.638931 -0.042825
v -0.215812 0.575581 0.054072
v -0.178856 0.511844 0.023635
v -0.200981 0.541560 0.080062
v -0.135715 0.517749 0.085931
v -0.165958 0.540470 0.115787
v -0.024040 0.530735 0.175166
v -0.077127 0.523372 0.148016
v -0.092802 0.541525 0.164482
v -0.120620 0.656592 0.079745
v -0.104875 0.687379 0.096405
v -0.143974 0.593382 0.089112
v -0.126155 0.710136 0.075510
v -0.016659 0.536710 0.170421
v -0.074069 0.562841 0.150582
v -0.142252 0.814308 -0.026728
v -0.170562 0.813236 0.011071
v -0.130865 0.792307 0.058922
v -0.174639 0.808491 -0.044231
v -0.196113 0.814607 -0.024989
v -0.212930 0.783485 -0.063772
v -0.103416 0.844709 0.057850
v -0.158683 0.850912 0.005518
v -0.188328 0.840544 -0.031614
v -0.206832 0.803852 -0.062788
v -0.129688 0.845078 -0.015605
v -0.066548 0.818912 0.007416
v -0.121762 0.832021 -0.022230
v -0.162215 0.841142 -0.041823
v -0.194162 0.795276 -0.057621
v -0.208045 0.800706 -0.049837
v -0.095913 0.758567 0.089885
v -0.067585 0.843075 0.024619
v -0.027449 0.815063 0.053457
v -0.077918 0.829420 0.077004
v -0.064932 0.749359 0.111447
v -0.101325 0.762995 0.045426
v -0.015956 0.854989 -0.072119
v -0.017081 0.841458 -0.001476
v -0.036446 0.783292 0.099339
v -0.028169 0.758250 0.120725
v -0.018153 0.767669 0.117545
v -0.028275 0.799986 0.074526
v -0.026904 0.792166 0.082944
v -0.028292 0.781218 0.102256
v -0.038362 0.830422 0.083612
v -0.046586 0.861508 0.076653
v -0.032879 0.813078 0.110129
v -0.043809 0.854075 0.096826
v -0.011791 0.656328 0.133571
v -0.019260 0.641848 0.131462
v -0.091361 0.644730 -0.021316
v -0.082329 0.621657 0.038766
v -0.176607 0.536112 0.001968
v -0.116262 0.556813 0.037026
v -0.139581 0.586511 -0.015306
v -0.103961 0.538326 0.066408
v -0.060222 0.534583 0.120022
v -0.020630 0.520033 0.164868
v -0.018785 0.525902 0.156082
v -0.131814 0.576618 0.104576
v -0.011862 0.526236 0.169139
v 0.056848 0.578094 -0.051822
v 0.063209 0.595544 -0.029716
v 0.049239 0.583787 0.004885
v 0.019418 0.536710 0.046427
v 0.021035 0.533459 0.067462
v 0.030050 0.528503 0.021492
v 0.011088 0.550627 0.062173
v 0.020982 0.540945 0.090078
v 0.041718 0.529276 0.106948
v 0.049134 0.519014 0.084683
v 0.030665 0.519611 0.081116
v 0.051488 0.507029 0.062788
v 0.040681 0.510614 0.035585
v 0.043774 0.505325 0.036341
v 0.038555 0.509823 0.061470
v 0.032931 0.521246 0.045601
v 0.059291 0.505729 0.073068
v 0.070819 0.489052 0.051963
v 0.054265 0.510350 0.052666
v 0.074509 0.496292 0.038537
v 0.066531 0.547886 0.022546
v 0.070045 0.518135 0.033880
v 0.084859 0.483815 0.030173
v -0.419446 0.356096 0.403086
v -0.413717 0.363371 0.323393
v 0.029979 -0.116772 -0.009437
v 0.027888 -0.117035 0.002320
v 0.032826 -0.174323 -0.023143
v 0.035146 -0.176607 -0.044776
v 0.045760 -0.006309 0.012881
v 0.051787 -0.009050 0.005764
v 0.107651 0.046304 -0.031596
v 0.102169 0.057112 -0.023987
v 0.015218 -0.208045 -0.094366
v 0.027835 -0.199540 -0.098882
v 0.032879 -0.193090 -0.102608
v 0.008435 -0.221101 -0.187520
v 0.036973 -0.196236 -0.178874
v 0.114382 0.167241 -0.071609
v 0.106527 0.129301 -0.059607
v 0.144027 0.178364 -0.087196
v 0.109250 0.109321 -0.040927
v 0.098478 0.074966 -0.030928
v 0.134380 0.109619 -0.047798
v 0.120550 0.065564 -0.035023
v 0.108161 0.105015 -0.064844
v 0.105648 0.127157 -0.085527
v 0.099726 0.068569 -0.050996
v 0.113644 0.169332 -0.109180
v 0.119443 0.182670 -0.092802
v 0.172214 0.545127 -0.080115
v 0.192862 0.504358 -0.083577
v 0.225249 0.599919 -0.183267
v 0.113907 0.214002 -0.103240
v 0.140038 0.264436 -0.121182
v 0.131867 0.338962 -0.082768
v 0.159649 0.400169 -0.081854
v 0.179911 0.300531 -0.144572
v 0.201139 0.358539 -0.155203
v 0.181123 0.341370 -0.139441
v 0.134274 0.213106 -0.104857
v 0.116666 0.214406 -0.123273
v 0.137420 0.254982 -0.142656
v 0.180139 0.331547 -0.170703
v 0.182424 0.350648 -0.157066
v 0.218149 0.459003 -0.139441
v 0.231645 0.475029 -0.169349
v 0.250431 0.527572 -0.192897
v 0.231645 0.542122 -0.176080
v 0.237427 0.455224 -0.162303
v 0.229062 0.448178 -0.176519
v 0.219942 0.462746 -0.168155
v 0.240748 0.503075 -0.204109
v 0.203827 0.402963 -0.158753
v 0.185200 0.490353 -0.098549
v 0.234931 0.568183 -0.174129
v 0.229677 0.574263 -0.196394
v 0.240625 0.539574 -0.218307
v 0.027466 0.802411 0.102309
v 0.020226 0.814185 0.075774
v -0.183496 0.644396 -0.012934
v -0.209134 0.549766 0.019717
v -0.198714 0.522599 0.051559
v -0.091449 0.628440 0.066267
v -0.115383 0.576547 0.059906
v -0.108161 0.563139 0.077865
v -0.109637 0.603838 0.061663
v -0.105718 0.587970 0.029856
v 0.079552 0.555671 0.017678
v 0.084402 0.502601 0.034390
v 0.091379 0.482164 0.025094
v 0.319615 -0.279391 -0.049239
v 0.265420 -0.323744 -0.048642
v 0.245229 -0.168875 -0.011809
v 0.175711 -0.204601 -0.007767
v 0.131093 -0.152427 0.012073
v 0.349541 -0.256388 -0.073613
v 0.284170 -0.142199 -0.052982
v 0.173532 0.007556 -0.087741
v 0.368221 -0.355340 -0.083682
v 0.133079 -0.053298 0.012600
v 0.156627 -0.005430 -0.029768
v 0.132323 -0.092380 0.018153
v 0.101993 -0.018873 0.032000
v 0.106439 -0.050821 0.037887
v 0.149053 -0.193354 0.001107
v 0.326820 -0.398939 -0.063491
v 0.267968 -0.440604 -0.084824
v 0.217007 -0.373809 -0.068552
v 0.372439 -0.428092 -0.062840
v 0.343936 -0.485028 -0.088866
v 0.396496 -0.400380 -0.080027
v 0.420834 -0.434436 -0.031438
v 0.377394 -0.483394 -0.081714
v 0.419060 -0.476822 -0.112906
v 0.400011 -0.466190 -0.059923
v 0.428777 -0.419745 -0.085650
v 0.431097 -0.422328 -0.058728
v 0.428197 -0.456015 -0.071100
v 0.425157 -0.441149 -0.100745
v 0.424771 -0.407391 -0.100271
v 0.444118 -0.417408 -0.078515
v 0.440586 -0.412171 -0.115014
v 0.413085 -0.366130 -0.130144
v 0.427881 -0.389080 -0.159966
v 0.382473 -0.233930 -0.155871
v 0.404685 -0.306558 -0.135838
v 0.307718 -0.187889 -0.250958
v 0.361104 -0.502987 -0.082909
v 0.378800 -0.495835 -0.079746
v 0.390205 -0.499139 -0.088216
v 0.373405 -0.517169 -0.084683
v 0.387481 -0.512863 -0.089885
v 0.387956 -0.506414 -0.067937
v 0.363705 -0.513162 -0.122377
v 0.315468 -0.493182 -0.099287
v 0.397673 -0.495009 -0.103873
v 0.425491 -0.498014 -0.096405
v 0.385355 -0.517292 -0.130162
v 0.407040 -0.519067 -0.148034
v 0.358240 -0.524989 -0.182213
v 0.431589 -0.424507 -0.180807
v 0.446825 -0.439321 -0.146874
v 0.431536 -0.467525 -0.145907
v 0.350508 -0.501722 -0.112941
v 0.352775 -0.514902 -0.100921
v 0.347134 -0.521456 -0.126103
v 0.308755 -0.512424 -0.148631
v 0.334815 -0.507556 -0.125751
v 0.253084 -0.494429 -0.153446
v 0.068358 -0.169156 -0.319492
v 0.199188 -0.144045 -0.250554
v 0.104963 -0.073402 -0.409623
v 0.314730 -0.122852 -0.143570
v 0.427881 -0.461305 -0.218132
v 0.442607 -0.461006 -0.172794
v 0.409500 -0.503005 -0.198696
v 0.431466 -0.442361 -0.146294
v 0.112923 -0.090746 0.022124
v 0.110428 -0.153253 0.029786
v 0.118845 -0.198538 -0.005746
v 0.111658 -0.154536 0.006889
v 0.091607 -0.041911 0.028855
v 0.093716 -0.078340 0.012582
v 0.140495 -0.239500 -0.024936
v 0.151355 -0.217938 -0.267283
v 0.279162 -0.253611 -0.309071
v 0.201789 -0.012196 -0.147208
v 0.199100 -0.052314 -0.231715
v 0.108495 -0.165255 -0.268197
v 0.166714 -0.096211 -0.275876
v 0.136945 -0.241152 -0.007662
v 0.133431 -0.262890 -0.040576
v 0.159298 -0.253418 -0.024233
v 0.144185 -0.259270 -0.020543
v 0.181545 -0.274769 -0.028942
v 0.159895 -0.277458 -0.035497
v 0.409851 -0.294099 -0.240801
v 0.433592 -0.333058 -0.185938
v 0.432766 -0.361807 -0.239694
v 0.216374 -0.339244 -0.328630
v 0.255597 -0.383088 -0.322216
v 0.131937 -0.302657 -0.197273
v 0.184989 -0.412540 -0.230960
v 0.152884 -0.338664 -0.117387
v 0.173057 -0.376498 -0.130847
v 0.147524 -0.303659 -0.068323
v 0.228675 -0.459829 -0.152444
v 0.235546 -0.466489 -0.216058
v 0.347556 -0.362703 -0.420694
v 0.242066 -0.403894 -0.407233
v 0.203019 -0.443662 -0.359294
v 0.307999 -0.418532 -0.501898
v 0.237796 -0.437089 -0.477630
v 0.277756 -0.436791 -0.542772
v 0.223052 -0.455576 -0.529329
v 0.283046 -0.366323 -0.410273
v 0.370928 -0.327610 -0.303061
v 0.347520 -0.466032 -0.493006
v 0.407760 -0.393122 -0.373265
v 0.332390 -0.475029 -0.539100
v 0.393544 -0.478456 -0.420922
v 0.384230 -0.416459 -0.432099
v 0.429445 -0.435947 -0.319299
v 0.410168 -0.494271 -0.323903
v 0.373388 -0.568727 -0.293045
v 0.301515 -0.529944 -0.206200
v 0.257723 -0.516975 -0.212473
v 0.251907 -0.542807 -0.286613
v 0.209398 -0.509630 -0.309247
v 0.197009 -0.478368 -0.447563
v 0.309721 -0.345271 -0.321917
v 0.198573 -0.380628 -0.287878
v 0.231698 -0.430605 -0.282483
v 0.200067 -0.495185 -0.519418
v 0.212684 -0.562805 -0.510667
v 0.387218 -0.520841 -0.402506
v 0.349928 -0.572910 -0.382297
v 0.222050 -0.537940 -0.388219
v 0.423541 -0.493551 -0.147120
v 0.305469 -0.553035 -0.288177
v 0.262380 -0.594788 -0.493481
v 0.273785 -0.569026 -0.380786
v 0.189541 -0.547218 -0.610674
v 0.216093 -0.592170 -0.660229
v 0.181141 -0.483692 -0.607599
v 0.293185 -0.572260 -0.675201
v 0.317910 -0.540910 -0.659122
v 0.252434 -0.589815 -0.674656
v 0.322163 -0.585228 -0.482480
v 0.352441 -0.541894 -0.517186
v 0.362018 -0.536358 -0.599427
v 0.277493 -0.500914 -0.672126
v 0.325098 -0.487295 -0.632710
v 0.197607 -0.521105 -0.656117
v 0.283116 -0.463062 -0.637701
v 0.227516 -0.518416 -0.671652
v 0.218220 -0.460039 -0.630514
v 0.322479 -0.683461 -0.487488
v 0.229958 -0.631181 -0.589534
v 0.287316 -0.705884 -0.494658
v 0.238551 -0.671054 -0.575757
v 0.266808 -0.701807 -0.595913
v 0.322426 -0.739377 -0.538660
v 0.304309 -0.703687 -0.606070
v 0.345341 -0.788089 -0.520262
v 0.302745 -0.741433 -0.516888
v 0.324272 -0.788089 -0.473817
v 0.334815 -0.771202 -0.465171
v 0.309932 -0.730890 -0.485854
v 0.338769 -0.717253 -0.480934
v 0.338927 -0.801708 -0.477718
v 0.352230 -0.799441 -0.501494
v 0.354058 -0.827610 -0.483218
v 0.349260 -0.812621 -0.465997
v 0.364795 -0.827013 -0.505114
v 0.366974 -0.826047 -0.484466
v 0.371701 -0.811672 -0.471427
v 0.308034 -0.760746 -0.499807
v 0.330123 -0.789583 -0.507047
v 0.269989 -0.718237 -0.563069
v 0.339033 -0.676185 -0.628633
v 0.377535 -0.639757 -0.613204
v 0.423505 -0.727762 -0.592029
v 0.401856 -0.620515 -0.559607
v 0.461797 -0.725530 -0.536569
v 0.513303 -0.800513 -0.446912
v 0.383035 -0.622852 -0.510069
v 0.448107 -0.729765 -0.477735
v 0.530296 -0.825572 -0.503884
v 0.376041 -0.738815 -0.609795
v 0.396707 -0.799494 -0.624504
v 0.412663 -0.743243 -0.456507
v 0.372597 -0.762890 -0.464257
v 0.478649 -0.807454 -0.416828
v 0.534478 -0.816434 -0.403859
v 0.507152 -0.819439 -0.384634
v 0.549678 -0.820353 -0.371841
v 0.522915 -0.823674 -0.355709
v 0.570379 -0.816487 -0.349910
v 0.528187 -0.818807 -0.326205
v 0.583489 -0.839648 -0.320616
v 0.542210 -0.842618 -0.302868
v 0.588374 -0.870646 -0.307191
v 0.613521 -0.919376 -0.279619
v 0.577531 -0.914543 -0.250712
v 0.619443 -0.969705 -0.245914
v 0.603328 -0.967209 -0.232770
v 0.610375 -0.981074 -0.243191
v 0.602151 -0.901856 -0.253559
v 0.552525 -0.876568 -0.291902
v 0.617861 -0.936386 -0.230503
v 0.616403 -0.967121 -0.232120
v 0.572277 -0.930271 -0.248164
v 0.525147 -0.860349 -0.323006
v 0.486487 -0.846765 -0.378853
v 0.454170 -0.827013 -0.401873
v 0.552402 -0.855745 -0.409781
v 0.572365 -0.854919 -0.370594
v 0.511827 -0.850947 -0.350244
v 0.535040 -0.916933 -0.301093
v 0.557938 -0.950339 -0.264893
v 0.596405 -0.902963 -0.342337
v 0.567585 -0.936632 -0.340228
v 0.576038 -0.961024 -0.307525
v 0.601132 -0.949812 -0.260324
v 0.587302 -0.959512 -0.281218
v 0.616244 -0.927635 -0.291358
v 0.607669 -0.939180 -0.307331
v 0.596088 -0.949425 -0.233508
v 0.606228 -0.957245 -0.251134
v 0.621797 -0.954996 -0.256001
v 0.253805 -0.386954 -0.335255
v 0.301655 -0.350701 -0.347767
v 0.377060 -0.347028 -0.326345
v 0.224862 -0.434313 -0.301480
v 0.235705 -0.476927 -0.224897
v 0.486803 -0.807050 -0.539311
v 0.564088 -0.845289 -0.496591
v 0.552771 -0.845025 -0.446104
v 0.583383 -0.936545 -0.246090
v 0.613503 -0.930781 -0.278670
v 0.572962 -0.897884 -0.379767
v 0.549714 -0.924085 -0.370365
v 0.524426 -0.904984 -0.351246
v 0.495115 -0.924683 -0.389959
v 0.546199 -0.911451 -0.424367
v 0.519049 -0.937581 -0.409834
v 0.620497 -0.845658 -0.491126
v 0.612501 -0.842372 -0.459723
v 0.638000 -0.842741 -0.488314
v 0.631744 -0.836028 -0.458423
v 0.660686 -0.852388 -0.479422
v 0.656187 -0.846290 -0.452378
v 0.676379 -0.870646 -0.472622
v 0.671036 -0.861456 -0.449021
v 0.736899 -0.902436 -0.443082
v 0.724528 -0.905142 -0.426616
v 0.756634 -0.938548 -0.427530
v 0.743419 -0.941781 -0.411978
v 0.734264 -0.918603 -0.456824
v 0.746301 -0.955137 -0.441658
v 0.753576 -0.961041 -0.421731
v 0.632253 -0.881348 -0.491794
v 0.666151 -0.893474 -0.481724
v 0.721787 -0.931853 -0.471128
v 0.702861 -0.922504 -0.416230
v 0.635328 -0.862053 -0.449619
v 0.617861 -0.859558 -0.454100
v 0.653464 -0.898763 -0.432889
v 0.692229 -0.946420 -0.446315
v 0.658419 -0.913665 -0.457614
v 0.731768 -0.948758 -0.432679
v 0.713791 -0.952571 -0.440305
v 0.728816 -0.926581 -0.417636
v 0.737304 -0.941992 -0.448828
v 0.739711 -0.951341 -0.428514
v 0.619952 -0.902717 -0.468773
v 0.622184 -0.891013 -0.448389
v 0.570924 -0.885864 -0.441992
v 0.553175 -0.886849 -0.523407
v 0.486733 -0.862704 -0.544407
v 0.436175 -0.832935 -0.588163
v 0.356834 -0.808614 -0.579535
v 0.370066 -0.837258 -0.565020
v 0.483482 -0.952536 -0.448898
v 0.401293 -0.935525 -0.430816
v 0.452167 -0.928848 -0.482146
v 0.422223 -0.873687 -0.514832
v 0.537448 -0.915563 -0.531227
v 0.538256 -0.931167 -0.479844
v 0.391171 -0.871859 -0.483183
v 0.420536 -0.835378 -0.412048
v 0.385320 -0.855323 -0.451112
v 0.418304 -0.875303 -0.361104
v 0.385689 -0.885583 -0.417513
v 0.437370 -0.846080 -0.344305
v 0.340087 -0.757196 -0.585158
v 0.469634 -0.844937 -0.353952
v 0.463501 -0.850525 -0.319984
v 0.429480 -0.855042 -0.316698
v 0.426792 -0.862317 -0.284293
v 0.465540 -0.856043 -0.287562
v 0.431185 -0.874688 -0.270481
v 0.466330 -0.868836 -0.272713
v 0.445647 -0.914016 -0.213949
v 0.463782 -0.917250 -0.223544
v 0.451376 -0.953414 -0.196095
v 0.462306 -0.958897 -0.205374
v 0.452501 -0.974467 -0.200243
v 0.431255 -0.928303 -0.220750
v 0.440885 -0.965645 -0.207219
v 0.421801 -0.889766 -0.325695
v 0.421590 -0.909043 -0.292342
v 0.476786 -0.950111 -0.248902
v 0.476031 -0.902383 -0.300724
v 0.470407 -0.867255 -0.319176
v 0.473237 -0.895284 -0.313763
v 0.449812 -0.958036 -0.277932
v 0.420008 -0.952061 -0.250079
v 0.448441 -0.924841 -0.300267
v 0.452255 -0.956595 -0.222701
v 0.449724 -0.966190 -0.248445
v 0.467051 -0.941676 -0.225091
v 0.434084 -0.944734 -0.229624
v 0.454609 -0.963044 -0.212034
v 0.446174 -0.916406 -0.313060
v 0.484923 -0.891418 -0.370365
v 0.412944 -0.923400 -0.370400
v 0.448547 -0.950989 -0.393632
v 0.452237 -0.928373 -0.363494
v 0.099322 -0.043721 0.013039
v 0.117000 -0.032685 0.008435
v 0.132956 0.013267 -0.016220
v 0.174393 0.088233 -0.136154
v 0.172284 0.076776 -0.086810
v 0.171159 0.108829 -0.285049
v 0.003163 -0.239694 -0.424384
v -0.047078 -0.322356 -0.465100
v -0.206288 -0.446754 -0.598162
v -0.387411 -0.551928 -0.631445
v -0.577268 -0.634450 -0.594559
v -0.729255 -0.698028 -0.432784
v -0.756634 -0.767687 -0.272432
v -0.079236 -0.255087 -0.536024
v -0.261572 -0.388817 -0.610832
v -0.427213 -0.493516 -0.610639
v -0.583787 -0.592222 -0.559713
v -0.710400 -0.676994 -0.421221
v -0.027097 -0.190806 -0.492918
v -0.057990 -0.180034 -0.514849
v -0.023407 -0.156609 -0.518012
v -0.055302 -0.161248 -0.534214
v -0.051401 -0.128001 -0.550258
v -0.001669 -0.146557 -0.467385
v -0.009173 -0.129371 -0.496679
v -0.035708 -0.118283 -0.496187
v 0.007117 -0.119214 -0.480547
v 0.040541 -0.193090 -0.383492
v 0.014568 -0.112326 -0.445964
v -0.022282 -0.080536 -0.516835
v -0.006713 -0.090834 -0.457034
v -0.131445 -0.226655 -0.581046
v -0.161038 -0.199944 -0.592732
v -0.186729 -0.231417 -0.598092
v -0.191685 -0.214336 -0.630531
v -0.136365 -0.263962 -0.566109
v -0.184778 -0.254472 -0.576389
v -0.182881 -0.194320 -0.578199
v -0.199258 -0.209767 -0.609725
v -0.121833 -0.178909 -0.554037
v -0.100534 -0.145644 -0.553632
v -0.130584 -0.118546 -0.582259
v -0.109795 -0.124855 -0.567726
v -0.057446 -0.060240 -0.560046
v -0.099339 -0.105314 -0.550575
v -0.071152 -0.088233 -0.579341
v -0.072347 -0.144238 -0.524584
v -0.070942 -0.060609 -0.582030
v -0.069729 -0.043844 -0.568077
v -0.057657 -0.034039 -0.537799
v -0.077689 -0.016800 -0.565898
v -0.098654 -0.050645 -0.559677
v -0.099761 -0.085756 -0.573349
v -0.100692 -0.054915 -0.613608
v -0.116982 -0.104435 -0.542157
v 0.006625 -0.041050 -0.463958
v -0.040488 0.011528 -0.520332
v -0.044547 -0.030190 -0.527414
v -0.060644 0.034074 -0.528099
v -0.018276 -0.084877 -0.478104
v -0.071557 -0.026781 -0.521632
v -0.237427 -0.307929 -0.574316
v -0.176308 -0.333954 -0.587425
v -0.239694 -0.275841 -0.599304
v -0.156925 -0.283221 -0.579623
v -0.189470 -0.269655 -0.585211
v -0.144132 -0.116473 -0.542983
v 0.080677 -0.012143 -0.424314
v -0.004165 0.070203 -0.465505
v -0.043598 0.121868 -0.484852
v -0.025129 0.023618 -0.502829
v -0.062946 0.017959 -0.500650
v -0.048800 0.093909 -0.497382
v -0.086125 0.139528 -0.506537
v -0.092539 0.109092 -0.482779
v 0.199487 0.100938 -0.197782
v 0.177380 0.091361 -0.124627
v 0.198310 0.106421 -0.242382
v 0.175887 0.137174 -0.313728
v 0.206639 0.121463 -0.197870
v 0.162514 0.089200 -0.289969
v 0.111763 0.097125 -0.364724
v 0.147348 0.106263 -0.297948
v 0.154588 0.052648 -0.320616
v 0.144045 0.116350 -0.363319
v 0.133835 0.100376 -0.371753
v 0.085474 0.090869 -0.411521
v 0.033142 0.076951 -0.462359
v 0.056743 0.086441 -0.427090
v 0.057867 0.132394 -0.418814
v 0.091467 0.115664 -0.319017
v 0.001617 0.135241 -0.468404
v 0.049344 0.109145 -0.391611
v 0.048940 0.111588 -0.338225
v 0.033353 0.106052 -0.420044
v 0.108635 0.131322 -0.399483
v 0.111939 0.116701 -0.338611
v 0.124310 0.125769 -0.350754
v 0.071908 0.115612 -0.379767
v 0.181773 0.124222 -0.225758
v 0.173251 0.074421 -0.096932
v 0.187168 0.062208 -0.136506
v 0.161776 0.113239 -0.152321
v 0.156644 0.089446 -0.115770
v 0.163533 0.173005 -0.186237
v 0.138052 0.216550 -0.187854
v 0.189839 0.314607 -0.241785
v 0.139194 0.129389 -0.254472
v 0.103065 0.216954 -0.298123
v 0.140635 0.300373 -0.309159
v 0.035919 0.167785 -0.365445
v 0.051611 0.260623 -0.381559
v 0.184603 0.382684 -0.320423
v 0.122430 0.350279 -0.409394
v 0.048132 0.337785 -0.456929
v 0.064317 0.384441 -0.477665
v -0.077338 0.303975 -0.465680
v 0.002566 0.170052 -0.349875
v -0.053878 0.223702 -0.407795
v -0.049380 0.267019 -0.444101
v -0.079675 0.259990 -0.437142
v 0.069272 0.352740 -0.468861
v 0.027519 0.374653 -0.486399
v 0.020543 0.108600 -0.413630
v -0.050135 0.138790 -0.453133
v -0.046498 0.100271 -0.412470
v -0.015446 0.130267 -0.371507
v -0.044002 0.319562 -0.428795
v 0.026816 0.364338 -0.458932
v -0.005817 0.351791 -0.455365
v 0.006344 0.282782 -0.404316
v -0.085334 0.271272 -0.362405
v -0.108460 0.346167 -0.416951
v -0.037465 0.295681 -0.386321
v -0.062542 0.206727 -0.376322
v -0.043844 0.287351 -0.433715
v 0.033986 0.382596 -0.465118
v 0.006678 0.391382 -0.464749
v -0.070801 0.407426 -0.540962
v -0.043510 0.412540 -0.534267
v -0.023442 0.439690 -0.521738
v -0.048290 0.500281 -0.651337
v -0.067251 0.516044 -0.644853
v -0.030788 0.517503 -0.637455
v -0.062876 0.544547 -0.724528
v -0.064088 0.538362 -0.701508
v -0.044987 0.543862 -0.711173
v -0.043089 0.519154 -0.686553
v -0.061400 0.531069 -0.681756
v -0.030348 0.535427 -0.679946
v -0.053386 0.527115 -0.708256
v -0.024268 0.461129 -0.514744
v -0.061294 0.537131 -0.637367
v -0.040031 0.539012 -0.633325
v -0.055776 0.551488 -0.705216
v -0.052508 0.548237 -0.678892
v -0.039855 0.548835 -0.678206
v -0.081907 0.478157 -0.513935
v -0.106122 0.434717 -0.514796
v -0.046181 0.483745 -0.512512
v 0.008786 0.425755 -0.450708
v -0.115998 0.394985 -0.401610
v -0.065828 0.470935 -0.449812
v -0.082065 0.444083 -0.422504
v 0.017766 0.620304 -0.538432
v -0.038590 0.617158 -0.559537
v -0.089006 0.628668 -0.521052
v 0.042351 0.613222 -0.466664
v 0.053632 0.686571 -0.536639
v -0.006256 0.673022 -0.629178
v -0.038467 0.699329 -0.625400
v 0.048958 0.721295 -0.585000
v -0.035005 0.737550 -0.597828
v -0.078146 0.712280 -0.518996
v 0.014023 0.706112 -0.499930
v 0.005764 0.754613 -0.580378
v -0.037870 0.747759 -0.522247
v -0.053193 0.699698 -0.395407
v -0.105560 0.682195 -0.372790
v -0.104717 0.669894 -0.489984
v -0.057375 0.708238 -0.465838
v -0.026148 0.723351 -0.526465
v -0.081187 0.691825 -0.525797
v -0.041788 0.721804 -0.493656
v 0.006607 0.685288 -0.375514
v -0.009630 0.716515 -0.512354
v -0.009612 0.688381 -0.444909
v 0.038362 0.668330 -0.415703
v 0.026658 0.667786 -0.464433
v -0.024672 0.706305 -0.348962
v -0.068358 0.702334 -0.313992
v -0.051734 0.725600 -0.393684
v 0.040593 0.695129 -0.611465
v 0.035234 0.757073 -0.577654
v 0.015095 0.756932 -0.695357
v -0.010649 0.764612 -0.688803
v 0.050891 0.803922 -0.669314
v -0.010350 0.805117 -0.665255
v 0.039715 0.765596 -0.681141
v 0.045373 0.815397 -0.652567
v 0.011545 0.808333 -0.736443
v 0.024549 0.863863 -0.721840
v 0.042333 0.823586 -0.724862
v 0.045408 0.855165 -0.714635
v 0.020472 0.825221 -0.653516
v 0.009507 0.847573 -0.734404
v 0.050083 0.845324 -0.794099
v 0.056233 0.855147 -0.787650
v 0.037518 0.866833 -0.782062
v 0.037219 0.854198 -0.790409
v 0.050856 0.857291 -0.809458
v -0.115981 0.531051 -0.427653
v -0.091238 0.489737 -0.433873
v -0.149598 0.450497 -0.476435
v -0.142990 0.513847 -0.468949
v -0.202931 0.499982 -0.518047
v -0.201086 0.521492 -0.515271
v 0.245510 0.627122 -0.204091
v -0.069342 0.712860 -0.356043
v -0.040013 0.708080 -0.365023
v -0.004745 0.733877 -0.327874
v -0.019330 0.755263 -0.270218
v 0.003690 0.780181 -0.243208
v 0.022933 0.746020 -0.328753
v 0.010210 0.754086 -0.299599
v 0.006098 0.719309 -0.329983
v 0.043458 0.759920 -0.302060
v 0.033634 0.728377 -0.324201
v 0.053123 0.749165 -0.295522
v 0.059730 0.793361 -0.261589
v 0.031262 0.774259 -0.225389
v 0.032440 0.725214 -0.389414
v 0.016905 0.697308 -0.400467
v -0.008031 0.556391 -0.494851
v 0.022265 0.523020 -0.523969
v -0.006150 0.534162 -0.561224
v -0.025270 0.499192 -0.523231
v -0.066988 0.588760 -0.508066
v -0.125417 0.567093 -0.430728
v 0.042825 0.750641 -0.284592
v 0.061628 0.772854 -0.233508
v 0.059783 0.765438 -0.269286
v 0.032598 0.812586 -0.209451
v 0.065986 0.777791 -0.199803
v 0.076547 0.852494 -0.202088
v 0.042913 0.830651 -0.188346
v 0.073349 0.858293 -0.181580
v 0.039750 0.837978 -0.164499
v 0.048097 0.863108 -0.110902
v 0.072119 0.858996 -0.130742
v 0.088251 0.835413 -0.097125
v 0.011440 0.790057 -0.235880
v 0.065564 0.817155 -0.217868
v 0.076969 0.750589 -0.313306
v 0.096844 0.776860 -0.299687
v 0.105226 0.724177 -0.292430
v 0.074509 0.727182 -0.342143
v 0.103662 0.737919 -0.272274
v 0.099339 0.720768 -0.328208
v 0.075493 0.743700 -0.336907
v 0.109865 0.748111 -0.327944
v 0.098426 0.737075 -0.311426
v 0.081081 0.760693 -0.274699
v 0.066548 0.757688 -0.255263
v 0.121094 0.716146 -0.278178
v 0.117931 0.712403 -0.323235
v 0.069132 0.846431 -0.097846
v 0.071398 0.870945 -0.125593
v 0.068868 0.826275 -0.191509
v 0.058078 0.800214 -0.187871
v 0.086845 0.798914 -0.148578
v 0.114751 0.643904 -0.123924
v 0.148297 0.657769 -0.237269
v 0.101149 0.750343 -0.149756
v 0.108670 0.729361 -0.215478
v 0.125769 0.632622 -0.179788
v 0.183127 0.658788 -0.255931
v 0.213598 0.618933 -0.212913
v 0.235300 0.687010 -0.260430
v 0.246108 0.624381 -0.262942
v 0.246231 0.594612 -0.244280
v 0.134907 0.692247 -0.267160
v 0.156820 0.673374 -0.290022
v 0.141760 0.728904 -0.299564
v 0.142410 0.691157 -0.318385
v 0.076495 0.682582 -0.446420
v 0.168980 0.688715 -0.444470
v 0.144554 0.645696 -0.502970
v 0.082083 0.709943 -0.390381
v 0.047622 0.665009 -0.471971
v 0.082838 0.701191 -0.526412
v 0.115787 0.719748 -0.348944
v 0.120567 0.709556 -0.362791
v 0.105349 0.729378 -0.411960
v 0.143834 0.710558 -0.388746
v 0.114346 0.702105 -0.422346
v 0.136154 0.738569 -0.429164
v 0.164640 0.704442 -0.400221
v 0.150810 0.694602 -0.431659
v 0.127842 0.713352 -0.399431
v 0.202070 0.501476 -0.500211
v 0.160106 0.531930 -0.529821
v 0.158015 0.590377 -0.519488
v 0.223896 0.560995 -0.485028
v 0.256563 0.454416 -0.452413
v 0.265016 0.527994 -0.443749
v 0.244895 0.638140 -0.399466
v 0.256599 0.444646 -0.385179
v 0.261027 0.474555 -0.314290
v 0.207096 0.454434 -0.539117
v 0.134731 0.469335 -0.554212
v 0.246319 0.427196 -0.491178
v 0.203335 0.399448 -0.562718
v 0.258989 0.384687 -0.510315
v 0.276473 0.372720 -0.454065
v 0.228974 0.396250 -0.360278
v 0.253207 0.328120 -0.415615
v 0.237128 0.345201 -0.636998
v 0.313095 0.320775 -0.570081
v 0.278846 0.350262 -0.607915
v 0.193477 0.292799 -0.652023
v 0.138333 0.431976 -0.568886
v 0.150529 0.375584 -0.569465
v 0.092908 0.432819 -0.542017
v 0.278477 0.478895 -0.362194
v 0.203160 0.651619 -0.462851
v 0.274787 0.562858 -0.330475
v 0.265578 0.603855 -0.316030
v 0.261045 0.516518 -0.253102
v 0.328911 0.233965 -0.682055
v 0.267494 0.304783 -0.533037
v 0.266896 0.292605 -0.516255
v 0.264665 0.298510 -0.495835
v 0.298281 0.285225 -0.544828
v 0.274013 0.333814 -0.537799
v 0.173778 0.317612 -0.624205
v 0.408217 0.176133 -0.686571
v 0.341563 0.162848 -0.698169
v 0.362580 0.179032 -0.699821
v 0.365058 0.133571 -0.711577
v 0.380136 0.147313 -0.713580
v 0.390925 0.132851 -0.712298
v 0.293062 0.194742 -0.677925
v 0.242277 0.250431 -0.672249
v 0.282694 0.274294 -0.677486
v 0.329842 0.292008 -0.639335
v 0.202474 0.240080 -0.656521
v 0.147296 0.283292 -0.616033
v 0.156170 0.267423 -0.634046
v 0.112185 0.350402 -0.549872
v 0.200401 0.212420 -0.637771
v 0.139212 0.262890 -0.600622
v 0.150617 0.245036 -0.619566
v 0.364531 0.115418 -0.701121
v 0.336063 0.148490 -0.686905
v 0.285084 0.167258 -0.658419
v 0.125576 0.283098 -0.573331
v 0.134274 0.307261 -0.593628
v 0.138597 0.377060 -0.411363
v 0.077092 0.399870 -0.484308
v 0.093417 0.420325 -0.401100
v 0.071961 0.423136 -0.473324
v 0.095508 0.416072 -0.450866
v 0.042368 0.409148 -0.500088
v 0.050680 0.425087 -0.505377
v 0.015675 0.397744 -0.475047
v 0.016852 0.426598 -0.462113
v 0.013074 0.419675 -0.490862
v 0.021773 0.438354 -0.516536
v 0.027343 0.444013 -0.517538
v 0.026324 0.441992 -0.475925
v 0.024145 0.450005 -0.511581
v 0.017379 0.444259 -0.507029
v 0.050944 0.486276 -0.487154
v 0.078428 0.575598 -0.523530
v 0.064176 0.613837 -0.497276
v 0.031403 0.540769 -0.479809
v 0.054423 0.526728 -0.505465
v 0.015974 0.495642 -0.519945
v -0.002741 0.507170 -0.547218
v 0.046919 0.453713 -0.483359
v -0.039029 0.540347 -0.467104
v -0.046656 0.483991 -0.488384
v -0.047710 0.515060 -0.489017
v -0.004428 0.478684 -0.510755
v -0.006186 0.540382 -0.538151
v -0.029593 0.525850 -0.525006
v 0.105103 0.401504 -0.546972
v 0.104207 0.515816 -0.532932
v 0.094612 0.458774 -0.492145
v 0.190279 0.441061 -0.330967
v 0.241170 0.472446 -0.223931
v 0.241345 0.485274 -0.259270
v 0.250237 0.511282 -0.227305
v 0.219573 0.280656 -0.478192
v 0.180069 0.338207 -0.410660
v 0.175535 0.389432 -0.375514
v 0.206165 0.457720 -0.266650
v 0.197782 0.471110 -0.320529
v 0.107388 0.326697 -0.496327
v 0.078937 0.389432 -0.516852
v 0.179155 0.218009 -0.559572
v 0.145890 0.253084 -0.530506
v 0.317014 0.141936 -0.644554
v 0.245334 0.179243 -0.609971
v 0.346747 0.156943 -0.603592
v 0.270323 0.183056 -0.542403
v 0.369364 0.244579 -0.650564
v 0.326890 0.221769 -0.549643
v 0.386040 0.180666 -0.601237
v 0.425649 0.174639 -0.626156
v 0.287474 0.258268 -0.525024
v 0.274804 0.215232 -0.512705
v 0.311602 0.188767 -0.545812
v 0.184181 0.305539 -0.441377
v 0.130197 0.359980 -0.470566
v 0.195814 0.251643 -0.495115
v 0.247812 0.251415 -0.492145
v 0.434506 0.136682 -0.691509
v 0.435929 0.145978 -0.608934
v 0.408498 0.156117 -0.605332
v 0.438319 0.031877 -0.703652
v 0.476294 0.038467 -0.672354
v 0.495976 0.048642 -0.630812
v 0.498823 0.063280 -0.604172
v 0.402611 0.025621 -0.716831
v 0.518399 0.026377 -0.614206
v 0.520490 0.039943 -0.594243
v 0.552209 -0.008804 -0.600868
v 0.555829 -0.000369 -0.588655
v 0.565230 -0.018276 -0.601606
v 0.571574 -0.007715 -0.587196
v 0.581064 -0.037290 -0.593593
v 0.584068 -0.030401 -0.580220
v 0.596633 -0.069448 -0.582803
v 0.600341 -0.098303 -0.568517
v 0.605156 -0.086494 -0.546041
v 0.605964 -0.083541 -0.561874
v 0.602573 -0.060205 -0.564914
v 0.461217 0.078340 -0.548659
v 0.412610 0.136242 -0.587513
v 0.528029 0.012811 -0.569202
v 0.565881 -0.017854 -0.567462
v 0.595175 -0.092134 -0.536921
v 0.592767 -0.061962 -0.548747
v 0.602169 -0.120813 -0.553703
v 0.608108 -0.107915 -0.536639
v 0.616016 -0.110340 -0.550996
v 0.614013 -0.136734 -0.534583
v 0.394229 0.109215 -0.580695
v 0.376797 0.078305 -0.624732
v 0.402014 0.052683 -0.590641
v 0.391523 0.077742 -0.580132
v 0.374794 0.125646 -0.617668
v 0.128036 0.164921 -0.286455
v 0.049731 0.209609 -0.381893
v -0.020982 0.232278 -0.427002
v 0.102063 0.264014 -0.357713
v 0.188820 0.668875 -0.281447
v 0.216779 0.690577 -0.297807
v 0.236794 0.652673 -0.299213
v 0.217271 0.672934 -0.273504
v 0.197413 0.685763 -0.367044
v 0.218466 0.689558 -0.390890
v 0.226883 0.665940 -0.366218
v 0.165167 0.703265 -0.356817
v 0.182951 0.697255 -0.355094
v 0.202404 0.672249 -0.331389
v 0.159069 0.690542 -0.332654
v 0.173409 0.718518 -0.338752
v 0.155484 0.696394 -0.348065
v 0.147647 0.708326 -0.370348
v 0.176554 0.726742 -0.379538
v 0.179366 0.696781 -0.394897
v 0.224370 0.658402 -0.336625
v 0.212631 0.695357 -0.351105
v 0.172003 0.674217 -0.301568
v 0.165237 0.682476 -0.314554
v 0.166397 0.689154 -0.297596
v 0.158226 0.685130 -0.307490
v 0.216480 0.666011 -0.314905
v 0.213405 0.678259 -0.327575
v 0.200313 0.667206 -0.318982
v 0.177890 0.675869 -0.317120
v 0.228377 0.650371 -0.320915
v 0.200225 0.682301 -0.395336
v 0.576389 -0.080923 -0.580572
v 0.588022 -0.105455 -0.568042
v 0.507715 -0.010667 -0.609479
v 0.553615 -0.034039 -0.602766
v 0.581889 -0.099234 -0.537518
v 0.573736 -0.065143 -0.551664
v 0.564932 -0.079201 -0.571750
v 0.577830 -0.108758 -0.556180
v 0.602344 -0.111025 -0.535480
v 0.598461 -0.120620 -0.551611
v 0.609918 -0.130689 -0.532211
v 0.605964 -0.135733 -0.538572
v 0.545689 -0.030208 -0.563122
v 0.505377 -0.002724 -0.569747
v 0.535761 -0.045496 -0.586107
v 0.609426 -0.141075 -0.530559
v 0.413067 0.126893 -0.532193
v 0.438056 0.116877 -0.536059
v 0.432784 0.101799 -0.505571
v 0.408252 0.109461 -0.501880
v 0.431870 0.095473 -0.489439
v 0.407268 0.104857 -0.486328
v 0.429498 0.084806 -0.475011
v 0.402594 0.092644 -0.472235
v 0.409693 0.074966 -0.452430
v 0.425421 0.064387 -0.447686
v 0.392542 0.069044 -0.448160
v 0.392981 0.101290 -0.551137
v 0.391171 0.092644 -0.493305
v 0.379644 0.054687 -0.453168
v 0.410537 0.054862 -0.420413
v 0.420096 0.044881 -0.427284
v 0.393684 0.056075 -0.427038
v 0.405335 0.032756 -0.401979
v 0.407954 0.023741 -0.407145
v 0.393948 0.028925 -0.407303
v 0.433575 0.076512 -0.495009
v 0.428057 0.049995 -0.457860
v 0.392577 0.040980 -0.465469
v 0.415598 0.037026 -0.465522
v 0.393122 0.037500 -0.448652
v 0.413717 0.033336 -0.449021
v 0.392612 0.051365 -0.430043
v 0.419692 0.039539 -0.434225
v 0.421678 0.061030 -0.500685
v 0.397058 0.066988 -0.500879
v 0.436931 0.056707 -0.547324
v 0.399765 0.024145 -0.400485
v 0.494289 0.044319 -0.567550
v 0.401188 0.038238 -0.628335
v 0.473412 0.027993 -0.564106
v 0.435824 0.025709 -0.587372
v 0.501283 0.007890 -0.642639
v 0.491723 0.002074 -0.657488
v 0.510737 -0.061048 -0.639722
v 0.520174 -0.055407 -0.626876
v 0.514164 -0.083823 -0.636400
v 0.527765 -0.076073 -0.619530
v 0.507785 -0.104348 -0.623168
v 0.518996 -0.101378 -0.603047
v 0.501529 -0.143728 -0.601536
v 0.513478 -0.139493 -0.587847
v 0.505342 -0.162180 -0.583243
v 0.487717 -0.170878 -0.587038
v 0.504903 -0.162109 -0.564264
v 0.501880 -0.013672 -0.614311
v 0.513355 -0.077338 -0.596071
v 0.508224 -0.131339 -0.576143
v 0.495361 -0.152532 -0.553703
v 0.495484 -0.191245 -0.565810
v 0.475257 -0.189646 -0.565810
v 0.492373 -0.181809 -0.551155
v 0.474115 -0.201262 -0.545549
v 0.466787 -0.192827 -0.549784
v 0.475170 -0.190911 -0.543879
v 0.493481 -0.088497 -0.631146
v 0.479809 -0.136348 -0.603434
v 0.472780 -0.166169 -0.583664
v 0.473483 -0.025428 -0.650072
v 0.479949 -0.154184 -0.551875
v 0.492549 -0.119197 -0.569835
v 0.470759 -0.125066 -0.589569
v 0.463097 -0.160616 -0.569518
v 0.488384 -0.174779 -0.551735
v 0.471796 -0.181334 -0.564141
v 0.478262 -0.085053 -0.614311
v 0.497171 -0.073736 -0.592451
v 0.483763 -0.022968 -0.595385
v 0.467016 -0.197132 -0.540822
v 0.470776 -0.005694 -0.674639
v 0.455576 -0.008084 -0.687573
v 0.457562 -0.073367 -0.665027
v 0.467402 -0.067568 -0.653464
v 0.455769 -0.087917 -0.661635
v 0.470038 -0.083207 -0.649334
v 0.445876 -0.107827 -0.643447
v 0.457509 -0.103662 -0.632570
v 0.426387 -0.129846 -0.616297
v 0.435771 -0.125400 -0.604471
v 0.420694 -0.134749 -0.599445
v 0.406196 -0.136594 -0.599111
v 0.418181 -0.127561 -0.582469
v 0.469757 -0.028802 -0.651443
v 0.457685 -0.081274 -0.626296
v 0.429955 -0.110849 -0.594085
v 0.411292 -0.118142 -0.574614
v 0.402084 -0.143799 -0.577971
v 0.387991 -0.140214 -0.580677
v 0.403631 -0.133483 -0.566566
v 0.370189 -0.138509 -0.551611
v 0.438882 -0.093575 -0.653481
v 0.408832 -0.121182 -0.618406
v 0.394791 -0.129406 -0.599779
v 0.432222 -0.036762 -0.671107
v 0.400467 -0.108987 -0.576389
v 0.423400 -0.098707 -0.600446
v 0.411257 -0.100921 -0.615489
v 0.388290 -0.117703 -0.592099
v 0.397691 -0.126823 -0.566812
v 0.386198 -0.133536 -0.581274
v 0.428074 -0.076987 -0.642656
v 0.446772 -0.074526 -0.623660
v 0.420026 -0.034179 -0.657347
v 0.453063 -0.032158 -0.627930
v 0.358662 0.062577 -0.692915
v 0.377957 0.021878 -0.692651
v 0.349471 0.110709 -0.671283
v 0.375655 0.085404 -0.712350
v 0.441219 -0.008646 -0.693635
v 0.424613 -0.011563 -0.703652
v 0.418954 -0.052771 -0.696113
v 0.426528 -0.053123 -0.687028
v 0.410853 -0.076653 -0.689330
v 0.421010 -0.075405 -0.679753
v 0.395758 -0.080308 -0.675939
v 0.404439 -0.083436 -0.666995
v 0.376322 -0.083278 -0.655028
v 0.387007 -0.084842 -0.646505
v 0.375022 -0.079798 -0.639458
v 0.362422 -0.064053 -0.639335
v 0.378642 -0.071996 -0.628844
v 0.428391 -0.036991 -0.671810
v 0.419815 -0.063368 -0.670720
v 0.394247 -0.077110 -0.644677
v 0.383088 -0.065881 -0.628563
v 0.356360 -0.058781 -0.613714
v 0.355235 -0.052596 -0.619847
v 0.368520 -0.055073 -0.613819
v 0.354901 -0.034777 -0.601184
v 0.397287 -0.058852 -0.689084
v 0.371015 -0.065969 -0.659878
v 0.362633 -0.055108 -0.642709
v 0.404000 -0.013531 -0.696763
v 0.383439 -0.059185 -0.632306
v 0.393509 -0.070766 -0.647946
v 0.377711 -0.059783 -0.657962
v 0.370049 -0.044934 -0.640056
v 0.370576 -0.050522 -0.615225
v 0.356518 -0.049468 -0.621358
v 0.393069 -0.053773 -0.676853
v 0.414438 -0.058764 -0.664763
v 0.391488 -0.016817 -0.680877
v 0.410484 0.064141 -0.552121
v 0.102871 0.658261 -0.063104
v 0.121024 0.651460 -0.094208
v 0.127596 0.573472 -0.072998
v 0.075019 0.581661 -0.055671
v 0.104998 0.578059 -0.059431
v 0.102871 0.655291 -0.009173
v 0.084051 0.604927 -0.037448
v 0.106509 0.598566 -0.075528
v 0.129529 0.604207 -0.100341
v 0.123695 0.779303 -0.069975
v 0.101606 0.714600 -0.016044
v 0.118125 0.805346 -0.087776
v 0.013268 0.865726 -0.093909
v 0.037536 0.922100 -0.067550
v 0.089534 0.896338 -0.074140
v 0.092802 0.852230 -0.035392
v 0.077022 0.841265 0.008013
v 0.062384 0.925737 -0.102204
v 0.005764 0.967736 -0.108618
v 0.018750 0.960936 -0.130514
v 0.008470 1.000000 -0.141760
v 0.017643 0.992479 -0.150670
v 0.071803 0.877131 -0.108793
v 0.053263 0.901170 -0.126155
v 0.011036 0.945524 -0.144625
v 0.005535 0.985608 -0.159561
v 0.012389 0.888413 -0.108073
v -0.016308 0.936334 -0.134467
v -0.005061 0.990493 -0.153077
v -0.019471 0.963659 -0.143588
v -0.002548 0.999104 -0.144537
v -0.019717 0.973852 -0.128282
v 0.000422 0.861139 -0.044389
v 0.000474 0.902190 -0.073999
v -0.019611 0.946561 -0.111166
v 0.027994 0.891593 -0.120286
v 0.013812 0.848592 0.009261
v 0.009542 0.916740 -0.060925
v -0.008330 0.969054 -0.108829
v 0.007363 0.999157 -0.157558
v 0.123379 0.805363 -0.041876
v 0.110551 0.823077 0.010139
v 0.214248 0.782255 0.062893
v 0.220838 0.756809 -0.014199
v 0.286560 0.729993 0.091572
v 0.298563 0.657189 0.057850
v 0.289899 0.692440 0.116719
v 0.259674 0.631550 0.114821
v 0.257003 0.670474 0.147348
v 0.138281 0.580607 0.187291
v 0.189506 0.605332 0.167926
v 0.189962 0.628422 0.185587
v 0.159913 0.742822 0.100675
v 0.213088 0.703125 0.115770
v 0.129547 0.581643 0.181334
v 0.164605 0.636190 0.168400
v 0.103943 0.889977 -0.008347
v 0.122571 0.903332 0.032949
v 0.095280 0.861807 0.075809
v 0.136067 0.903982 -0.021035
v 0.147594 0.920255 0.000668
v 0.184005 0.905493 -0.034144
v 0.050698 0.891224 0.066197
v 0.092556 0.928127 0.024268
v 0.127632 0.937652 -0.008013
v 0.167504 0.918901 -0.034847
v 0.074948 0.907971 -0.000334
v 0.048097 0.851843 0.009032
v 0.076653 0.893017 -0.007416
v 0.107317 0.923980 -0.021703
v 0.161231 0.904509 -0.031104
v 0.168506 0.916441 -0.021720
v 0.027642 0.872825 0.030805
v 0.008839 0.827734 0.057533
v 0.036183 0.863828 0.083155
v 0.156451 0.720609 -0.003743
v 0.153674 0.694197 0.056374
v 0.290532 0.680332 0.026974
v 0.220188 0.660299 0.060345
v 0.231505 0.700858 0.005694
v 0.217956 0.637384 0.088444
v 0.173215 0.606333 0.137455
v 0.142867 0.570274 0.177082
v 0.139282 0.574474 0.167873
v 0.210400 0.681809 0.130127
v 0.131656 0.570344 0.179858
v 0.088128 0.595016 0.002689
v 0.128264 0.558201 0.024655
v 0.115524 0.533617 0.041173
v 0.115840 0.527484 0.041718
v 0.084982 0.499508 0.039328
v 0.087495 0.557604 0.030717
v 0.098988 0.529944 0.042052
v 0.095087 0.486961 0.030928
v 0.388992 0.221172 -0.621499
v 0.347503 0.278723 -0.594384
v 0.230767 0.771711 0.017995
v 0.300162 0.706305 0.057727
v 0.302516 0.676660 0.088971
v 0.153604 0.703757 0.084560
v 0.203054 0.674428 0.083682
v 0.202193 0.658525 0.101026
v 0.182863 0.693741 0.083506
v 0.192844 0.679717 0.052156
vn 0.9629 -0.1447 0.2277
vn 0.9242 -0.2230 0.3101
vn 0.7180 -0.5011 0.4832
vn 0.8296 -0.1543 0.5366
vn 0.3550 0.0550 0.9332
vn 0.2199 0.1181 0.9683
vn 0.4873 -0.0380 0.8724
vn 0.5631 0.0111 0.8263
vn 0.9676 -0.0269 -0.2509
vn 0.9406 -0.0191 -0.3391
vn 0.7599 -0.6492 0.0330
vn 0.9821 -0.1270 0.1391
vn 0.9905 0.0744 -0.1159
vn 0.9729 -0.0110 0.2311
vn 0.6767 0.4068 0.6137
vn 0.5613 0.1922 0.8049
vn 0.4180 0.1240 0.9000
vn 0.4100 0.2376 0.8806
vn 0.3474 -0.1990 0.9164
vn 0.7399 -0.4254 0.5211
vn 0.7983 0.1092 0.5923
vn 0.4788 0.4129 0.7748
vn 0.0700 -0.0359 0.9969
vn 0.0564 0.2531 0.9658
vn 0.2330 -0.4321 0.8712
vn 0.2074 -0.2594 0.9432
vn -0.1481 0.2499 0.9569
vn -0.0482 -0.0870 0.9950
vn -0.1379 0.2160 0.9666
vn 0.1178 0.1004 0.9880
vn 0.4758 -0.1089 0.8728
vn -0.0069 -0.2169 0.9762
vn -0.0512 -0.0750 0.9959
vn -0.1152 0.1333 0.9844
vn 0.0940 -0.3250 0.9410
vn 0.6669 -0.5039 0.5489
vn -0.3096 0.2548 0.9161
vn 0.2871 0.1040 0.9522
vn 0.8098 -0.2254 0.5416
vn -0.1720 0.3972 0.9015
vn 0.4579 0.1226 0.8805
vn 0.6544 -0.0512 0.7544
vn -0.1881 0.3920 0.9006
vn -0.2680 0.3110 0.9119
vn 0.2926 0.2389 0.9259
vn 0.4009 0.1171 0.9086
vn 0.0554 0.4237 0.9041
vn 0.4752 0.1409 0.8685
vn 0.6192 -0.3521 0.7019
vn 0.9259 -0.0530 0.3741
vn 0.7832 0.1761 0.5963
vn -0.0056 -0.0189 0.9998
vn 0.0751 -0.5940 0.8009
vn 0.3211 -0.1044 0.9413
vn 0.1520 -0.3170 0.9362
vn 0.5721 0.1209 0.8112
vn -0.1600 -0.1840 0.9698
vn -0.3489 -0.4863 0.8011
vn 0.1912 -0.6307 0.7521
vn 0.1136 -0.1701 0.9789
vn -0.0371 0.2801 0.9592
vn -0.3001 -0.0351 0.9533
vn 0.3381 0.5080 0.7922
vn 0.3739 0.6209 0.6890
vn -0.1650 0.2310 0.9589
vn -0.0540 0.4429 0.8949
vn -0.0000 0.4508 0.8926
vn 0.3714 -0.1063 0.9224
vn 0.6387 -0.1897 0.7457
vn 0.7184 -0.2571 0.6463
vn 0.9637 -0.2509 0.0911
vn 0.9838 0.0335 0.1761
vn 0.9364 -0.1221 0.3291
vn 0.6531 -0.5563 0.5138
vn 0.2416 -0.7986 0.5512
vn 0.8658 -0.2625 0.4261
vn 0.4648 -0.6016 0.6496
vn 0.1788 -0.8029 0.5687
vn 0.5994 -0.6144 0.5131
vn 0.6851 -0.7040 -0.1870
vn 0.9459 0.1214 -0.3008
vn 0.9185 -0.3748 0.1261
vn 0.6058 -0.5918 -0.5318
vn 0.7308 0.0620 -0.6798
vn 0.7718 -0.6108 -0.1768
vn 0.8480 -0.4831 0.2179
vn 0.8158 0.0707 -0.5740
vn 0.1230 -0.7759 0.6188
vn 0.1951 -0.8108 0.5518
vn 0.5651 -0.3841 -0.7302
vn 0.5030 -0.3200 -0.8029
vn 0.3489 -0.6819 -0.6428
vn 0.5571 -0.2881 -0.7788
vn 0.0458 0.0399 -0.9982
vn 0.5103 -0.3515 -0.7849
vn 0.9201 -0.1889 -0.3431
vn 0.2174 -0.5249 -0.8229
vn 0.2818 -0.9474 0.1515
vn 0.0097 0.1483 -0.9889
vn 0.1081 -0.1090 -0.9882
vn 0.8142 0.5239 -0.2502
vn 0.8877 0.3899 -0.2449
vn 0.5099 0.5778 0.6373
vn 0.5325 0.3868 0.7529
vn -0.1161 0.9042 0.4111
vn -0.2748 0.9578 -0.0841
vn -0.1097 0.1518 0.9823
vn 0.1179 0.7372 0.6653
vn -0.1061 0.2031 0.9734
vn 0.3270 0.0601 0.9431
vn 0.1852 0.1072 0.9768
vn -0.1640 0.3180 0.9338
vn 0.2239 0.0458 0.9735
vn 0.2059 -0.0389 0.9778
vn 0.4449 0.0260 0.8952
vn -0.5518 0.3081 0.7750
vn -0.6384 0.4459 0.6274
vn -0.8847 0.3779 0.2731
vn -0.9230 0.3762 0.0801
vn 0.3209 0.0560 0.9455
vn 0.7411 -0.2400 0.6271
vn 0.7261 -0.1960 0.6591
vn -0.2971 0.2151 0.9303
vn -0.2459 0.5820 0.7751
vn 0.5080 0.2440 0.8260
vn -0.6017 -0.6137 0.5112
vn -0.8058 0.3091 0.5051
vn -0.3199 0.4819 0.8158
vn -0.5512 -0.6273 0.5502
vn -0.7177 0.2041 0.6657
vn -0.5189 0.6417 0.5648
vn -0.9358 0.1070 0.3359
vn -0.9272 -0.0400 0.3723
vn -0.7517 -0.2996 0.5875
vn -0.1480 -0.6389 0.7549
vn 0.4511 -0.5319 0.7166
vn 0.6472 -0.2921 0.7042
vn 0.3953 -0.1447 0.9071
vn 0.0328 0.5569 0.8299
vn 0.8731 -0.0790 0.4810
vn -0.7440 0.0390 0.6671
vn 0.5659 -0.7598 0.3200
vn -0.4172 -0.8076 0.4167
vn 0.1901 -0.9311 0.3112
vn 0.2570 -0.9403 0.2230
vn -0.1880 -0.2170 0.9579
vn -0.1910 -0.9505 0.2450
vn -0.9706 -0.1120 0.2129
vn -0.7710 0.0703 0.6330
vn 0.4489 -0.8555 0.2581
vn 0.2050 -0.9744 0.0923
vn 0.5922 -0.7856 0.1790
vn 0.8918 0.1921 0.4096
vn -0.5660 -0.8170 0.1100
vn 0.0031 -0.6670 -0.7451
vn -0.4860 -0.3520 -0.7999
vn -0.8497 -0.4199 -0.3188
vn -0.8652 0.0377 -0.5000
vn -0.8613 0.1860 -0.4729
vn -0.9659 0.2192 0.1378
vn 0.0897 0.3611 0.9282
vn 0.3431 0.0150 0.9392
vn -0.0770 0.0820 0.9937
vn -0.0779 -0.0356 0.9963
vn 0.5222 0.0639 0.8504
vn 0.9099 0.2058 0.3601
vn 0.6522 0.4302 0.6241
vn 0.5972 -0.0003 0.8021
vn 0.7354 0.3601 0.5741
vn 0.1750 -0.3149 -0.9329
vn 0.0019 -0.3511 -0.9363
vn -0.5427 -0.0570 -0.8380
vn -0.4125 -0.1312 -0.9015
vn 0.8835 -0.2655 0.3858
vn 0.6648 -0.1734 0.7266
vn -0.9094 0.0218 0.4153
vn -0.6971 0.2188 0.6828
vn -0.9696 0.2208 -0.1059
vn -0.9873 -0.0691 0.1430
vn -0.9430 -0.3220 0.0842
vn -0.8653 -0.4857 0.1238
vn -0.0039 -0.9766 -0.2150
vn 0.7933 -0.4484 -0.4119
vn 0.7711 -0.4360 -0.4641
vn 0.9338 -0.2010 -0.2960
vn 0.8843 0.1160 -0.4522
vn 0.4923 -0.4202 -0.7623
vn 0.9397 -0.3412 0.0240
vn 0.9413 -0.3350 0.0420
vn 0.9294 -0.3692 0.0021
vn -0.6511 0.7552 -0.0751
vn -0.8152 0.4051 -0.4140
vn -0.3700 0.6330 -0.6801
vn 0.0783 0.9954 0.0560
vn 0.7789 0.6157 -0.1192
vn 0.4439 0.8616 -0.2461
vn 0.4598 0.8872 -0.0391
vn 0.7642 0.6415 0.0668
vn -0.5516 0.7308 -0.4020
vn 0.2942 0.8894 -0.3498
vn 0.3989 0.9139 -0.0750
vn -0.3630 0.9247 -0.1148
vn -0.9643 0.1052 -0.2428
vn -0.5877 0.7829 -0.2041
vn -0.9748 0.1063 -0.1961
vn -0.9503 0.3032 0.0700
vn -0.5763 0.7660 -0.2849
vn -0.9064 0.3853 -0.1733
vn -0.9797 0.1969 -0.0380
vn -0.9411 -0.3318 -0.0651
vn -0.7315 -0.6791 0.0614
vn -0.7558 -0.6511 0.0694
vn 0.9938 -0.0849 -0.0719
vn 0.9908 0.0378 -0.1297
vn 0.7355 -0.6774 -0.0131
vn 0.8457 -0.5297 -0.0651
vn 0.8329 0.4449 -0.3292
vn 0.8991 -0.3930 -0.1930
vn 0.3572 0.4182 -0.8352
vn 0.9658 -0.2409 -0.0960
vn 0.8831 0.4340 -0.1781
vn 0.9372 0.0512 -0.3449
vn 0.6887 0.6447 -0.3318
vn -0.0886 -0.9958 0.0239
vn -0.1209 -0.9920 0.0370
vn 0.4591 -0.8883 -0.0120
vn 0.5502 -0.8349 -0.0170
vn 0.2079 -0.9620 0.1768
vn -0.3670 -0.3121 0.8763
vn 0.8324 -0.1772 0.5251
vn 0.0474 -0.8109 0.5833
vn 0.5203 -0.8525 0.0510
vn 0.7582 -0.6042 0.2451
vn 0.5177 -0.1823 -0.8359
vn -0.0380 -0.1387 -0.9896
vn -0.0438 0.4052 -0.9132
vn 0.4388 0.4528 -0.7761
vn -0.0772 -0.6889 0.7207
vn -0.8971 -0.2000 0.3939
vn 0.0315 0.9031 -0.4283
vn -0.5217 0.4062 -0.7503
vn -0.5143 -0.0240 -0.8573
vn 0.9960 -0.0610 -0.0647
vn 0.7161 -0.0132 0.6979
vn 0.8963 -0.0160 0.4432
vn 0.9795 -0.0309 -0.1989
vn 0.7534 0.0552 0.6553
vn 0.9448 0.0223 -0.3270
vn 0.7833 -0.4402 -0.4389
vn 0.8970 -0.0931 0.4321
vn 0.7449 0.0180 0.6669
vn 0.3969 -0.6021 -0.6928
vn 0.4491 -0.5560 -0.6994
vn 0.8519 -0.4308 -0.2979
vn 0.6296 -0.4247 -0.6506
vn 0.5565 -0.4720 -0.6838
vn 0.6112 -0.7784 -0.1430
vn 0.7558 -0.4310 0.4929
vn 0.8600 -0.1819 0.4768
vn 0.7629 -0.6438 0.0603
vn 0.6398 0.1689 0.7498
vn 0.1931 -0.4114 -0.8908
vn 0.5298 -0.2328 -0.8155
vn -0.3340 0.0282 -0.9422
vn -0.3659 -0.1691 -0.9152
vn -0.9051 0.1130 -0.4100
vn -0.8771 0.0159 -0.4801
vn -0.9434 0.2753 0.1849
vn -0.9582 0.1440 0.2471
vn -0.6059 0.1303 0.7848
vn -0.3764 0.5327 0.7580
vn -0.9911 0.1181 0.0618
vn 0.3241 0.4271 0.8441
vn -0.4214 -0.3472 -0.8378
vn -0.5898 -0.5809 -0.5609
vn -0.8352 0.0620 -0.5464
vn 0.5037 -0.3470 -0.7911
vn -0.5119 0.7070 0.4880
vn 0.1829 0.7764 0.6031
vn -0.4968 0.8151 0.2981
vn 0.3801 0.8441 0.3782
vn -0.5040 0.8612 -0.0653
vn 0.5040 0.8436 0.1853
vn -0.5979 0.8009 0.0320
vn 0.5607 0.7577 0.3339
vn -0.6692 0.5394 0.5112
vn 0.4980 0.4190 0.7592
vn -0.6620 0.6428 0.3855
vn 0.5092 0.5213 0.6848
vn 0.6140 0.4443 0.6524
vn -0.2172 0.7800 0.5869
vn -0.3240 0.3990 0.8578
vn 0.8351 -0.2690 0.4799
vn -0.3457 -0.2331 0.9089
vn 0.7915 -0.4412 0.4230
vn -0.8914 0.3995 0.2141
vn -0.8929 -0.3897 -0.2256
vn -0.8903 -0.4350 -0.1342
vn -0.9646 0.1069 -0.2411
vn -0.8888 -0.1741 -0.4240
vn 0.9148 0.1830 0.3600
vn 0.9000 0.2640 0.3468
vn 0.4599 0.5159 0.7228
vn 0.2864 0.8489 0.4442
vn -0.5717 0.6088 0.5501
vn -0.9389 0.1720 0.2980
vn 0.9349 -0.2490 0.2530
vn 0.9045 -0.3128 0.2899
vn 0.6188 -0.0663 0.7828
vn 0.6051 -0.6681 0.4329
vn 0.2590 -0.2237 0.9396
vn -0.9911 -0.0457 0.1253
vn -0.8320 -0.4931 -0.2541
vn 0.1520 -0.8990 -0.4108
vn -0.0580 -0.9387 -0.3399
vn -0.0280 -0.9952 -0.0940
vn -0.2978 -0.9255 0.2339
vn 0.7761 -0.5362 0.3320
vn 0.3280 -0.7216 -0.6097
vn -0.9634 -0.2411 0.1172
vn 0.0090 -0.9936 -0.1130
vn 0.0770 0.9755 -0.2059
vn -0.9657 -0.0171 -0.2590
vn -0.7630 -0.5528 -0.3351
vn 0.1471 -0.9870 -0.0650
vn -0.5717 -0.7149 0.4027
vn 0.0512 -0.9461 0.3197
vn 0.3438 -0.7601 0.5514
vn 0.2500 0.8242 0.5081
vn -0.5722 0.7586 -0.3117
vn -0.1490 0.6972 -0.7012
vn -0.2524 0.6831 -0.6853
vn 0.1911 0.9003 0.3911
vn -0.6650 0.5538 -0.5010
vn -0.2640 0.7380 0.6210
vn -0.6694 0.4952 -0.5538
vn -0.3504 0.7012 0.6210
vn -0.2382 0.5631 0.7913
vn -0.7777 0.6248 0.0690
vn -0.9540 0.1689 0.2478
vn 0.1260 -0.1369 0.9825
vn -0.8152 0.2140 -0.5382
vn -0.2982 -0.7331 -0.6112
vn -0.4896 -0.3123 -0.8141
vn -0.1917 -0.2438 -0.9507
vn 0.3156 -0.1570 0.9358
vn 0.4332 -0.1931 0.8804
vn 0.2746 0.3155 0.9083
vn 0.2470 0.2971 0.9223
vn 0.3421 -0.2621 0.9024
vn -0.4309 -0.3350 -0.8379
vn 0.3751 -0.8642 -0.3352
vn 0.4671 -0.8669 -0.1741
vn 0.3952 -0.9088 0.1340
vn 0.2469 -0.0240 0.9687
vn 0.6029 -0.7790 0.1720
vn -0.2489 -0.6109 -0.7516
vn -0.0839 -0.9869 0.1378
vn -0.9358 0.3520 -0.0180
vn -0.6503 -0.4187 -0.6339
vn -0.7286 0.2340 -0.6437
vn 0.5291 -0.3731 -0.7622
vn 0.3662 -0.6230 -0.6912
vn -0.2412 -0.9583 0.1529
vn 0.0970 -0.9886 -0.1148
vn 0.3172 -0.9246 0.2108
vn -0.5123 -0.6183 -0.5961
vn 0.0964 -0.7658 -0.6358
vn 0.6006 -0.6473 -0.4694
vn 0.0942 -0.7643 -0.6379
vn 0.6340 -0.4716 -0.6129
vn 0.7710 0.6241 0.1270
vn 0.9641 0.0971 -0.2471
vn 0.8894 -0.4569 -0.0164
vn 0.9283 0.1829 -0.3238
vn 0.8771 0.3351 -0.3442
vn -0.3545 0.7506 0.5575
vn 0.3470 0.9256 -0.1510
vn -0.1010 -0.2829 0.9538
vn 0.7850 -0.3841 -0.4861
vn -0.3189 0.9207 0.2249
vn 0.5586 0.7614 -0.3289
vn -0.2419 0.8206 0.5179
vn 0.8252 0.5632 -0.0420
vn -0.2030 0.5931 0.7791
vn 0.8825 0.4412 0.1631
vn 0.4950 -0.0800 0.8652
vn 0.5962 0.4000 0.6961
vn -0.3440 0.3409 0.8749
vn -0.7340 -0.2510 0.6311
vn 0.9991 -0.0167 0.0388
vn 0.5827 -0.7178 -0.3810
vn 0.9069 -0.1172 -0.4046
vn 0.7202 -0.2559 -0.6448
vn -0.9535 -0.1554 0.2583
vn -0.8330 -0.3729 0.4086
vn -0.7238 0.3048 0.6190
vn -0.8282 -0.2720 0.4901
vn 0.6924 -0.5663 -0.4472
vn -0.3929 -0.6554 -0.6451
vn -0.3721 -0.5832 -0.7221
vn -0.4172 -0.8933 -0.1671
vn -0.7284 -0.5661 -0.3860
vn -0.6968 -0.1619 0.6987
vn 0.7642 -0.6362 -0.1059
vn -0.0549 -0.9905 -0.1259
vn 0.2129 -0.7819 0.5859
vn -0.5480 -0.5870 0.5960
vn -0.5970 -0.3631 0.7154
vn 0.2801 -0.7633 0.5822
vn 0.1310 -0.2809 0.9508
vn 0.0882 0.0210 0.9959
vn -0.3899 -0.0907 0.9164
vn -0.3764 -0.0880 0.9223
vn 0.6440 0.5080 0.5720
vn -0.1612 -0.0464 0.9858
vn -0.3048 0.1931 0.9326
vn 0.1751 0.3216 0.9305
vn -0.2813 0.1856 0.9415
vn -0.3453 0.6377 0.6886
vn -0.6627 0.3009 0.6857
vn -0.4913 0.3502 0.7975
vn -0.4861 -0.8471 0.2150
vn 0.1211 -0.9790 0.1639
vn 0.0825 -0.9870 0.1378
vn 0.2519 -0.9207 0.2979
vn -0.6683 -0.3007 0.6804
vn 0.1911 -0.9350 0.2989
vn -0.5838 -0.3517 0.7318
vn 0.3520 -0.7880 0.5050
vn -0.4678 -0.3499 0.8116
vn 0.3739 -0.7791 0.5032
vn -0.2681 -0.3224 0.9078
vn 0.5919 -0.7951 0.1321
vn 0.1770 -0.4239 0.8883
vn 0.4870 -0.8360 -0.2530
vn 0.5328 -0.6058 0.5909
vn 0.0910 -0.7792 -0.6201
vn 0.7553 -0.5948 0.2752
vn -0.3951 -0.8091 -0.4350
vn 0.7198 -0.6370 0.2759
vn -0.5280 -0.8489 0.0250
vn -0.8598 0.0990 0.5010
vn -0.8697 0.1510 0.4699
vn -0.6630 0.3699 0.6509
vn -0.2772 0.3512 0.8943
vn 0.2979 0.2287 0.9268
vn 0.7849 0.1158 0.6087
vn 0.2580 0.4289 0.8657
vn -0.8229 -0.1460 0.5491
vn -0.9730 -0.1628 0.1634
vn -0.9702 0.2420 0.0091
vn -0.8552 -0.2248 0.4670
vn -0.7280 -0.5859 -0.3560
vn -0.7911 -0.3180 0.5226
vn -0.9008 -0.0203 0.4337
vn -0.7728 0.1271 0.6218
vn -0.8957 -0.0419 0.4427
vn -0.9276 0.1551 0.3398
vn -0.8091 0.2601 0.5270
vn -0.9379 0.1792 0.2970
vn -0.5228 0.8516 0.0371
vn -0.7723 0.0324 -0.6344
vn -0.6319 -0.7275 -0.2672
vn -0.9320 0.1810 -0.3140
vn -0.9380 0.2872 0.1941
vn -0.5752 -0.1500 -0.8041
vn -0.6248 -0.0051 -0.7808
vn -0.3602 0.7542 -0.5490
vn 0.0410 0.8388 -0.5429
vn 0.0090 0.1369 -0.9905
vn -0.9450 0.0280 0.3260
vn -0.9866 -0.0401 -0.1579
vn -0.8226 -0.3590 -0.4409
vn -0.9054 0.4232 -0.0331
vn -0.7699 0.2060 0.6039
vn -0.6583 0.5829 0.4764
vn -0.4762 0.8312 -0.2870
vn -0.9271 0.3690 -0.0650
vn -0.4870 0.2501 -0.8368
vn -0.1243 0.7017 -0.7015
vn -0.8984 0.4232 0.1171
vn -0.1640 -0.5368 -0.8276
vn 0.0610 0.5359 -0.8421
vn -0.9260 -0.3658 0.0933
vn -0.4630 0.4673 -0.7532
vn -0.3617 0.6871 -0.6302
vn -0.1100 0.7093 -0.6963
vn -0.1570 0.4907 -0.8570
vn -0.4573 0.4348 -0.7758
vn -0.4649 0.4659 -0.7529
vn -0.6672 0.6692 -0.3272
vn -0.6240 0.7630 0.1688
vn -0.3354 0.8029 0.4928
vn 0.1579 0.7710 0.6170
vn -0.8622 0.4221 0.2801
vn -0.5869 0.8078 0.0543
vn -0.9323 -0.3321 -0.1431
vn -0.8979 -0.3921 -0.2000
vn -0.9019 -0.4221 -0.0919
vn -0.7832 0.1251 0.6091
vn -0.8625 -0.4750 -0.1747
vn -0.0920 0.4919 -0.8658
vn -0.4352 0.7211 -0.5391
vn 0.3223 0.1894 0.9275
vn 0.2072 0.2883 0.9348
vn -0.1561 0.0260 0.9874
vn -0.0842 0.2150 0.9730
vn -0.5771 0.2326 0.7829
vn -0.8041 0.5760 0.1470
vn -0.3241 0.5590 0.7632
vn -0.6760 0.2478 0.6939
vn -0.9259 0.2269 -0.3021
vn -0.9565 -0.0708 0.2832
vn -0.7382 0.2790 0.6141
vn -0.9120 -0.3613 -0.1944
vn -0.9665 -0.2480 -0.0662
vn -0.7998 0.5158 -0.3070
vn -0.7162 0.6923 -0.0882
vn 0.1390 0.9580 0.2510
vn -0.4790 0.8732 -0.0898
vn -0.4699 0.0901 0.8781
vn -0.3328 0.7667 0.5490
vn -0.1371 0.4812 0.8658
vn -0.5272 0.3071 0.7923
vn 0.5288 -0.2087 0.8227
vn 0.3328 -0.2155 0.9181
vn 0.3645 -0.2550 0.8956
vn 0.5242 -0.2189 0.8230
vn -0.2571 0.5308 0.8075
vn -0.0850 0.5473 0.8326
vn -0.5259 0.1260 0.8411
vn -0.2781 -0.3531 0.8933
vn 0.1600 0.2618 0.9517
vn 0.1060 -0.3410 0.9341
vn 0.4092 0.1650 0.8974
vn -0.4181 -0.0120 0.9083
vn -0.5068 0.2904 0.8117
vn -0.3739 -0.6298 0.6808
vn 0.0475 -0.8712 0.4887
vn 0.1930 -0.6388 0.7448
vn -0.0551 -0.4860 0.8722
vn -0.9420 0.0640 0.3294
vn -0.9752 -0.1811 0.1270
vn -0.7973 -0.4777 -0.3688
vn -0.7369 0.6709 0.0830
vn -0.8996 -0.3417 -0.2720
vn -0.4361 -0.7051 -0.5591
vn -0.6120 -0.4251 -0.6669
vn -0.9503 -0.2839 -0.1281
vn -0.2071 -0.3854 -0.8992
vn -0.3128 -0.5218 -0.7936
vn -0.2840 -0.2180 -0.9337
vn 0.1660 0.9193 -0.3569
vn -0.3822 0.4697 -0.7958
vn -0.0269 0.9944 0.1022
vn -0.3819 0.7903 -0.4791
vn 0.1422 0.9804 0.1361
vn -0.6739 0.6402 -0.3687
vn 0.0430 0.9808 -0.1900
vn -0.5467 0.6191 0.5637
vn 0.1950 -0.4141 0.8891
vn 0.1682 -0.2862 0.9433
vn -0.1989 -0.2510 0.9473
vn -0.2250 -0.8138 0.5359
vn -0.4400 -0.0050 0.8980
vn -0.4077 -0.1559 0.8997
vn -0.0460 -0.6379 0.7688
vn -0.4189 -0.3081 0.8541
vn -0.4760 0.2500 0.8432
vn 0.2249 -0.0335 0.9738
vn -0.3643 -0.2795 0.8883
vn -0.1180 -0.5311 -0.8391
vn -0.5049 -0.3821 -0.7740
vn -0.4978 -0.3139 -0.8085
vn -0.4087 -0.4708 -0.7818
vn -0.4303 -0.6924 -0.5792
vn -0.8229 -0.4881 -0.2909
vn -0.5060 -0.2799 -0.8159
vn -0.4801 -0.0859 -0.8730
vn -0.9313 -0.2592 -0.2559
vn -0.4139 -0.7527 -0.5120
vn -0.6856 -0.6826 0.2530
vn -0.3146 -0.8124 -0.4909
vn -0.7268 -0.1686 0.6659
vn 0.2808 -0.0051 -0.9598
vn -0.3094 -0.9263 -0.2149
vn 0.1938 -0.0403 -0.9802
vn -0.5192 -0.2220 0.8253
vn -0.3000 -0.9518 -0.0632
vn 0.3571 -0.0400 -0.9332
vn -0.6091 -0.1729 0.7740
vn -0.2350 -0.8968 -0.3747
vn 0.5262 0.1372 -0.8392
vn -0.9132 0.0440 0.4050
vn 0.2269 0.8637 -0.4501
vn 0.3197 0.8450 -0.4287
vn -0.4648 0.4380 0.7695
vn -0.1521 0.8161 0.5575
vn -0.1549 0.9784 -0.1371
vn 0.1847 0.9385 -0.2917
vn -0.3471 0.7878 0.5089
vn -0.0259 0.9182 0.3952
vn -0.8608 -0.1513 -0.4859
vn 0.0090 0.2691 -0.9631
vn -0.5258 0.1350 -0.8398
vn -0.9916 -0.0458 0.1210
vn -0.7116 -0.6919 0.1224
vn -0.3701 -0.6877 -0.6246
vn -0.6480 -0.1010 -0.7549
vn -0.8529 -0.1475 -0.5007
vn -0.4633 -0.0510 0.8847
vn -0.0952 -0.1579 -0.9829
vn -0.5003 -0.7563 -0.4216
vn -0.0829 -0.0928 -0.9922
vn 0.3032 0.7198 -0.6244
vn -0.1337 0.3684 -0.9200
vn -0.3320 -0.1582 0.9299
vn 0.0242 0.7031 0.7107
vn 0.1612 0.5828 0.7965
vn 0.4149 0.9068 0.0749
vn -0.4583 0.8888 -0.0040
vn -0.5758 0.7883 -0.2169
vn -0.0010 0.8291 -0.5591
vn 0.1053 0.5065 -0.8558
vn 0.1496 0.9887 0.0042
vn -0.0991 0.7224 -0.6843
vn 0.3121 0.8590 0.4059
vn -0.4391 0.8981 0.0241
vn 0.0961 0.8542 0.5110
vn -0.2251 0.8433 0.4881
vn -0.2932 0.5027 0.8132
vn -0.4488 0.8775 -0.1688
vn -0.2610 0.8663 -0.4260
vn 0.1279 0.9805 -0.1490
vn -0.3652 0.8471 0.3862
vn -0.5723 -0.6523 0.4970
vn -0.6004 -0.7355 -0.3139
vn -0.1220 -0.1492 -0.9813
vn -0.4620 -0.1857 0.8672
vn -0.6653 -0.6124 0.4271
vn 0.3809 0.6588 -0.6487
vn 0.3933 0.9024 0.1762
vn -0.0389 0.4570 0.8886
vn -0.5219 -0.6061 0.6002
vn -0.3270 -0.5169 -0.7911
vn 0.1887 0.5265 -0.8289
vn -0.2211 0.4737 0.8525
vn 0.1460 0.9885 -0.0401
vn -0.4477 -0.8906 -0.0798
vn -0.1507 0.0077 -0.9885
vn -0.5288 0.0461 0.8475
vn -0.2961 0.9213 -0.2521
vn -0.1025 -0.0590 -0.9930
vn -0.7136 0.2422 -0.6573
vn -0.2438 -0.5960 -0.7651
vn -0.8757 -0.4760 -0.0809
vn -0.3410 -0.7707 -0.5382
vn -0.5206 0.3908 -0.7591
vn -0.1950 0.9667 -0.1659
vn -0.8938 0.3930 0.2161
vn -0.8257 -0.2330 -0.5137
vn -0.8798 -0.3672 -0.3019
vn -0.4149 -0.5839 -0.6978
vn -0.1820 0.9688 -0.1680
vn -0.9055 0.4167 0.0799
vn 0.5289 -0.1350 0.8379
vn 0.3330 -0.4086 0.8498
vn -0.3082 -0.3572 0.8817
vn 0.5250 -0.2310 0.8191
vn -0.8922 0.3971 -0.2151
vn -0.6588 0.5930 -0.4630
vn -0.7223 0.6103 -0.3251
vn -0.7470 0.6520 -0.1300
vn -0.5229 0.7639 0.3780
vn -0.5302 0.8479 0.0022
vn -0.0750 -0.4460 -0.8919
vn -0.0772 0.4007 -0.9129
vn -0.4970 0.4860 -0.7189
vn -0.5579 0.7389 0.3779
vn -0.4038 0.8556 -0.3238
vn -0.6332 0.7711 0.0668
vn -0.8420 0.4450 0.3051
vn -0.3409 0.7878 -0.5130
vn -0.3821 0.7693 -0.5120
vn -0.5452 0.8192 0.1781
vn -0.4880 0.8708 0.0601
vn -0.2731 0.8683 -0.4142
vn -0.1823 0.8905 -0.4169
vn -0.0130 0.4830 -0.8755
vn -0.2419 0.8937 -0.3779
vn -0.8030 0.2269 0.5511
vn -0.7028 0.3551 0.6164
vn -0.6669 0.5339 0.5198
vn -0.4380 0.5450 0.7150
vn -0.9674 -0.0990 -0.2330
vn -0.4702 0.8801 -0.0659
vn -0.7478 0.1539 -0.6458
vn -0.5979 0.1322 0.7906
vn -0.3810 0.5421 0.7490
vn -0.5782 0.4709 0.6662
vn -0.1174 0.4422 0.8892
vn -0.5969 0.0978 0.7963
vn -0.0129 0.5838 0.8118
vn -0.5741 0.1535 0.8043
vn -0.0420 0.5239 0.8508
vn -0.3050 0.2670 0.9142
vn 0.0092 0.9497 0.3130
vn -0.5397 0.5750 0.6148
vn -0.6488 0.3576 0.6717
vn -0.6885 0.2742 0.6714
vn -0.6090 0.5017 0.6144
vn -0.9609 0.0220 -0.2761
vn -0.8696 0.4902 0.0593
vn -0.9319 0.3538 0.0801
vn -0.9787 -0.0129 -0.2050
vn -0.8894 0.1002 -0.4461
vn -0.7831 0.6201 0.0470
vn -0.4853 0.7159 0.5020
vn -0.5610 0.7527 0.3447
vn -0.9632 -0.1120 -0.2441
vn -0.8384 0.5062 -0.2020
vn -0.4640 0.8571 0.2239
vn -0.0530 0.6931 0.7189
vn 0.0790 0.4888 0.8688
vn 0.6199 0.0330 0.7840
vn 0.7600 -0.0510 0.6479
vn 0.3420 0.8460 0.4091
vn 0.3699 0.0220 0.9288
vn -0.8761 0.4738 -0.0895
vn -0.9675 -0.0959 -0.2342
vn -0.7529 0.5764 0.3177
vn -0.6702 0.7134 0.2047
vn -0.2789 0.6416 0.7146
vn -0.2403 0.8802 0.4093
vn -0.2821 0.9501 -0.1330
vn -0.7559 0.5837 -0.2964
vn -0.8402 0.5361 0.0820
vn -0.2231 0.9726 0.0658
vn 0.5058 0.8599 -0.0688
vn 0.5880 0.8036 0.0921
vn 0.6691 0.6350 0.3861
vn 0.7633 0.3373 0.5509
vn -0.9745 -0.1361 0.1783
vn -0.9915 -0.1280 -0.0221
vn -0.8666 0.4990 0.0063
vn -0.8070 0.5780 0.1212
vn -0.9801 -0.1183 0.1593
vn -0.8783 0.4502 0.1606
vn -0.9117 -0.2380 -0.3349
vn -0.8312 0.5196 0.1978
vn -0.9923 0.0726 0.1000
vn -0.1460 0.9820 0.1200
vn -0.9293 -0.2551 -0.2669
vn -0.8401 -0.2439 -0.4845
vn -0.5617 -0.7631 -0.3198
vn -0.6275 -0.7751 -0.0739
vn -0.9623 -0.2490 0.1091
vn -0.6352 -0.7351 0.2370
vn -0.7610 -0.2190 -0.6106
vn -0.8705 -0.1561 -0.4667
vn -0.4891 -0.7218 -0.4897
vn -0.4661 -0.7432 -0.4800
vn -0.7870 -0.6150 0.0500
vn -0.6425 -0.6949 0.3230
vn -0.3090 0.9192 0.2441
vn -0.7045 -0.4995 -0.5042
vn -0.7917 -0.4860 -0.3701
vn 0.1661 -0.7862 0.5952
vn -0.6939 -0.5359 -0.4809
vn -0.8731 -0.4752 -0.1093
vn -0.8013 -0.5172 0.3008
vn -0.2817 -0.9555 -0.0869
vn -0.9541 -0.2801 0.1058
vn 0.3692 -0.8733 -0.3179
vn -0.9960 -0.0370 -0.0811
vn -0.9968 -0.0170 0.0781
vn -0.6352 -0.6714 -0.3817
vn -0.9912 -0.0474 -0.1239
vn -0.3594 0.8541 -0.3759
vn -0.9164 0.3120 -0.2509
vn -0.5390 -0.2129 -0.8150
vn -0.2008 -0.4932 -0.8464
vn 0.0283 -0.1129 -0.9932
vn 0.1916 -0.2218 -0.9561
vn -0.2751 -0.0791 -0.9582
vn 0.2222 0.4604 -0.8595
vn 0.2188 -0.9224 -0.3184
vn -0.9948 -0.0688 0.0751
vn -0.6044 0.4605 -0.6501
vn -0.6717 0.3246 -0.6659
vn -0.8763 0.1348 0.4625
vn -0.8552 0.3221 -0.4060
vn -0.6360 -0.7110 -0.3000
vn -0.7114 -0.7004 0.0576
vn -0.3480 -0.8417 -0.4128
vn -0.2991 0.9542 0.0079
vn 0.8263 0.1060 0.5532
vn 0.5720 -0.1430 0.8077
vn 0.7890 -0.4979 0.3599
vn 0.8203 -0.4282 0.3792
vn 0.8300 -0.3490 0.4350
vn 0.7638 -0.5756 0.2920
vn 0.7072 -0.5045 0.4954
vn 0.3439 0.1300 0.9300
vn 0.2257 -0.9676 -0.1133
vn 0.4993 -0.8642 0.0631
vn 0.0359 -0.9853 -0.1670
vn -0.2785 -0.8616 -0.4243
vn -0.1800 -0.8574 -0.4822
vn -0.0131 -0.9905 0.1369
vn -0.1300 -0.9321 0.3381
vn -0.3590 -0.8466 -0.3928
vn 0.6311 -0.7129 0.3059
vn 0.4382 -0.7576 -0.4837
vn -0.1621 -0.9354 0.3141
vn 0.4305 -0.8390 0.3329
vn 0.9880 0.1451 0.0532
vn 0.9679 0.0947 -0.2327
vn 0.8600 -0.3170 0.4000
vn 0.9467 0.2679 0.1788
vn 0.9433 0.3231 0.0760
vn 0.8657 0.4999 0.0251
vn 0.9133 -0.3741 0.1610
vn 0.5648 -0.8177 0.1109
vn 0.9704 -0.1901 0.1491
vn 0.7680 -0.6221 0.1521
vn 0.5580 0.8069 0.1938
vn -0.1882 0.8839 0.4281
vn 0.6405 0.7385 0.2105
vn 0.7389 0.2250 -0.6351
vn -0.4292 0.7554 0.4952
vn -0.7161 0.6392 0.2804
vn 0.3710 0.8039 0.4649
vn -0.1342 0.8565 0.4985
vn -0.9249 0.1339 -0.3559
vn -0.9248 0.2831 -0.2541
vn -0.2799 0.6748 0.6828
vn -0.6118 0.5649 0.5537
vn -0.8218 0.3920 0.4136
vn -0.6220 0.4629 0.6316
vn -0.3420 0.8200 0.4590
vn 0.3890 0.8350 0.3891
vn -0.9317 0.3508 0.0940
vn -0.8099 0.3300 0.4850
vn -0.5769 0.8168 -0.0100
vn 0.2070 0.9528 0.2220
vn -0.6263 0.7794 0.0160
vn 0.3018 0.9268 0.2236
vn -0.5863 0.7287 0.3539
vn 0.2691 0.8041 0.5301
vn -0.7100 0.5570 0.4310
vn 0.2630 0.7409 0.6180
vn 0.8293 0.4190 0.3698
vn 0.8870 0.2552 -0.3849
vn 0.9260 0.2640 0.2700
vn 0.9574 0.0214 0.2881
vn 0.9496 0.1909 0.2488
vn 0.6431 0.4545 0.6163
vn 0.9777 -0.1150 0.1759
vn -0.2262 0.5283 0.8184
vn -0.1399 0.6545 0.7430
vn -0.8376 0.3610 0.4100
vn -0.9612 -0.1461 0.2341
vn 0.8264 0.1423 0.5449
vn -0.1678 0.0438 0.9848
vn -0.5702 -0.7591 -0.3140
vn 0.9251 -0.3752 0.0589
vn 0.1861 -0.3219 -0.9283
vn 0.4273 -0.2300 -0.8744
vn -0.8589 -0.0330 0.5111
vn -0.9142 -0.4036 0.0378
vn -0.9192 -0.2594 -0.2963
vn -0.5811 0.8132 -0.0310
vn -0.4523 0.8161 0.3597
vn -0.2899 0.9167 -0.2749
vn -0.6716 0.7009 -0.2401
vn -0.6544 0.7508 -0.0901
vn -0.6053 0.7914 -0.0854
vn -0.2389 0.8640 -0.4431
vn -0.4181 0.8748 0.2449
vn -0.2929 0.8970 0.3311
vn -0.2792 0.9419 0.1869
vn -0.6781 0.4230 0.6011
vn -0.0749 0.9302 0.3594
vn -0.4170 0.8339 0.3615
vn -0.7380 0.5520 0.3881
vn -0.6941 0.5301 0.4871
vn -0.7431 0.6690 -0.0160
vn -0.5750 0.8089 0.1230
vn -0.7487 0.6428 -0.1619
vn -0.8444 0.5157 0.1452
vn -0.7677 0.6297 0.1190
vn -0.7860 0.4600 -0.4130
vn -0.9818 0.1700 -0.0850
vn -0.9780 -0.1531 -0.1420
vn -0.9787 -0.2046 -0.0170
vn -0.8758 0.0311 0.4817
vn 0.5750 -0.7720 -0.2710
vn 0.7537 -0.5822 -0.3048
vn -0.3679 -0.7788 -0.5080
vn -0.3643 -0.8564 -0.3658
vn 0.7349 -0.6782 0.0080
vn -0.4950 -0.8421 -0.2141
vn -0.5166 -0.8416 -0.1577
vn 0.7843 -0.6201 -0.0181
vn 0.4580 -0.8882 0.0351
vn 0.6812 -0.7233 0.1132
vn 0.8708 0.1898 0.4536
vn 0.9598 0.1176 -0.2549
vn 0.7018 0.4109 0.5819
vn 0.8770 0.2977 -0.3772
vn 0.5980 0.6819 0.4213
vn 0.7573 0.5162 -0.4001
vn 0.0450 -0.2071 -0.9773
vn 0.5590 0.4488 -0.6972
vn 0.0943 -0.5162 -0.8513
vn 0.7237 0.6899 0.0168
vn 0.5895 0.7811 -0.2059
vn 0.4292 0.7730 0.4672
vn 0.3720 0.4199 0.8279
vn 0.6179 0.1860 -0.7639
vn 0.9388 0.2931 0.1810
vn -0.0258 -0.5468 0.8369
vn 0.1439 -0.7429 -0.6538
vn 0.1163 0.0129 0.9931
vn -0.0610 0.1160 0.9914
vn 0.7312 0.0349 0.6813
vn -0.4850 -0.8568 -0.1752
vn -0.6646 -0.5894 -0.4593
vn -0.6122 -0.5509 0.5672
vn -0.4690 -0.6035 0.6449
vn 0.1129 -0.9934 -0.0190
vn -0.0233 -0.7731 0.6339
vn 0.2091 -0.7931 -0.5721
vn -0.0150 -0.4419 0.8969
vn 0.0589 -0.8910 0.4501
vn -0.4154 -0.8280 -0.3767
vn 0.8925 0.1200 0.4348
vn 0.1437 -0.9814 -0.1270
vn 0.0459 -0.9218 -0.3850
vn -0.1040 -0.9279 -0.3580
vn 0.6450 -0.7271 0.2351
vn -0.8035 0.4882 0.3406
vn 0.0908 0.6850 0.7229
vn -0.8667 0.2160 0.4497
vn 0.0437 0.4249 0.9042
vn -0.8235 -0.1079 0.5569
vn 0.0695 0.0830 0.9941
vn -0.8430 -0.1459 0.5178
vn -0.0608 0.0197 0.9980
vn 0.7875 0.2003 0.5828
vn 0.0480 0.1660 0.9850
vn 0.6751 0.1511 0.7221
vn 0.4430 -0.0965 0.8913
vn 0.9372 0.0584 0.3440
vn -0.3030 -0.6302 0.7148
vn -0.4058 -0.2658 0.8745
vn -0.9087 -0.3839 0.1640
vn -0.7621 -0.5528 -0.3370
vn 0.7656 -0.2589 0.5889
vn 0.1000 -0.9800 0.1718
vn -0.1222 -0.0598 -0.9907
vn 0.9792 0.1546 -0.1317
vn -0.9559 -0.1452 -0.2552
vn -0.8891 -0.1791 -0.4212
vn -0.7858 -0.3172 -0.5309
vn -0.8994 -0.0510 0.4341
vn 0.8590 -0.0659 -0.5077
vn 0.9558 0.2052 -0.2108
vn 0.0082 0.0260 -0.9996
vn 0.0477 -0.2019 -0.9782
vn 0.9523 -0.0909 -0.2912
vn -0.0151 -0.1959 -0.9805
vn -0.2530 -0.4789 -0.8406
vn 0.9317 -0.2884 -0.2209
vn 0.4120 -0.8859 -0.2130
vn -0.9041 0.2455 0.3496
vn -0.0540 0.4550 0.8889
vn -0.9320 -0.0408 0.3601
vn -0.1387 0.2071 0.9684
vn -0.7169 -0.5680 0.4043
vn 0.0151 -0.3541 0.9351
vn -0.5750 -0.7504 0.3262
vn 0.2471 -0.4881 0.8371
vn 0.6769 0.0780 0.7320
vn -0.1934 0.0401 0.9803
vn 0.7883 0.2021 0.5812
vn 0.5610 -0.3209 0.7631
vn 0.8634 0.2572 0.4340
vn 0.0070 -0.9152 0.4030
vn -0.0696 -0.8317 0.5508
vn -0.6087 -0.7934 -0.0060
vn -0.5347 -0.7310 -0.4240
vn 0.7951 -0.2910 0.5321
vn -0.9071 -0.2951 -0.3002
vn -0.7981 -0.2830 -0.5319
vn -0.7293 -0.3599 -0.5819
vn -0.9641 -0.2643 -0.0269
vn 0.6431 0.6338 -0.4298
vn 0.6806 0.6977 -0.2235
vn -0.1418 0.4948 -0.8574
vn -0.1880 0.2880 -0.9390
vn 0.8582 0.4500 -0.2470
vn -0.2821 0.0479 -0.9582
vn -0.2001 -0.2660 -0.9430
vn 0.9924 0.0050 -0.1230
vn 0.3395 -0.8812 -0.3289
vn -0.4180 -0.5461 -0.7260
vn -0.5045 -0.5442 -0.6703
vn -0.0046 -0.8151 -0.5793
vn -0.9166 0.3248 0.2331
vn -0.2860 0.2680 0.9200
vn -0.9339 -0.1690 0.3150
vn -0.2231 -0.0931 0.9703
vn -0.8762 -0.4820 -0.0068
vn -0.3019 -0.5080 0.8067
vn -0.6341 -0.7571 -0.1570
vn -0.0849 -0.7698 0.6326
vn 0.4201 -0.0470 0.9062
vn -0.0910 -0.2672 0.9593
vn 0.4939 -0.1427 0.8578
vn 0.4020 -0.6899 0.6020
vn 0.6111 -0.0301 0.7910
vn 0.2311 -0.9431 -0.2390
vn -0.0779 -0.9958 0.0482
vn -0.3995 -0.6171 -0.6779
vn -0.2211 -0.3772 -0.8994
vn 0.6649 -0.4088 0.6251
vn -0.7908 -0.0107 -0.6119
vn -0.5814 -0.0619 -0.8113
vn -0.3721 0.0730 -0.9253
vn -0.8186 -0.0392 -0.5730
vn 0.5040 0.6624 0.5543
vn 0.7666 0.5427 0.3431
vn 0.1487 0.7820 -0.6052
vn 0.1119 0.9036 -0.4134
vn 0.6925 0.5641 0.4498
vn -0.0682 0.4242 -0.9030
vn 0.2240 -0.0969 -0.9698
vn 0.8833 -0.3172 0.3453
vn -0.1414 -0.6171 -0.7740
vn -0.2658 0.1550 0.9515
vn -0.7336 -0.4606 -0.4997
vn 0.3171 0.3011 0.8993
vn -0.0109 0.3621 0.9321
vn 0.2103 0.5754 0.7904
vn 0.3620 0.5322 0.7653
vn 0.2978 0.4978 0.8146
vn 0.4699 0.1950 0.8609
vn -0.4379 -0.8614 0.2572
vn -0.4682 -0.6542 -0.5941
vn -0.4201 -0.3543 0.8355
vn 0.5021 0.1028 0.8587
vn 0.4368 0.7680 -0.4683
vn -0.2924 0.9561 -0.0213
vn -0.9919 -0.0742 -0.1030
vn -0.9963 -0.0832 0.0237
vn -0.9829 -0.0099 -0.1840
vn -0.6599 0.5011 0.5599
vn -0.7621 0.4040 0.5060
vn -0.9532 -0.1850 -0.2391
vn -0.9556 0.1186 -0.2696
vn -0.7942 0.5242 0.3073
vn -0.8948 -0.2329 -0.3809
vn -0.2122 -0.2639 -0.9409
vn -0.3481 -0.4497 -0.8226
vn 0.0182 -0.3060 -0.9519
vn 0.1169 -0.0650 -0.9910
vn 0.5872 -0.2329 -0.7752
vn 0.9238 -0.0138 -0.3826
vn -0.0450 0.9910 0.1260
vn 0.4929 0.8278 0.2679
vn 0.7944 0.4048 -0.4528
vn 0.4910 0.7040 -0.5130
vn 0.7811 0.4969 0.3781
vn 0.9156 0.0650 -0.3968
vn 0.8926 0.4138 0.1791
vn 0.4202 0.8963 0.1420
vn 0.1900 0.7222 0.6651
vn -0.0860 0.7188 0.6898
vn -0.5193 -0.4181 -0.7454
vn -0.2566 -0.9637 -0.0731
vn -0.3630 -0.8656 -0.3449
vn -0.6961 -0.7010 0.1552
vn -0.3751 -0.8169 0.4381
vn -0.6828 -0.7027 0.2001
vn -0.6948 -0.6879 -0.2100
vn -0.4389 -0.1948 0.8772
vn -0.5810 -0.3745 0.7226
vn -0.4968 -0.3391 0.7989
vn -0.3772 -0.0649 0.9239
vn -0.6888 -0.5677 -0.4509
vn -0.7604 -0.6489 -0.0249
vn -0.7191 -0.5437 -0.4327
vn -0.8287 -0.5500 0.1042
vn -0.8640 -0.0672 0.4989
vn -0.5880 -0.0690 0.8059
vn -0.5333 -0.1693 0.8288
vn -0.6763 -0.1878 0.7123
vn -0.2981 -0.3971 0.8680
vn -0.4391 -0.7871 0.4331
vn -0.6267 -0.6307 0.4576
vn -0.7943 -0.3810 0.4732
vn -0.7286 0.0420 0.6836
vn -0.1730 -0.1117 0.9786
vn -0.3188 0.1372 0.9378
vn -0.0677 -0.5244 0.8488
vn -0.1530 -0.3711 0.9159
vn -0.2999 -0.0841 0.9502
vn -0.4468 -0.3922 0.8041
vn -0.0232 -0.3617 0.9320
vn -0.3376 -0.8129 0.4746
vn -0.0140 0.3459 0.9382
vn -0.4221 -0.1139 0.8993
vn -0.6102 -0.6616 0.4359
vn -0.1795 0.3775 0.9085
vn -0.5538 -0.2051 0.8070
vn -0.6094 -0.4393 0.6601
vn -0.0539 0.3769 0.9247
vn -0.9042 0.0330 -0.4258
vn -0.8990 0.4321 -0.0710
vn -0.5240 -0.0067 0.8517
vn -0.5399 -0.1779 0.8227
vn -0.3737 0.3157 0.8721
vn -0.5240 -0.2900 0.8009
vn -0.7982 -0.4601 0.3888
vn -0.8112 -0.5351 0.2360
vn -0.5208 -0.6062 0.6011
vn -0.1762 -0.1810 0.9676
vn -0.3309 -0.3041 0.8933
vn -0.0733 -0.3881 0.9187
vn -0.6193 -0.2882 0.7304
vn 0.1016 -0.1040 0.9894
vn 0.4492 -0.2411 0.8603
vn 0.0931 -0.6602 0.7453
vn -0.1879 0.0360 0.9815
vn -0.1309 -0.2859 0.9493
vn -0.1142 -0.0111 0.9934
vn -0.6926 0.2030 0.6922
vn -0.7460 0.2761 0.6060
vn -0.8047 0.5749 0.1482
vn -0.9957 0.0911 0.0194
vn -0.9336 0.1670 0.3171
vn -0.8421 0.4552 0.2893
vn -0.8759 0.3008 -0.3772
vn -0.8640 -0.2760 -0.4211
vn -0.6690 -0.7324 0.1263
vn -0.7778 -0.2120 0.5917
vn 0.0630 -0.9941 0.0882
vn -0.1141 -0.9695 0.2171
vn -0.4072 -0.0643 0.9111
vn -0.5899 -0.2119 0.7792
vn 0.0248 -0.1037 0.9943
vn 0.2082 -0.9694 0.1300
vn 0.0118 0.4521 0.8919
vn -0.2721 -0.1141 0.9555
vn 0.0579 0.8529 0.5189
vn 0.6543 0.6833 0.3240
vn 0.2118 0.9285 0.3051
vn -0.7671 -0.4631 0.4439
vn 0.1649 -0.6875 -0.7073
vn -0.8229 -0.2910 0.4880
vn -0.7339 -0.3889 0.5569
vn 0.4861 -0.7811 -0.3920
vn -0.1991 0.7979 0.5690
vn -0.4191 0.8501 0.3187
vn -0.6310 0.7729 -0.0667
vn 0.4862 0.8441 -0.2261
vn 0.2782 0.8622 -0.4234
vn 0.2056 0.6061 -0.7683
vn 0.0551 0.9954 -0.0781
vn 0.4572 0.2376 -0.8570
vn 0.6015 -0.7116 -0.3629
vn -0.8111 -0.2741 0.5167
vn -0.4529 0.3787 -0.8071
vn 0.0070 0.6980 0.7161
vn -0.3125 0.8827 0.3510
vn -0.2029 0.8601 0.4681
vn 0.1910 0.9038 0.3829
vn 0.0026 0.6591 0.7520
vn -0.2789 0.3822 0.8810
vn -0.3980 0.3250 0.8579
vn -0.6604 0.4564 0.5962
vn -0.5643 0.7502 0.3445
vn 0.2139 0.7509 0.6248
vn -0.8431 -0.2808 -0.4586
vn -0.9088 -0.0920 -0.4069
vn -0.7887 -0.0679 0.6110
vn -0.8517 0.1138 0.5115
vn -0.3693 -0.3346 0.8670
vn -0.5311 -0.6413 0.5538
vn -0.5177 -0.5448 0.6597
vn 0.7340 -0.6768 0.0561
vn 0.4620 -0.5845 -0.6670
vn -0.3813 -0.1028 -0.9187
vn 0.7766 -0.4129 -0.4758
vn -0.1071 -0.9025 -0.4172
vn -0.0489 -0.5729 -0.8182
vn 0.8162 -0.4030 -0.4141
vn 0.4161 -0.5656 0.7120
vn 0.7052 -0.3450 0.6194
vn 0.9694 0.1241 0.2120
vn 0.9158 -0.3999 0.0359
vn 0.7253 -0.2452 -0.6433
vn 0.6721 -0.2291 -0.7042
vn 0.7748 0.6068 -0.1771
vn 0.4452 -0.0631 0.8932
vn 0.2230 -0.9714 0.0821
vn -0.2628 -0.6192 -0.7400
vn -0.6927 -0.7137 -0.1041
vn -0.8474 -0.5294 0.0393
vn -0.8048 -0.5489 0.2260
vn -0.2710 -0.8514 0.4492
vn -0.6040 -0.7350 0.3080
vn -0.1138 -0.8143 0.5692
vn -0.1111 -0.9887 -0.1011
vn -0.2309 -0.8611 0.4531
vn -0.7834 -0.4053 -0.4712
vn -0.6390 -0.2931 -0.7112
vn -0.2149 -0.8378 -0.5018
vn -0.4979 -0.8642 0.0722
vn -0.4721 -0.8713 0.1340
vn -0.2213 -0.9609 -0.1663
vn -0.6551 -0.2884 -0.6983
vn -0.0471 -0.4280 -0.9026
vn -0.5411 -0.4410 -0.7160
vn -0.6208 -0.6088 -0.4939
vn 0.5769 0.8061 0.1319
vn 0.5878 -0.2455 0.7708
vn 0.7431 -0.1738 0.6461
vn 0.9027 -0.2539 0.3473
vn 0.2557 -0.7960 0.5487
vn 0.3461 0.1680 0.9230
vn 0.4678 -0.0409 0.8829
vn 0.5699 0.2330 0.7880
vn 0.4312 0.1288 0.8930
vn 0.6986 -0.7096 0.0917
vn 0.0851 -0.9819 0.1691
vn 0.0552 -0.9841 -0.1688
vn 0.4334 0.3397 0.8347
vn 0.3289 0.5897 0.7376
vn 0.8699 -0.1050 -0.4819
vn 0.9651 -0.0309 0.2599
vn 0.7790 0.1857 0.5989
vn 0.9122 0.4091 0.0230
vn 0.9778 -0.1423 -0.1538
vn 0.6532 -0.2650 0.7093
vn 0.7069 -0.2051 0.6769
vn 0.9943 -0.0980 0.0430
vn 0.8664 0.4692 0.1711
vn 0.8400 0.4884 0.2362
vn 0.8764 -0.4512 0.1681
vn 0.7788 -0.4066 0.4777
vn 0.6764 0.3282 0.6594
vn 0.4381 0.2964 0.8487
vn 0.8273 -0.0919 0.5542
vn 0.8720 -0.4893 -0.0132
vn 0.9732 0.2013 0.1108
vn 0.9341 0.1033 0.3418
vn 0.9619 0.2690 0.0490
vn 0.9597 -0.2121 -0.1847
vn 0.9958 0.0891 -0.0193
vn 0.9702 -0.2122 0.1170
vn 0.9171 -0.3330 0.2190
vn 0.7702 -0.0979 0.6303
vn 0.9440 0.3104 -0.1122
vn 0.9186 -0.3795 -0.1101
vn 0.7890 -0.3470 0.5071
vn 0.8699 -0.4907 0.0496
vn -0.4663 0.5593 0.6854
vn -0.7076 0.4196 0.5686
vn 0.4130 -0.0410 0.9098
vn 0.4047 0.0760 0.9113
vn 0.1483 -0.2448 0.9582
vn 0.0481 -0.2451 0.9683
vn 0.1072 -0.3170 0.9424
vn -0.0791 -0.3581 0.9303
vn 0.1218 -0.3248 0.9379
vn 0.7358 0.2180 0.6411
vn 0.6970 0.4284 0.5750
vn 0.8553 0.5082 0.1010
vn 0.7961 0.6051 -0.0050
vn -0.3860 -0.5141 0.7660
vn -0.3931 -0.4785 0.7852
vn 0.0513 -0.1320 0.9899
vn -0.2340 0.0621 0.9703
vn 0.3421 0.5880 0.7330
vn 0.5818 0.1590 0.7977
vn 0.8579 -0.4668 0.2149
vn 0.8309 -0.4919 0.2603
vn 0.4589 0.4979 0.7358
vn 0.8333 0.4783 0.2772
vn 0.5040 0.7259 0.4680
vn 0.8272 0.3401 0.4472
vn 0.9437 0.3271 0.0500
vn 0.9813 0.1792 0.0708
vn -0.0439 -0.6663 0.7444
vn 0.5331 -0.6261 0.5691
vn 0.9481 -0.1369 0.2871
vn -0.2742 -0.4890 0.8281
vn -0.6089 -0.3377 0.7178
vn 0.1251 0.4731 0.8721
vn -0.0103 -0.2922 0.9563
vn 0.8919 0.1820 0.4140
vn -0.2320 -0.9000 0.3691
vn 0.0609 -0.9840 0.1676
vn 0.1623 -0.9601 0.2278
vn 0.6997 -0.6981 0.1519
vn 0.4770 -0.8778 0.0447
vn 0.5462 -0.2214 0.8079
vn 0.9039 0.2150 0.3699
vn 0.9871 0.1269 -0.0978
vn -0.1253 -0.9531 0.2754
vn -0.6983 -0.1051 0.7080
vn -0.2550 -0.9121 0.3210
vn 0.1110 -0.9741 0.1970
vn 0.6996 -0.6618 -0.2694
vn 0.6958 -0.2839 -0.6598
vn 0.7290 -0.2120 -0.6508
vn 0.1887 -0.6794 -0.7091
vn 0.8259 0.2665 -0.4969
vn 0.8988 0.4381 0.0171
vn 0.5384 0.5713 -0.6195
vn 0.2919 0.0820 0.9529
vn 0.3050 -0.0460 0.9512
vn -0.2109 -0.2710 0.9392
vn 0.0261 -0.0709 0.9971
vn -0.9494 0.1324 0.2849
vn -0.4743 -0.1770 0.8624
vn -0.6330 -0.0110 0.7740
vn -0.3509 -0.4998 0.7919
vn -0.5368 -0.1280 0.8340
vn -0.4429 -0.0528 -0.8950
vn 0.1820 0.1687 -0.9687
vn 0.1365 0.3882 -0.9114
vn -0.3691 -0.0861 -0.9254
vn -0.3170 -0.5500 0.7727
vn -0.6235 -0.6003 0.5009
vn 0.9708 0.2110 0.1140
vn 0.8003 0.4597 -0.3850
vn 0.8442 0.2472 0.4757
vn 0.9630 0.1920 -0.1890
vn 0.9658 -0.2330 -0.1140
vn 0.9826 -0.0641 -0.1741
vn -0.8423 -0.4530 -0.2921
vn -0.8179 -0.5383 -0.2029
vn -0.7256 -0.3751 -0.5769
vn -0.9840 -0.0820 -0.1581
vn -0.9067 -0.4218 0.0060
vn -0.8171 -0.5513 0.1689
vn -0.7771 -0.5670 0.2731
vn -0.7599 -0.5899 0.2729
vn 0.4118 0.8297 -0.3767
vn -0.3231 0.9401 -0.1090
vn -0.0840 0.6708 -0.7369
vn 0.4857 0.5603 -0.6710
vn -0.9298 0.3599 0.0770
vn -0.8906 0.3909 0.2323
vn -0.7260 0.6870 -0.0301
vn -0.7222 0.6712 -0.1671
vn 0.1981 0.7863 -0.5852
vn 0.0501 0.9626 -0.2662
vn -0.6298 0.7767 0.0141
vn -0.6120 0.7430 -0.2708
vn 0.7850 0.3051 -0.5391
vn 0.8079 0.3076 -0.5026
vn 0.2871 0.8402 -0.4601
vn 0.8059 0.5367 -0.2500
vn 0.6804 0.5591 -0.4737
vn 0.2440 0.8256 -0.5088
vn 0.9307 -0.0701 -0.3590
vn 0.8405 0.3977 -0.3680
vn 0.8839 -0.4308 -0.1822
vn 0.9202 -0.3791 -0.0980
vn -0.9063 -0.3419 0.2483
vn -0.9594 -0.2146 0.1832
vn -0.4862 -0.8282 0.2789
vn -0.6330 -0.7268 0.2668
vn -0.9809 0.1838 -0.0632
vn -0.7677 -0.6297 0.1190
vn -0.6865 0.3270 -0.6494
vn -0.9791 0.1782 0.0985
vn -0.8500 -0.4759 0.2260
vn -0.9104 0.3862 -0.1483
vn -0.9658 -0.2569 -0.0340
vn 0.4207 -0.9010 0.1062
vn 0.4002 -0.9164 -0.0087
vn -0.1741 -0.9603 0.2182
vn -0.2688 -0.9451 0.1860
vn -0.5636 -0.5815 0.5867
vn -0.1936 -0.9291 0.3151
vn -0.4909 -0.7149 0.4979
vn -0.6458 -0.4533 -0.6144
vn -0.7383 0.1841 -0.6489
vn -0.3102 0.2417 -0.9194
vn -0.1688 -0.3268 -0.9299
vn 0.4539 -0.5239 0.7208
vn 0.9880 0.1319 0.0810
vn -0.3904 0.7875 -0.4769
vn 0.1669 0.3898 -0.9056
vn 0.2730 -0.0850 -0.9582
vn -0.9231 -0.3037 0.2358
vn -0.9391 -0.3355 0.0740
vn -0.6942 -0.0468 0.7183
vn -0.4082 0.0370 0.9122
vn -0.3999 0.0380 0.9158
vn -0.6301 -0.1558 0.7607
vn -0.7331 -0.6792 -0.0343
vn -0.9798 -0.1360 0.1466
vn -0.3810 0.0578 0.9228
vn -0.4872 -0.7612 -0.4280
vn -0.7568 -0.5868 -0.2879
vn -0.7937 -0.5951 0.1260
vn -0.5650 -0.7283 -0.3878
vn -0.6174 -0.7093 -0.3402
vn -0.4587 -0.8769 0.1438
vn -0.5372 -0.7393 0.4061
vn -0.5131 -0.2871 0.8089
vn -0.3461 -0.4986 0.7947
vn -0.2720 0.1541 0.9499
vn -0.2866 -0.6586 -0.6958
vn 0.1476 -0.3093 -0.9394
vn -0.0381 -0.0689 -0.9969
vn -0.7537 -0.4416 -0.4867
vn 0.6824 0.0979 -0.7244
vn 0.6381 0.1772 -0.7493
vn 0.9082 0.4109 -0.0799
vn 0.8526 0.4768 -0.2138
vn 0.7151 0.4420 0.5415
vn 0.5430 0.6469 0.5354
vn 0.8953 0.3541 -0.2703
vn -0.0130 0.4278 0.9038
vn -0.0011 -0.3209 -0.9471
vn 0.3100 -0.5090 -0.8030
vn 0.6151 0.1500 -0.7741
vn -0.5079 -0.6921 -0.5129
vn 0.0637 0.7445 0.6646
vn 0.5910 0.7792 0.2086
vn -0.2992 0.8592 0.4150
vn 0.5208 0.8532 0.0280
vn -0.5021 0.8420 0.1971
vn 0.3798 0.8887 -0.2568
vn -0.4781 0.7622 0.4364
vn 0.5641 0.8171 -0.1191
vn -0.2709 0.4120 0.8700
vn 0.7918 0.4941 0.3590
vn -0.3849 0.4279 0.8178
vn 0.7563 0.5803 0.3021
vn -0.3990 0.4208 0.8147
vn -0.6964 -0.2677 0.6658
vn 0.5678 0.3031 0.7653
vn 0.4160 0.7122 0.5654
vn -0.6808 -0.4369 0.5879
vn 0.5560 -0.3320 0.7620
vn 0.9460 0.3240 0.0050
vn 0.7701 -0.4132 -0.4861
vn 0.7873 -0.4673 -0.4022
vn 0.8730 0.2690 -0.4068
vn 0.8963 -0.0545 -0.4402
vn -0.8480 0.0730 0.5249
vn -0.8696 -0.0098 0.4937
vn -0.1167 0.7701 0.6272
vn -0.0950 0.6088 0.7876
vn 0.9511 0.2851 -0.1190
vn 0.6846 0.6759 0.2729
vn -0.7153 -0.5584 0.4203
vn -0.9116 -0.3008 0.2800
vn -0.6241 -0.6101 0.4881
vn -0.4559 -0.0951 0.8849
vn 0.3930 -0.2531 0.8840
vn 0.9888 -0.1226 -0.0857
vn 0.7646 -0.5361 -0.3578
vn -0.0916 -0.9396 -0.3299
vn -0.0020 -0.8659 -0.5001
vn 0.2679 -0.9574 0.1078
vn -0.0718 -0.9830 -0.1691
vn -0.5295 -0.6459 -0.5500
vn -0.6978 -0.5216 0.4909
vn 0.9401 -0.3001 -0.1619
vn -0.1122 -0.9774 -0.1790
vn -0.4032 0.8689 -0.2872
vn 0.6843 0.1391 -0.7158
vn 0.1400 -0.9832 -0.1171
vn 0.8295 -0.2649 -0.4917
vn 0.2618 -0.9371 0.2309
vn 0.8166 -0.5771 0.0151
vn 0.1091 -0.7955 0.5961
vn -0.0515 0.8584 0.5105
vn 0.1058 0.7112 -0.6950
vn 0.3170 0.7883 -0.5273
vn -0.0460 0.9055 0.4219
vn 0.2390 0.6890 -0.6842
vn 0.3671 0.7351 0.5700
vn 0.6108 0.5381 -0.5809
vn 0.4117 0.7251 0.5520
vn 0.5859 0.5031 -0.6353
vn 0.3190 0.6067 0.7281
vn 0.0369 -0.1060 0.9937
vn 0.9718 0.2190 0.0871
vn 0.7504 0.6573 -0.0701
vn 0.7142 0.2240 -0.6632
vn 0.2327 -0.7429 -0.6277
vn 0.3212 -0.3032 -0.8972
vn 0.1090 -0.2700 -0.9567
vn -0.3972 -0.1829 0.8993
vn -0.2073 -0.1142 0.9716
vn -0.0262 0.2430 0.9697
vn -0.1690 0.2660 0.9490
vn -0.1919 -0.3769 0.9061
vn 0.3211 -0.3556 -0.8777
vn -0.4710 -0.8804 -0.0553
vn -0.4630 -0.8581 -0.2220
vn -0.3254 -0.9188 0.2233
vn -0.5294 -0.7972 0.2903
vn -0.0920 0.0020 0.9958
vn 0.1570 -0.6270 -0.7630
vn 0.1400 -0.9877 -0.0702
vn 0.6521 0.5528 -0.5189
vn 0.3463 0.2140 -0.9134
vn 0.2306 -0.2990 -0.9260
vn -0.7657 -0.4951 -0.4105
vn -0.5850 -0.6889 -0.4280
vn -0.0049 -0.9935 -0.1138
vn 0.3781 -0.9234 -0.0653
vn -0.0260 -0.9597 0.2800
vn -0.3281 -0.7693 -0.5482
vn 0.1800 -0.5710 -0.8010
vn -0.6696 -0.7307 -0.1332
vn -0.3190 -0.7711 -0.5510
vn -0.7958 -0.5576 -0.2361
vn -0.6357 0.4855 0.6002
vn -0.9562 -0.0513 0.2882
vn -0.7208 -0.5590 0.4099
vn -0.9250 0.2732 0.2640
vn -0.9724 0.0390 0.2300
vn -0.4126 0.8759 0.2500
vn 0.5630 0.7509 0.3451
vn 0.5179 -0.2771 0.8093
vn -0.8542 -0.5161 -0.0630
vn -0.6482 0.7497 0.1331
vn 0.4583 0.8698 0.1830
vn -0.7047 0.5888 0.3958
vn 0.5332 0.7742 0.3410
vn -0.6618 0.5468 0.5129
vn 0.6171 0.6051 0.5031
vn -0.0109 0.1141 0.9934
vn 0.9250 -0.2880 0.2480
vn 0.7571 0.3836 0.5289
vn -0.1421 0.5753 0.8055
vn -0.8516 0.1517 0.5018
vn -0.7528 -0.6530 0.0830
vn -0.9819 -0.1179 0.1480
vn -0.9436 -0.2553 -0.2109
vn 0.8948 -0.4439 0.0480
vn 0.9377 -0.2411 -0.2503
vn 0.9591 0.2572 0.1183
vn 0.9406 -0.3299 -0.0800
vn -0.8618 -0.5052 0.0443
vn -0.0590 -0.6970 -0.7147
vn 0.0058 -0.7870 -0.6170
vn 0.2050 -0.9642 -0.1680
vn 0.9331 -0.1874 0.3068
vn 0.3947 -0.7248 -0.5646
vn -0.7711 -0.5101 0.3809
vn -0.0700 -0.9863 -0.1496
vn 0.2574 -0.8440 0.4704
vn -0.7421 0.4710 0.4770
vn 0.4021 0.6847 0.6079
vn 0.4069 0.4149 0.8139
vn 0.5930 0.3147 0.7412
vn 0.6889 0.3750 0.6203
vn 0.8896 -0.3530 -0.2900
vn 0.8602 -0.4223 -0.2859
vn 0.8068 -0.5311 -0.2590
vn 0.5520 -0.3431 -0.7600
vn 0.0873 -0.1881 -0.9783
vn -0.5038 0.0187 -0.8636
vn -0.8988 0.1839 -0.3979
vn -0.9015 0.3349 0.2740
vn 0.2921 0.0160 -0.9563
vn 0.6771 -0.1200 -0.7261
vn -0.4578 0.5259 -0.7169
vn -0.0420 0.2639 -0.9636
vn -0.6525 0.6822 -0.3298
vn -0.5607 0.8130 0.1571
vn 0.7501 -0.2760 -0.6010
vn 0.3140 0.0901 -0.9451
vn 0.4387 -0.2636 -0.8591
vn -0.1566 -0.5704 -0.8063
vn 0.7170 -0.3207 -0.6190
vn 0.7512 -0.0810 -0.6551
vn 0.7862 -0.3579 -0.5038
vn 0.8900 0.0654 -0.4512
vn 0.8069 -0.0220 -0.5903
vn 0.8247 0.2550 -0.5049
vn 0.7209 0.1269 -0.6813
vn 0.5409 -0.0922 -0.8360
vn -0.3242 -0.7798 -0.5356
vn -0.2860 0.0118 -0.9582
vn 0.3192 0.7479 -0.5820
vn 0.3742 -0.0676 -0.9249
vn -0.2000 0.0060 -0.9798
vn -0.3392 0.9189 -0.2012
vn -0.8913 0.3211 -0.3201
vn 0.6301 -0.1609 -0.7596
vn -0.1010 -0.3795 -0.9197
vn 0.1913 -0.1137 -0.9749
vn 0.4150 0.4220 -0.8060
vn -0.0770 0.8374 -0.5412
vn 0.7461 0.5469 -0.3798
vn 0.9045 0.1340 -0.4048
vn 0.3829 0.3357 -0.8606
vn 0.5361 0.3000 -0.7891
vn -0.5309 0.7309 -0.4289
vn -0.5347 0.3088 -0.7866
vn -0.6962 -0.4623 -0.5492
vn -0.7316 0.5795 -0.3591
vn 0.5730 -0.1784 -0.7999
vn -0.5326 0.6886 -0.4920
vn -0.6331 0.4790 -0.6081
vn 0.3672 0.1296 -0.9211
vn 0.0941 0.4671 -0.8792
vn 0.4740 0.2179 -0.8531
vn 0.4425 0.1943 -0.8755
vn 0.6425 0.0401 -0.7653
vn 0.2411 0.1261 -0.9623
vn 0.6017 0.5356 -0.5925
vn -0.9498 0.1949 -0.2449
vn 0.4671 -0.2130 -0.8582
vn 0.8157 0.0643 -0.5749
vn 0.8868 0.0189 -0.4618
vn 0.4580 -0.5148 -0.7247
vn 0.8658 0.3831 -0.3218
vn 0.2461 0.2275 -0.9422
vn -0.2364 0.8338 -0.4989
vn 0.0430 0.9871 0.1542
vn 0.4503 0.7534 -0.4791
vn 0.7361 0.5511 0.3930
vn 0.8347 0.4506 0.3166
vn 0.4670 0.7049 0.5339
vn 0.6768 0.7359 -0.0199
vn 0.9585 0.2712 0.0881
vn 0.9951 -0.0040 0.0990
vn 0.8525 -0.4716 -0.2254
vn 0.8760 -0.4820 -0.0145
vn 0.8244 -0.0551 -0.5633
vn 0.6350 0.6410 -0.4311
vn 0.1658 -0.5492 -0.8191
vn 0.6243 -0.2156 -0.7509
vn -0.1511 -0.4200 -0.8949
vn -0.2981 -0.7368 -0.6068
vn 0.1760 -0.4080 -0.8959
vn 0.2971 -0.2590 -0.9190
vn -0.6986 -0.4657 -0.5432
vn -0.5429 -0.5380 -0.6449
vn -0.7121 -0.2422 -0.6590
vn -0.4118 0.9062 0.0957
vn 0.1131 0.9933 -0.0250
vn -0.0900 0.9662 0.2414
vn -0.0909 0.8023 -0.5900
vn 0.2413 0.6469 -0.7233
vn -0.2930 0.9560 -0.0140
vn 0.9152 0.3428 0.2121
vn 0.9054 -0.4011 -0.1396
vn -0.7264 -0.4849 -0.4871
vn -0.5721 -0.4506 -0.6853
vn 0.0961 -0.5220 -0.8475
vn 0.2148 -0.2670 -0.9395
vn -0.5580 -0.0592 -0.8277
vn -0.4380 -0.3391 -0.8326
vn -0.2592 -0.7755 -0.5756
vn -0.2830 -0.7161 -0.6381
vn 0.5428 -0.6028 -0.5848
vn 0.9143 -0.1434 -0.3788
vn -0.9769 0.0021 -0.2136
vn -0.9397 -0.1421 -0.3110
vn 0.0915 -0.8201 -0.5649
vn 0.9925 -0.0750 -0.0967
vn -0.9732 -0.1850 -0.1367
vn 0.2582 -0.8519 -0.4557
vn 0.9803 0.0474 -0.1920
vn -0.9944 -0.0651 0.0833
vn -0.0542 -0.8668 -0.4958
vn 0.7492 0.2712 -0.6043
vn -0.6141 0.7588 0.2169
vn -0.6341 0.7607 0.1387
vn 0.4565 0.8397 0.2940
vn 0.9024 0.4302 -0.0260
vn -0.5107 0.8446 0.1608
vn -0.2411 0.9671 -0.0810
vn 0.4601 0.8859 0.0590
vn 0.3107 0.8996 0.3069
vn -0.8764 0.2620 -0.4042
vn -0.0259 -0.0671 -0.9974
vn -0.5478 0.2120 -0.8093
vn 0.0996 0.1809 -0.9785
vn -0.2602 -0.1159 -0.9586
vn -0.2439 -0.6740 -0.6973
vn 0.5502 -0.5361 -0.6402
vn 0.9906 0.1340 0.0280
vn 0.2464 0.2978 -0.9223
vn -0.7879 -0.2520 -0.5619
vn -0.8149 -0.1920 -0.5469
vn -0.0001 -0.6898 -0.7240
vn -0.8189 0.2759 -0.5032
vn -0.8210 0.5679 0.0590
vn 0.9928 0.0260 0.1170
vn 0.5108 0.6299 0.5851
vn 0.4632 0.7623 0.4522
vn 0.0251 0.9546 -0.2968
vn -0.2929 0.8097 0.5085
vn -0.0599 0.8615 -0.5042
vn -0.2587 0.9263 0.2738
vn -0.8949 0.3750 -0.2420
vn -0.6270 0.7640 -0.1519
vn -0.6969 0.6414 -0.3208
vn 0.0499 0.8234 0.5652
vn 0.0400 0.9629 -0.2670
vn 0.3844 0.9130 0.1369
vn 0.2555 0.8656 0.4305
vn 0.8104 0.5562 0.1841
vn -0.1049 0.9207 -0.3758
vn 0.3522 0.9347 -0.0480
vn -0.3332 0.9263 0.1757
vn -0.4040 0.8487 -0.3413
vn 0.8147 -0.4652 -0.3462
vn -0.7765 -0.2380 -0.5835
vn 0.1337 -0.6361 -0.7599
vn 0.7869 -0.4159 -0.4559
vn 0.9997 0.0120 -0.0210
vn -0.8649 0.4900 0.1089
vn 0.7068 0.5579 0.4349
vn -0.1950 0.8226 0.5342
vn -0.4478 -0.5333 -0.7177
vn 0.8743 -0.4172 -0.2481
vn -0.9123 0.3771 -0.1601
vn 0.7521 0.6052 0.2611
vn -0.2923 0.9290 0.2270
vn -0.8011 -0.0800 -0.5931
vn 0.3004 -0.7894 -0.5354
vn 0.9668 0.2479 -0.0611
vn -0.2697 0.9249 -0.2681
vn -0.8165 -0.1599 -0.5547
vn -0.4512 -0.6070 -0.6542
vn -0.3069 0.2730 -0.9117
vn 0.3130 -0.4731 -0.8235
vn 0.5459 0.4817 -0.6855
vn -0.1144 -0.1640 -0.9798
vn 0.1431 -0.3050 -0.9415
vn 0.4206 0.5106 -0.7499
vn 0.1321 0.5458 -0.8274
vn 0.0867 0.7724 -0.6292
vn -0.0740 0.7072 -0.7032
vn -0.2110 0.6537 -0.7268
vn 0.4169 0.8918 -0.1760
vn 0.0269 0.9331 -0.3587
vn -0.8534 0.2934 -0.4309
vn -0.7102 -0.4398 -0.5498
vn 0.4948 0.8386 -0.2281
vn 0.5591 0.6220 -0.5482
vn 0.2079 0.8780 -0.4311
vn -0.2590 0.8796 -0.3990
vn -0.0864 0.8858 -0.4559
vn 0.0640 0.5603 -0.8258
vn -0.1580 0.4801 -0.8629
vn -0.3699 0.8787 -0.3019
vn 0.7610 0.6070 -0.2289
vn 0.5859 0.7938 0.1629
vn 0.4780 0.8620 -0.1690
vn 0.6942 0.6908 -0.2020
vn 0.8209 0.4750 -0.3170
vn 0.8973 0.1918 -0.3975
vn 0.3291 0.4712 -0.8183
vn 0.1644 0.9746 -0.1523
vn 0.5840 0.8103 0.0478
vn 0.9360 0.2539 -0.2439
vn 0.8394 0.5423 0.0380
vn 0.7580 0.6512 0.0379
vn 0.7406 0.5620 0.3683
vn 0.9761 0.2129 -0.0444
vn 0.5565 0.6567 0.5089
vn 0.7675 0.5594 0.3131
vn 0.0660 0.8640 0.4992
vn 0.5071 0.7978 0.3260
vn 0.3381 0.9406 0.0319
vn 0.5699 0.8160 -0.0970
vn 0.6140 0.7849 -0.0835
vn 0.3135 0.1400 -0.9392
vn 0.2875 0.2608 -0.9216
vn 0.6760 0.1700 -0.7171
vn 0.6436 0.2060 -0.7371
vn 0.5680 0.4249 -0.7048
vn -0.1869 0.4601 -0.8680
vn 0.9306 0.1270 -0.3432
vn 0.8331 0.3281 -0.4453
vn 0.3348 0.5531 -0.7629
vn -0.1569 0.1828 -0.9705
vn 0.8223 0.4873 -0.2940
vn 0.9965 0.0293 0.0784
vn 0.9282 -0.3400 0.1511
vn 0.3428 -0.5158 0.7851
vn 0.5531 -0.5716 0.6061
vn 0.7909 -0.5641 0.2372
vn 0.9309 0.2272 0.2859
vn 0.6254 0.5370 -0.5662
vn 0.3522 0.3329 -0.8747
vn 0.8580 0.4493 -0.2488
vn 0.8928 0.0956 -0.4402
vn 0.9896 0.1360 0.0461
vn 0.9554 -0.2910 0.0511
vn 0.4661 0.8292 -0.3084
vn 0.5840 0.6711 -0.4567
vn 0.0832 0.3633 -0.9279
vn -0.0020 0.7051 -0.7091
vn 0.7329 0.5780 0.3589
vn 0.8161 0.4920 0.3031
vn 0.8302 0.1530 0.5361
vn 0.8470 0.0941 0.5231
vn -0.3591 -0.1871 -0.9143
vn 0.1452 0.3553 -0.9234
vn 0.0100 0.3551 -0.9348
vn -0.4498 -0.0249 -0.8928
vn 0.0819 0.1770 -0.9808
vn -0.2329 -0.2833 -0.9303
vn 0.1551 0.0799 -0.9847
vn -0.6608 -0.1530 -0.7348
vn -0.2611 -0.0070 -0.9653
vn 0.6601 0.6319 -0.4061
vn -0.6930 0.0080 -0.7209
vn -0.7822 -0.5062 -0.3631
vn -0.9145 -0.3292 -0.2350
vn -0.7979 0.1709 -0.5780
vn -0.4500 -0.2475 -0.8580
vn -0.5512 -0.6914 -0.4671
vn -0.7911 0.1679 -0.5882
vn -0.9557 -0.2720 -0.1129
vn -0.8296 -0.1130 -0.5468
vn -0.3451 0.2751 -0.8973
vn -0.6741 -0.4470 -0.5880
vn -0.5336 -0.6659 -0.5214
vn 0.5982 0.5401 -0.5920
vn -0.7987 0.1400 -0.5852
vn -0.3101 -0.0123 -0.9506
vn -0.3881 0.2061 -0.8983
vn -0.6069 0.1480 -0.7809
vn 0.3051 -0.4055 -0.8617
vn 0.6093 -0.1753 -0.7733
vn 0.8478 0.0710 -0.5256
vn 0.7061 -0.4532 -0.5441
vn -0.2400 -0.2382 -0.9411
vn 0.6239 0.0510 -0.7799
vn -0.0533 -0.6033 -0.7958
vn 0.5561 0.0418 -0.8301
vn 0.1999 0.3911 -0.8984
vn -0.1851 0.8843 -0.4286
vn 0.3961 0.1121 -0.9113
vn -0.4891 -0.1661 -0.8562
vn -0.8798 -0.1409 -0.4541
vn -0.5610 -0.4030 -0.7231
vn -0.7337 -0.0690 -0.6760
vn -0.9261 -0.2223 -0.3049
vn -0.8832 0.4500 -0.1319
vn -0.6372 -0.1539 -0.7552
vn 0.0980 -0.2349 -0.9671
vn -0.8700 0.4171 -0.2630
vn -0.2243 0.6388 -0.7359
vn 0.7850 0.2968 -0.5437
vn 0.5101 -0.4672 -0.7222
vn 0.1136 -0.5547 -0.8243
vn -0.0257 0.3839 -0.9230
vn -0.1381 -0.7332 -0.6659
vn -0.0049 0.9549 -0.2969
vn 0.7154 -0.6971 0.0474
vn 0.9478 -0.0749 0.3100
vn -0.2940 -0.5489 0.7825
vn -0.3719 -0.6559 0.6569
vn -0.3279 -0.6823 0.6534
vn 0.2948 -0.6232 0.7243
vn 0.5921 -0.7210 0.3599
vn 0.6176 -0.6699 0.4121
vn -0.7241 -0.4340 0.5360
vn -0.8450 -0.4000 0.3550
vn -0.6963 -0.6372 0.3304
vn -0.9786 -0.1818 -0.0962
vn -0.8027 -0.1687 -0.5721
vn -0.5470 -0.8129 0.2000
vn -0.9152 -0.4011 -0.0394
vn -0.4613 -0.8853 0.0582
vn -0.6923 -0.2292 0.6843
vn 0.0041 -0.7586 0.6516
vn -0.1446 -0.8420 0.5198
vn -0.4649 -0.8854 -0.0002
vn 0.0629 0.4059 0.9118
vn 0.4809 0.0319 0.8762
vn 0.6569 0.0556 0.7519
vn 0.3909 -0.5461 0.7409
vn 0.6628 0.2547 0.7041
vn 0.6033 0.1551 0.7823
vn 0.2159 -0.3909 0.8947
vn 0.3411 -0.2359 0.9099
vn -0.2599 -0.6773 0.6883
vn 0.5258 0.0567 0.8487
vn 0.8069 0.5279 0.2650
vn 0.6915 0.6657 0.2804
vn 0.7002 0.3500 -0.6223
vn -0.4476 0.7801 0.4372
vn 0.7418 0.1410 -0.6556
vn 0.4860 0.0422 -0.8729
vn 0.8173 0.5762 0.0080
vn 0.8291 0.3571 -0.4302
vn -0.3670 -0.0270 -0.9298
vn -0.1427 -0.1550 -0.9775
vn 0.8856 0.0853 -0.4565
vn 0.7018 -0.0906 -0.7066
vn 0.7109 -0.2170 -0.6690
vn 0.4801 -0.2681 -0.8352
vn 0.7390 0.6725 0.0401
vn 0.7614 0.2660 -0.5912
vn 0.5115 -0.3458 -0.7866
vn 0.1988 -0.2448 -0.9490
vn 0.6592 0.7313 -0.1753
vn 0.3890 0.3404 -0.8560
vn 0.6587 0.7479 -0.0826
vn 0.3988 0.2721 -0.8758
vn 0.8658 0.5002 0.0109
vn 0.6601 0.1100 -0.7431
vn 0.9103 0.4111 0.0480
vn 0.6322 -0.1103 -0.7669
vn -0.2453 0.9118 0.3292
vn 0.6412 0.6712 0.3720
vn 0.2952 0.3621 0.8842
vn 0.3892 0.5298 0.7535
vn 0.3377 0.4842 0.8072
vn 0.1259 0.2973 0.9465
vn 0.7789 0.3744 0.5032
vn 0.9652 -0.0700 -0.2520
vn 0.1029 -0.6699 -0.7353
vn 0.5088 -0.3059 -0.8047
vn 0.9644 0.0991 -0.2453
vn 0.5692 0.2571 0.7810
vn 0.8742 -0.4841 0.0375
vn -0.6640 -0.7070 -0.2434
vn -0.1028 0.1268 0.9866
vn -0.8801 0.3561 0.3141
vn -0.9856 0.1459 0.0850
vn 0.8866 -0.0740 -0.4566
vn 0.4835 -0.4073 -0.7748
vn 0.2169 -0.2738 -0.9370
vn 0.2321 0.9716 -0.0467
vn -0.1649 0.9217 0.3512
vn 0.4768 0.8788 -0.0178
vn -0.2332 0.9183 0.3199
vn -0.1130 0.9257 0.3609
vn 0.0341 0.9746 0.2212
vn -0.0041 0.9879 0.1551
vn 0.8217 0.5616 0.0973
vn 0.8008 0.5780 0.1570
vn 0.9410 0.3280 0.0830
vn 0.4751 0.8762 0.0810
vn 0.4561 0.8473 0.2721
vn 0.2509 0.8890 0.3829
vn -0.0868 0.8364 0.5412
vn 0.7998 0.5988 0.0430
vn 0.6712 0.7107 -0.2109
vn 0.8349 0.5379 -0.1169
vn 0.3798 0.8401 -0.3872
vn 0.1552 0.7672 -0.6223
vn 0.4629 0.7811 -0.4190
vn 0.6471 0.6610 -0.3800
vn -0.0060 -0.3210 -0.9471
vn -0.2250 -0.5214 -0.8231
vn -0.1441 -0.6112 -0.7782
vn 0.3771 -0.5911 -0.7130
vn -0.5990 -0.1930 0.7771
vn -0.5327 0.0550 0.8445
vn -0.8374 -0.5383 -0.0951
vn -0.7504 -0.6602 -0.0334
vn -0.3034 -0.1717 0.9373
vn -0.6135 -0.7802 -0.1223
vn -0.5556 -0.8210 -0.1315
vn -0.3069 -0.0881 0.9477
vn -0.3398 -0.5071 0.7921
vn -0.2271 -0.2823 0.9321
vn -0.1572 0.9047 0.3960
vn 0.6880 0.5911 0.4211
vn -0.1430 0.8840 0.4451
vn 0.7728 0.5246 0.3571
vn -0.2449 0.7825 0.5725
vn 0.7578 0.4560 0.4668
vn -0.9363 0.3449 0.0653
vn -0.9950 -0.0669 0.0738
vn -0.5061 0.7172 0.4790
vn 0.3028 0.6571 0.6903
vn 0.9129 0.0150 0.4079
vn 0.7919 0.4286 0.4350
vn 0.1270 0.7882 0.6022
vn -0.6211 0.5545 0.5539
vn 0.2711 0.2975 0.9154
vn 0.4919 -0.8650 0.0991
vn -0.9260 -0.3396 0.1646
vn 0.9559 -0.2291 0.1836
vn 0.9381 -0.3459 0.0166
vn 0.7799 0.0544 0.6236
vn -0.5392 -0.7395 -0.4030
vn -0.7687 -0.5516 -0.3239
vn 0.3479 -0.9250 -0.1530
vn 0.3172 -0.8834 -0.3450
vn -0.4811 -0.8542 0.1970
vn 0.2123 -0.9724 0.0964
vn -0.8776 -0.4139 0.2418
vn 0.5871 -0.8031 0.1020
vn 0.0631 -0.8212 0.5672
vn -0.6721 -0.7074 0.2189
vn 0.5230 0.3080 0.7947
vn -0.5341 -0.6579 0.5310
vn -0.7360 -0.6079 0.2979
vn -0.7583 -0.5122 0.4033
vn -0.0759 -0.4070 0.9103
vn 0.9582 0.2609 -0.1171
vn 0.4490 -0.1080 -0.8870
vn 0.9985 0.0288 -0.0476
vn 0.4080 -0.3280 -0.8520
vn 0.9796 -0.1930 0.0558
vn 0.4207 -0.5360 -0.7320
vn 0.9733 -0.2081 -0.0969
vn 0.3905 -0.4770 -0.7874
vn 0.9462 -0.3160 0.0698
vn 0.6633 0.2547 0.7037
vn 0.7905 0.1770 0.5864
vn 0.4428 0.2188 0.8695
vn 0.9144 -0.1279 0.3841
vn 0.5968 -0.7776 -0.1981
vn -0.4807 -0.6551 -0.5829
vn 0.0220 -0.6010 -0.7989
vn 0.7820 -0.4881 -0.3876
vn 0.6291 -0.1632 0.7600
vn 0.0579 -0.9468 0.3167
vn -0.9977 0.0599 -0.0321
vn -0.0083 0.3884 0.9214
vn -0.3930 -0.3830 -0.8360
vn -0.5529 -0.3098 -0.7735
vn -0.6472 -0.4031 -0.6471
vn 0.2760 -0.6269 -0.7286
vn -0.0948 0.4950 0.8637
vn -0.4199 0.2068 0.8837
vn -0.9685 0.2439 0.0496
vn -0.9856 -0.0373 0.1652
vn -0.1990 0.1690 0.9653
vn -0.9934 -0.0489 0.1040
vn -0.9843 -0.1682 -0.0539
vn -0.2631 0.1991 0.9440
vn -0.5650 -0.3959 0.7239
vn 0.9916 -0.0349 -0.1249
vn 0.3399 -0.3089 -0.8883
vn 0.9703 -0.1951 -0.1430
vn 0.2281 -0.4482 -0.8644
vn 0.8339 -0.5420 0.1039
vn 0.1981 -0.7812 -0.5920
vn 0.7721 -0.5660 0.2891
vn 0.1607 -0.8774 -0.4520
vn 0.8643 -0.4989 -0.0642
vn 0.7400 0.0700 0.6690
vn 0.6650 0.2272 0.7115
vn 0.5341 0.3206 0.7823
vn 0.7534 -0.3390 0.5634
vn 0.2728 -0.9527 0.1338
vn -0.5617 -0.7330 -0.3837
vn -0.1683 -0.8679 -0.4673
vn 0.4191 -0.9072 0.0372
vn 0.5509 -0.2411 0.7990
vn -0.4861 -0.4040 -0.7749
vn -0.6289 -0.3239 -0.7068
vn -0.6833 -0.3772 -0.6251
vn -0.2242 -0.6237 -0.7488
vn -0.2891 0.7771 0.5591
vn -0.0595 0.8169 0.5737
vn -0.7976 0.5741 -0.1850
vn -0.9049 0.3871 -0.1769
vn -0.1149 0.6038 0.7888
vn -0.9628 0.1450 -0.2280
vn -0.9930 0.1020 -0.0600
vn -0.1000 0.4001 0.9110
vn -0.6694 -0.3720 0.6431
vn -0.8845 -0.4012 -0.2380
vn -0.8882 -0.3079 0.3410
vn -0.9169 -0.2902 -0.2739
vn 0.9091 -0.3432 -0.2362
vn 0.2652 -0.2950 -0.9180
vn 0.7680 -0.6399 -0.0271
vn 0.0789 -0.7052 -0.7046
vn 0.4070 -0.9098 0.0810
vn -0.3480 -0.7606 -0.5480
vn 0.1759 -0.9216 0.3459
vn -0.5627 -0.7849 -0.2595
vn 0.7106 -0.6937 0.1172
vn 0.8102 -0.2740 0.5181
vn 0.7306 -0.2728 0.6259
vn 0.7402 -0.1100 0.6634
vn 0.2686 -0.6447 0.7157
vn -0.6022 -0.5870 0.5411
vn -0.9858 -0.0308 -0.1650
vn -0.9062 -0.3658 -0.2120
vn -0.4142 -0.8435 0.3420
vn 0.4329 -0.3334 0.8375
vn -0.6311 -0.1030 -0.7688
vn -0.7961 0.0870 -0.5989
vn -0.8208 0.2973 -0.4877
vn -0.5215 -0.2859 -0.8039
vn 0.8266 0.4978 0.2627
vn 0.6354 0.6089 0.4749
vn -0.0891 0.9472 -0.3081
vn 0.0279 0.9551 -0.2949
vn 0.6902 0.5475 0.4732
vn -0.6427 0.6938 -0.3249
vn -0.8301 0.5462 0.1119
vn 0.2761 0.0060 0.9611
vn -0.9525 -0.3042 0.0130
vn 0.9235 0.0190 -0.3831
vn 0.9846 0.0169 0.1739
vn 0.6054 0.2367 0.7599
vn 0.3341 0.5170 0.7881
vn 0.5000 0.5780 0.6449
vn 0.8028 0.4451 0.3968
vn 0.5931 0.4421 0.6729
vn 0.8351 -0.5500 -0.0146
vn 0.3978 0.0386 0.9167
vn 0.9337 -0.1486 0.3257
vn 0.9546 -0.1640 -0.2487
vn -0.7281 0.4101 -0.5492
vn 0.8597 0.5087 0.0474
vn 0.2740 0.7571 0.5930
vn 0.8499 0.5248 -0.0472
vn 0.8617 0.4818 0.1589
vn 0.3428 0.7368 0.5828
vn 0.7548 0.6392 -0.1472
vn 0.9233 0.3560 -0.1438
vn 0.9103 0.3229 -0.2590
vn 0.3180 0.8650 0.3881
vn 0.4479 -0.0526 -0.8925
vn 0.6209 -0.0568 -0.7818
vn 0.2690 -0.2430 -0.9320
vn 0.0660 -0.0809 -0.9945
vn -0.7002 -0.5071 -0.5025
vn -0.2505 -0.4792 -0.8412
vn -0.5308 0.8423 0.0931
vn -0.7284 0.3320 -0.5993
vn -0.8178 -0.0921 -0.5681
vn -0.8968 0.4058 0.1759
vn -0.7318 -0.4408 -0.5198
vn -0.9586 -0.0308 0.2830
vn -0.9868 -0.0816 0.1398
vn -0.7947 0.5847 0.1633
vn -0.4010 0.6139 0.6799
vn -0.4870 0.5429 0.6842
vn 0.8499 -0.4554 -0.2650
vn 0.5040 0.8630 0.0340
vn 0.7180 0.6510 -0.2462
vn 0.3169 0.9197 0.2319
vn 0.7609 0.6310 0.1510
vn 0.6278 0.6468 0.4329
vn 0.9219 0.3306 -0.2021
vn 0.5998 0.7543 -0.2671
vn 0.3951 0.8356 0.3818
vn 0.9511 -0.1699 0.2580
vn 0.6739 0.2340 0.7008
vn 0.5189 -0.8426 0.1443
vn 0.4729 0.2010 0.8579
vn 0.2130 0.1390 0.9671
vn 0.5702 -0.7722 0.2801
vn -0.0970 -0.1420 0.9851
vn 0.3538 -0.9246 0.1411
vn 0.1571 0.0190 0.9874
vn -0.3830 0.3312 0.8623
vn -0.5944 0.6523 0.4704
vn -0.7336 0.6378 0.2346
vn -0.9611 0.1870 0.2031
vn 0.8272 0.0266 0.5612
vn 0.7659 0.1959 0.6124
vn 0.3453 -0.6321 -0.6937
vn 0.7421 0.0653 0.6671
vn 0.0929 -0.9022 -0.4211
vn -0.3556 0.7414 0.5691
vn -0.1869 0.9220 0.3390
vn 0.0931 0.9956 -0.0121
vn -0.8638 0.4041 -0.3010
vn -0.6714 0.5661 -0.4783
vn -0.4028 0.4189 -0.8138
vn -0.4114 -0.0203 -0.9112
vn -0.4500 0.8813 -0.1440
vn -0.0458 -0.9101 -0.4118
vn 0.7469 0.2040 0.6329
vn 0.2680 0.6004 -0.7535
vn -0.4946 0.5348 0.6851
vn -0.2962 0.8267 0.4783
vn -0.8088 0.4948 0.3177
vn -0.2231 -0.9748 -0.0040
vn 0.0972 -0.7605 -0.6421
vn 0.5108 0.2053 -0.8348
vn -0.3429 -0.7519 -0.5630
vn 0.5910 -0.3328 -0.7349
vn 0.6795 -0.6582 -0.3241
vn -0.1210 -0.7309 0.6717
vn -0.4640 -0.7105 0.5290
vn -0.4951 -0.8654 -0.0774
vn -0.3828 -0.7827 -0.4908
vn -0.8823 -0.4701 0.0250
vn -0.3724 -0.5808 -0.7239
vn -0.3249 -0.5367 -0.7787
vn -0.9375 0.0511 -0.3442
vn 0.6564 -0.5820 -0.4800
vn 0.5250 -0.3491 -0.7762
vn 0.8559 -0.1070 -0.5060
vn 0.9513 0.1942 -0.2392
vn 0.9926 0.0657 -0.1018
vn -0.0062 -0.2060 -0.9785
vn -0.0329 -0.0901 -0.9954
vn 0.2730 -0.2389 -0.9319
vn 0.4791 0.6561 -0.5831
vn 0.2440 0.6670 -0.7040
vn 0.8042 0.5011 0.3197
vn 0.9776 -0.1948 -0.0793
vn -0.2182 -0.1878 0.9577
vn 0.3648 0.0799 0.9276
vn -0.1010 0.0720 0.9923
vn 0.7367 -0.5699 -0.3638
vn -0.1774 0.3663 0.9134
vn -0.2457 0.8410 -0.4820
vn -0.2556 0.6540 0.7120
vn -0.8380 0.2160 0.5010
vn 0.1162 0.8808 0.4591
vn 0.0111 0.1070 0.9942
vn -0.2680 0.1653 0.9491
vn -0.1072 -0.0491 0.9930
vn 0.8103 -0.2501 0.5300
vn -0.5030 -0.8590 0.0960
vn -0.6774 -0.5345 0.5054
vn -0.5721 0.3200 0.7552
vn -0.7870 -0.5581 0.2629
vn 0.6208 -0.5557 0.5529
vn 0.2660 -0.1240 0.9560
vn 0.8550 -0.5118 0.0833
vn -0.8290 -0.5079 0.2340
vn 0.3129 0.5379 0.7828
vn 0.3412 0.7221 0.6018
vn 0.5872 -0.2780 0.7602
vn 0.6879 -0.5381 -0.4870
vn 0.9364 -0.3268 0.1280
vn -0.3099 -0.8702 0.3830
vn 0.1091 -0.9933 0.0370
vn -0.0719 -0.9686 0.2379
vn -0.1770 -0.9809 -0.0801
vn -0.6537 0.4249 0.6262
vn -0.3560 0.7795 0.5154
vn -0.7317 0.4548 -0.5078
vn -0.5909 0.6432 -0.4869
vn -0.6787 0.5207 -0.5178
vn -0.8760 -0.4684 0.1154
vn -0.8299 0.4909 0.2650
vn -0.6063 0.3324 -0.7225
vn -0.8910 0.1570 0.4260
vn -0.9778 -0.2039 -0.0488
vn -0.6456 0.7636 -0.0029
vn -0.6770 0.5114 -0.5292
vn -0.9364 0.0911 -0.3389
vn -0.7141 0.1819 -0.6760
vn -0.7518 0.3218 -0.5755
vn -0.3981 0.7847 -0.4752
vn -0.2788 -0.4190 0.8641
vn -0.5346 0.1930 -0.8228
vn -0.7828 0.5348 -0.3180
vn -0.3862 0.5352 0.7513
vn -0.7779 0.3819 0.4990
vn 0.2652 0.3340 0.9045
vn 0.3880 -0.1622 0.9073
vn -0.8282 0.0960 0.5521
vn -0.6129 -0.1700 0.7716
vn -0.8326 0.0160 0.5537
vn -0.3879 0.5578 0.7337
vn -0.2077 0.9187 0.3359
vn -0.7402 0.6461 -0.1859
vn -0.4856 0.8489 0.2087
vn 0.2500 0.9159 0.3140
vn -0.5563 0.6884 -0.4655
vn -0.9928 -0.0441 0.1113
vn -0.6073 0.7894 -0.0898
vn -0.9141 -0.3941 -0.0960
vn -0.9898 -0.1241 -0.0699
vn -0.2070 0.7916 0.5750
vn 0.3152 0.9279 -0.1992
vn 0.4999 -0.0472 0.8648
vn -0.3181 0.7002 0.6392
vn -0.6827 -0.4772 0.5534
vn -0.7650 -0.6099 0.2069
vn -0.8682 -0.4959 -0.0140
vn -0.6034 -0.6541 -0.4562
vn -0.7575 0.5190 0.3960
vn -0.6459 0.5770 -0.4999
vn -0.4488 0.2002 -0.8709
vn -0.5660 0.1797 -0.8046
vn 0.0761 -0.8016 0.5930
vn -0.4860 -0.1720 -0.8569
vn -0.6270 0.1670 -0.7609
vn -0.8507 0.5218 0.0639
vn -0.5177 0.7504 -0.4110
vn -0.3150 0.8853 -0.3421
vn -0.7668 0.6408 0.0359
vn -0.9667 0.0027 -0.2560
vn -0.5020 0.4258 -0.7528
vn -0.0320 -0.0640 0.9974
vn -0.0521 0.3680 0.9284
vn -0.1770 -0.2130 0.9609
vn -0.3743 0.7943 -0.4785
vn -0.3692 0.8138 -0.4489
vn -0.5000 0.7970 -0.3390
vn -0.2352 -0.1113 0.9656
vn -0.4643 0.8400 0.2807
vn -0.5830 0.7445 -0.3254
vn -0.3358 0.3150 -0.8877
vn -0.4949 -0.1559 -0.8549
vn -0.2391 0.1492 -0.9595
vn -0.1858 0.3962 0.8992
vn 0.0229 0.7159 0.6978
vn 0.0520 -0.8695 -0.4912
vn -0.8013 0.5312 -0.2752
vn -0.7948 0.5921 -0.1332
vn -0.7613 0.1190 -0.6373
vn -0.7096 0.5966 -0.3748
vn -0.5410 0.8216 -0.1797
vn -0.6160 0.7042 0.3530
vn 0.1580 0.8063 0.5700
vn -0.7770 0.6225 -0.0932
vn -0.5998 0.3538 0.7177
vn -0.6488 0.2689 0.7119
vn -0.1051 0.3500 0.9309
vn -0.8201 0.5720 0.0160
vn 0.1749 0.7567 0.6299
vn -0.4128 0.0839 0.9069
vn 0.1001 0.6798 0.7265
vn -0.4359 0.7650 0.4740
vn -0.4051 0.9132 0.0450
vn -0.8200 0.3164 -0.4769
vn -0.8909 0.4507 -0.0566
vn -0.4568 0.8546 -0.2470
vn -0.6998 0.6709 -0.2452
vn 0.4164 0.6562 0.6293
vn -0.9685 0.1400 -0.2061
vn -0.8462 0.1504 -0.5112
vn -0.7661 -0.5601 -0.3153
vn 0.3491 0.0319 0.9365
vn -0.1661 -0.5402 -0.8250
vn -0.0857 0.4048 -0.9104
vn 0.8846 -0.3502 0.3080
vn 0.0280 -0.7833 -0.6210
vn -0.6115 0.7834 0.1111
vn -0.7552 0.6331 -0.1701
vn -0.2222 0.9049 -0.3630
vn -0.3539 0.9288 0.1100
vn -0.3227 0.6417 0.6957
vn -0.5020 0.8518 0.1500
vn -0.2090 0.9583 0.1949
vn -0.2616 0.9548 0.1412
vn -0.5240 0.7652 -0.3741
vn -0.3321 0.9153 -0.2281
vn -0.4239 0.8399 -0.3389
vn -0.2339 0.8414 0.4872
vn -0.7555 0.6054 0.2502
vn 0.1231 -0.9200 0.3720
vn 0.6538 -0.7550 0.0508
vn 0.5916 -0.4816 -0.6466
vn 0.5850 -0.3079 -0.7503
vn 0.8401 0.2709 -0.4700
vn -0.9496 -0.1557 -0.2721
vn -0.3901 0.5317 -0.7517
vn -0.4684 -0.1761 0.8658
vn -0.0922 0.0742 0.9930
vn -0.4817 -0.8088 -0.3373
vn 0.3900 -0.4940 -0.7771
vn 0.9159 -0.2741 0.2934
vn -0.1000 -0.8968 -0.4310
vn 0.9139 0.4047 0.0313
vn 0.9770 0.2131 0.0090
vn 0.7952 -0.2349 0.5590
vn 0.6024 0.5250 0.6012
vn 0.6900 0.7219 -0.0520
vn 0.9683 0.1470 0.2022
vn 0.9874 0.0350 0.1541
vn 0.9489 0.1790 0.2599
vn 0.8880 0.3333 0.3167
vn -0.1721 0.9141 0.3671
vn 0.2976 0.0490 0.9534
vn 0.5282 0.1799 0.8298
vn 0.4452 -0.0793 0.8919
vn -0.4879 -0.4879 0.7238
vn 0.7472 -0.6639 -0.0301
vn 0.9034 -0.3772 0.2041
vn 0.7063 0.4114 0.5761
vn 0.9307 -0.3608 -0.0610
vn -0.2330 -0.7260 0.6470
vn 0.1010 -0.2469 0.9638
vn -0.6262 -0.7021 0.3391
vn 0.9553 -0.2783 -0.1000
vn -0.4450 0.3858 0.8082
vn -0.3369 0.4289 0.8381
vn -0.1803 -0.6489 0.7392
vn -0.6082 -0.7866 -0.1065
vn -0.6993 -0.4543 0.5518
vn 0.4087 -0.8408 0.3549
vn -0.0581 -0.9944 0.0880
vn 0.0990 -0.9288 0.3570
vn 0.0290 -0.9985 0.0461
vn 0.7938 0.5312 0.2962
vn 0.6201 0.7671 0.1640
vn -0.1022 0.4620 -0.8810
vn -0.1162 0.6741 -0.7295
vn -0.0790 0.4970 -0.8641
vn 0.4612 -0.5182 -0.7203
vn -0.3330 0.3274 -0.8843
vn 0.6508 0.4120 -0.6377
vn 0.6081 0.4111 -0.6791
vn 0.5899 0.0300 -0.8069
vn -0.1759 0.8870 -0.4269
vn -0.5612 0.0840 -0.8234
vn -0.6051 0.3460 -0.7170
vn -0.4861 0.5961 -0.6391
vn 0.9609 0.1429 -0.2370
vn 0.8564 0.2379 0.4583
vn 0.9920 -0.0720 -0.1040
vn 0.4000 0.9148 0.0560
vn 0.8293 0.5479 -0.1104
vn 0.1188 0.3761 -0.9190
vn 0.4619 0.8456 -0.2676
vn 0.0439 0.9796 0.1960
vn -0.3449 0.4422 -0.8280
vn 0.5559 0.3690 -0.7449
vn 0.4838 0.0208 -0.8749
vn -0.3487 0.8194 -0.4549
vn 0.6839 0.2132 -0.6977
vn 0.4470 0.8931 -0.0510
vn -0.4472 0.8942 0.0200
vn 0.8003 -0.4687 -0.3740
vn 0.6119 -0.5957 -0.5203
vn 0.4309 -0.4199 -0.7988
vn -0.0670 -0.6326 -0.7716
vn 0.6012 0.5833 -0.5461
vn -0.3093 0.5408 -0.7822
vn -0.6142 0.1621 -0.7723
vn -0.4975 0.1320 -0.8574
vn 0.8777 -0.2189 -0.4262
vn -0.4222 0.1950 -0.8853
vn -0.0773 0.8650 -0.4958
vn -0.2821 0.7832 -0.5541
vn 0.2412 0.7823 -0.5742
vn 0.2018 0.1609 -0.9661
vn 0.5899 0.7758 0.2240
vn -0.3545 0.8222 -0.4453
vn -0.2130 0.8346 -0.5080
vn 0.6445 0.6754 -0.3584
vn 0.4300 0.7697 -0.4719
vn -0.2048 0.8018 -0.5615
vn -0.7041 0.2623 -0.6599
vn -0.5149 -0.1120 -0.8499
vn -0.2168 0.6514 -0.7271
vn 0.8182 0.4491 -0.3590
vn 0.8458 0.3328 -0.4169
vn 0.3470 -0.3721 -0.8609
vn 0.5021 0.8582 -0.1069
vn 0.9391 0.2060 -0.2751
vn 0.5751 0.4062 -0.7102
vn -0.0712 0.8845 -0.4611
vn -0.1510 0.6850 -0.7128
vn 0.4071 0.8722 -0.2711
vn 0.2322 0.8932 0.3851
vn 0.0881 0.7891 -0.6080
vn 0.7835 0.6140 0.0956
vn 0.8370 0.5079 -0.2038
vn 0.7849 0.4909 0.3780
vn -0.1441 0.9081 -0.3931
vn 0.2361 0.8597 0.4529
vn 0.9063 0.2980 0.2998
vn 0.9332 0.2051 0.2950
vn 0.4324 0.9001 -0.0536
vn -0.3550 0.9262 -0.1269
vn -0.2424 0.6719 -0.6998
vn -0.1521 0.8633 -0.4812
vn -0.0530 0.8970 -0.4389
vn 0.3971 0.8363 -0.3781
vn 0.9326 -0.1689 0.3191
vn -0.3971 0.2881 -0.8714
vn -0.5074 0.4767 -0.7179
vn -0.6039 -0.0879 -0.7922
vn -0.6239 -0.4810 -0.6159
vn -0.8406 0.3252 -0.4332
vn 0.9397 -0.2809 -0.1950
vn -0.9124 -0.2760 0.3022
vn 0.3281 0.9429 -0.0571
vn 0.4008 0.8502 -0.3413
vn -0.1962 0.9498 0.2438
vn 0.7112 0.6922 0.1231
vn 0.3248 0.9443 -0.0519
vn 0.4923 0.8701 0.0241
vn 0.0451 0.9801 0.1933
vn 0.2200 0.9042 0.3662
vn 0.2231 0.9692 -0.1040
vn 0.2061 0.9703 0.1270
vn 0.1341 0.9824 -0.1300
vn -0.0599 0.9847 0.1638
vn 0.2921 0.8521 0.4342
vn -0.1227 -0.8064 0.5785
vn -0.3191 -0.6055 0.7291
vn -0.6359 -0.2371 0.7344
vn -0.7338 -0.1059 0.6711
vn -0.2640 0.7398 0.6188
vn 0.8901 0.3611 -0.2779
vn 0.1157 0.6956 -0.7090
vn 0.8921 -0.3860 -0.2350
vn 0.0433 -0.5631 -0.8253
vn -0.6359 -0.7509 0.1781
vn -0.1100 -0.5951 -0.7961
vt 0.644000 0.154000
vt 0.632000 0.188000
vt 0.640000 0.183000
vt 0.656000 0.168000
vt 0.643000 0.221000
vt 0.656000 0.202000
vt 0.639000 0.194000
vt 0.621000 0.228000
vt 0.586000 0.119000
vt 0.562000 0.130000
vt 0.578000 0.188000
vt 0.615000 0.158000
vt 0.614000 0.081000
vt 0.644000 0.095000
vt 0.695000 0.188000
vt 0.671000 0.180000
vt 0.673000 0.195000
vt 0.684000 0.201000
vt 0.647000 0.189000
vt 0.595000 0.214000
vt 0.703000 0.208000
vt 0.713000 0.199000
vt 0.719000 0.214000
vt 0.724000 0.204000
vt 0.715000 0.196000
vt 0.728000 0.196000
vt 0.735000 0.206000
vt 0.734000 0.198000
vt 0.734000 0.218000
vt 0.730000 0.165000
vt 0.731000 0.189000
vt 0.734000 0.188000
vt 0.733000 0.162000
vt 0.734000 0.227000
vt 0.716000 0.218000
vt 0.703000 0.212000
vt 0.717000 0.236000
vt 0.702000 0.230000
vt 0.694000 0.221000
vt 0.697000 0.257000
vt 0.682000 0.239000
vt 0.673000 0.225000
vt 0.734000 0.260000
vt 0.710000 0.276000
vt 0.637000 0.273000
vt 0.598000 0.264000
vt 0.659000 0.309000
vt 0.704000 0.152000
vt 0.706000 0.125000
vt 0.682000 0.130000
vt 0.677000 0.154000
vt 0.719000 0.150000
vt 0.733000 0.122000
vt 0.703000 0.187000
vt 0.703000 0.177000
vt 0.699000 0.172000
vt 0.707000 0.175000
vt 0.711000 0.186000
vt 0.717000 0.188000
vt 0.706000 0.173000
vt 0.717000 0.161000
vt 0.730000 0.159000
vt 0.624000 0.324000
vt 0.578000 0.291000
vt 0.734000 0.303000
vt 0.700000 0.310000
vt 0.715000 0.317000
vt 0.673000 0.210000
vt 0.692000 0.216000
vt 0.691000 0.211000
vt 0.641000 0.070000
vt 0.662000 0.081000
vt 0.676000 0.098000
vt 0.705000 0.093000
vt 0.733000 0.096000
vt 0.686000 0.077000
vt 0.704000 0.073000
vt 0.733000 0.077000
vt 0.711000 0.057000
vt 0.697000 0.054000
vt 0.661000 0.057000
vt 0.682000 0.060000
vt 0.674000 0.039000
vt 0.670000 0.043000
vt 0.694000 0.044000
vt 0.719000 0.033000
vt 0.711000 0.023000
vt 0.733000 0.053000
vt 0.734000 0.032000
vt 0.275000 0.976000
vt 0.271000 0.991000
vt 0.241000 0.990000
vt 0.236000 0.970000
vt 0.325000 0.976000
vt 0.322000 0.987000
vt 0.299000 0.955000
vt 0.305000 0.955000
vt 0.302000 0.969000
vt 0.339000 0.984000
vt 0.336000 0.990000
vt 0.733000 0.014000
vt 0.727000 0.011000
vt 0.298000 0.668000
vt 0.321000 0.707000
vt 0.332000 0.693000
vt 0.323000 0.665000
vt 0.339000 0.678000
vt 0.337000 0.640000
vt 0.307000 0.634000
vt 0.288000 0.655000
vt 0.352000 0.621000
vt 0.352000 0.584000
vt 0.333000 0.597000
vt 0.320000 0.616000
vt 0.597000 0.747000
vt 0.621000 0.733000
vt 0.638000 0.776000
vt 0.611000 0.783000
vt 0.648000 0.761000
vt 0.645000 0.778000
vt 0.644000 0.754000
vt 0.579000 0.752000
vt 0.590000 0.787000
vt 0.542000 0.754000
vt 0.556000 0.791000
vt 0.606000 0.693000
vt 0.634000 0.678000
vt 0.643000 0.715000
vt 0.572000 0.710000
vt 0.571000 0.695000
vt 0.593000 0.685000
vt 0.563000 0.668000
vt 0.566000 0.684000
vt 0.561000 0.686000
vt 0.553000 0.670000
vt 0.547000 0.707000
vt 0.554000 0.695000
vt 0.541000 0.682000
vt 0.525000 0.688000
vt 0.556000 0.654000
vt 0.569000 0.652000
vt 0.576000 0.668000
vt 0.603000 0.655000
vt 0.586000 0.664000
vt 0.585000 0.658000
vt 0.595000 0.649000
vt 0.577000 0.651000
vt 0.586000 0.642000
vt 0.577000 0.645000
vt 0.570000 0.634000
vt 0.582000 0.634000
vt 0.563000 0.651000
vt 0.557000 0.631000
vt 0.521000 0.674000
vt 0.533000 0.670000
vt 0.588000 0.624000
vt 0.564000 0.611000
vt 0.609000 0.620000
vt 0.597000 0.626000
vt 0.454000 0.857000
vt 0.462000 0.834000
vt 0.497000 0.846000
vt 0.485000 0.886000
vt 0.525000 0.846000
vt 0.518000 0.777000
vt 0.563000 0.844000
vt 0.645000 0.790000
vt 0.643000 0.805000
vt 0.636000 0.805000
vt 0.640000 0.813000
vt 0.650000 0.809000
vt 0.644000 0.817000
vt 0.653000 0.790000
vt 0.657000 0.776000
vt 0.654000 0.769000
vt 0.467000 0.802000
vt 0.470000 0.774000
vt 0.499000 0.775000
vt 0.498000 0.818000
vt 0.661000 0.741000
vt 0.651000 0.753000
vt 0.517000 0.713000
vt 0.544000 0.728000
vt 0.512000 0.735000
vt 0.499000 0.707000
vt 0.386000 0.562000
vt 0.424000 0.552000
vt 0.411000 0.596000
vt 0.388000 0.597000
vt 0.423000 0.813000
vt 0.431000 0.768000
vt 0.441000 0.742000
vt 0.449000 0.721000
vt 0.460000 0.745000
vt 0.456000 0.760000
vt 0.408000 0.746000
vt 0.413000 0.734000
vt 0.667000 0.706000
vt 0.670000 0.722000
vt 0.430000 0.709000
vt 0.397000 0.522000
vt 0.389000 0.523000
vt 0.387000 0.496000
vt 0.395000 0.491000
vt 0.389000 0.442000
vt 0.409000 0.461000
vt 0.384000 0.469000
vt 0.367000 0.448000
vt 0.457000 0.478000
vt 0.437000 0.450000
vt 0.453000 0.440000
vt 0.468000 0.464000
vt 0.445000 0.513000
vt 0.425000 0.499000
vt 0.477000 0.499000
vt 0.495000 0.484000
vt 0.497000 0.445000
vt 0.510000 0.452000
vt 0.423000 0.527000
vt 0.462000 0.528000
vt 0.474000 0.542000
vt 0.445000 0.562000
vt 0.367000 0.420000
vt 0.334000 0.432000
vt 0.351000 0.404000
vt 0.323000 0.418000
vt 0.422000 0.427000
vt 0.395000 0.403000
vt 0.474000 0.760000
vt 0.493000 0.756000
vt 0.379000 0.470000
vt 0.447000 0.388000
vt 0.448000 0.419000
vt 0.485000 0.401000
vt 0.480000 0.420000
vt 0.478000 0.587000
vt 0.496000 0.568000
vt 0.486000 0.600000
vt 0.515000 0.584000
vt 0.395000 0.801000
vt 0.678000 0.800000
vt 0.660000 0.758000
vt 0.688000 0.779000
vt 0.706000 0.767000
vt 0.467000 0.627000
vt 0.501000 0.611000
vt 0.487000 0.631000
vt 0.538000 0.562000
vt 0.550000 0.583000
vt 0.528000 0.603000
vt 0.513000 0.398000
vt 0.523000 0.406000
vt 0.502000 0.418000
vt 0.496000 0.414000
vt 0.521000 0.549000
vt 0.508000 0.511000
vt 0.486000 0.431000
vt 0.506000 0.432000
vt 0.527000 0.421000
vt 0.545000 0.559000
vt 0.584000 0.532000
vt 0.583000 0.550000
vt 0.551000 0.566000
vt 0.612000 0.550000
vt 0.598000 0.562000
vt 0.589000 0.564000
vt 0.594000 0.551000
vt 0.598000 0.537000
vt 0.611000 0.577000
vt 0.610000 0.570000
vt 0.619000 0.561000
vt 0.617000 0.570000
vt 0.589000 0.577000
vt 0.629000 0.566000
vt 0.625000 0.558000
vt 0.632000 0.555000
vt 0.632000 0.565000
vt 0.620000 0.536000
vt 0.576000 0.387000
vt 0.605000 0.396000
vt 0.603000 0.416000
vt 0.574000 0.413000
vt 0.609000 0.439000
vt 0.570000 0.439000
vt 0.620000 0.466000
vt 0.572000 0.467000
vt 0.572000 0.490000
vt 0.623000 0.493000
vt 0.538000 0.492000
vt 0.531000 0.463000
vt 0.555000 0.509000
vt 0.623000 0.515000
vt 0.627000 0.419000
vt 0.647000 0.429000
vt 0.524000 0.437000
vt 0.521000 0.356000
vt 0.554000 0.364000
vt 0.662000 0.494000
vt 0.661000 0.511000
vt 0.681000 0.501000
vt 0.680000 0.507000
vt 0.752000 0.685000
vt 0.738000 0.692000
vt 0.731000 0.679000
vt 0.746000 0.673000
vt 0.726000 0.671000
vt 0.742000 0.665000
vt 0.721000 0.659000
vt 0.737000 0.654000
vt 0.716000 0.649000
vt 0.733000 0.642000
vt 0.720000 0.620000
vt 0.711000 0.625000
vt 0.705000 0.612000
vt 0.710000 0.605000
vt 0.700000 0.603000
vt 0.703000 0.601000
vt 0.699000 0.629000
vt 0.694000 0.612000
vt 0.695000 0.604000
vt 0.713000 0.676000
vt 0.698000 0.655000
vt 0.749000 0.652000
vt 0.756000 0.664000
vt 0.681000 0.514000
vt 0.665000 0.524000
vt 0.766000 0.677000
vt 0.684000 0.487000
vt 0.694000 0.494000
vt 0.717000 0.692000
vt 0.748000 0.630000
vt 0.766000 0.647000
vt 0.722000 0.614000
vt 0.733000 0.611000
vt 0.778000 0.662000
vt 0.695000 0.631000
vt 0.690000 0.637000
vt 0.678000 0.661000
vt 0.674000 0.640000
vt 0.747000 0.602000
vt 0.762000 0.619000
vt 0.720000 0.599000
vt 0.733000 0.598000
vt 0.677000 0.627000
vt 0.686000 0.617000
vt 0.718000 0.610000
vt 0.711000 0.598000
vt 0.695000 0.626000
vt 0.688000 0.610000
vt 0.696000 0.597000
vt 0.414000 0.480000
vt 0.360000 0.450000
vt 0.331000 0.436000
vt 0.652000 0.454000
vt 0.698000 0.676000
vt 0.682000 0.679000
vt 0.773000 0.634000
vt 0.695000 0.697000
vt 0.679000 0.699000
vt 0.793000 0.639000
vt 0.788000 0.651000
vt 0.861000 0.723000
vt 0.883000 0.735000
vt 0.863000 0.747000
vt 0.848000 0.731000
vt 0.845000 0.726000
vt 0.855000 0.720000
vt 0.840000 0.719000
vt 0.848000 0.713000
vt 0.833000 0.714000
vt 0.844000 0.708000
vt 0.826000 0.685000
vt 0.820000 0.689000
vt 0.810000 0.676000
vt 0.816000 0.672000
vt 0.813000 0.691000
vt 0.801000 0.679000
vt 0.831000 0.733000
vt 0.823000 0.719000
vt 0.835000 0.680000
vt 0.855000 0.694000
vt 0.859000 0.711000
vt 0.864000 0.716000
vt 0.869000 0.703000
vt 0.808000 0.696000
vt 0.809000 0.722000
vt 0.794000 0.706000
vt 0.848000 0.669000
vt 0.862000 0.685000
vt 0.825000 0.666000
vt 0.824000 0.676000
vt 0.816000 0.666000
vt 0.803000 0.685000
vt 0.795000 0.684000
vt 0.796000 0.678000
vt 0.817000 0.738000
vt 0.876000 0.697000
vt 0.668000 0.471000
vt 0.672000 0.442000
vt 0.691000 0.461000
vt 0.848000 0.762000
vt 0.629000 0.397000
vt 0.644000 0.401000
vt 0.741000 0.427000
vt 0.741000 0.443000
vt 0.718000 0.446000
vt 0.721000 0.422000
vt 0.746000 0.415000
vt 0.733000 0.401000
vt 0.699000 0.454000
vt 0.702000 0.418000
vt 0.711000 0.392000
vt 0.675000 0.413000
vt 0.679000 0.396000
vt 0.840000 0.774000
vt 0.817000 0.772000
vt 0.659000 0.538000
vt 0.651000 0.559000
vt 0.648000 0.573000
vt 0.693000 0.558000
vt 0.679000 0.577000
vt 0.668000 0.560000
vt 0.684000 0.544000
vt 0.685000 0.525000
vt 0.686000 0.533000
vt 0.913000 0.704000
vt 0.887000 0.717000
vt 0.628000 0.574000
vt 0.623000 0.597000
vt 0.610000 0.598000
vt 0.591000 0.597000
vt 0.711000 0.753000
vt 0.725000 0.749000
vt 0.736000 0.760000
vt 0.723000 0.763000
vt 0.737000 0.743000
vt 0.747000 0.754000
vt 0.742000 0.740000
vt 0.752000 0.751000
vt 0.788000 0.725000
vt 0.774000 0.734000
vt 0.769000 0.729000
vt 0.786000 0.720000
vt 0.780000 0.738000
vt 0.794000 0.729000
vt 0.747000 0.772000
vt 0.762000 0.763000
vt 0.734000 0.726000
vt 0.762000 0.715000
vt 0.724000 0.741000
vt 0.726000 0.729000
vt 0.785000 0.751000
vt 0.790000 0.765000
vt 0.771000 0.773000
vt 0.734000 0.713000
vt 0.751000 0.704000
vt 0.779000 0.713000
vt 0.787000 0.716000
vt 0.773000 0.720000
vt 0.799000 0.731000
vt 0.798000 0.739000
vt 0.787000 0.741000
vt 0.762000 0.775000
vt 0.726000 0.715000
vt 0.757000 0.794000
vt 0.740000 0.793000
vt 0.703000 0.714000
vt 0.700000 0.733000
vt 0.022000 0.649000
vt 0.019000 0.619000
vt 0.014000 0.626000
vt 0.017000 0.652000
vt 0.006000 0.626000
vt 0.006000 0.652000
vt 0.006000 0.694000
vt 0.029000 0.699000
vt 0.033000 0.697000
vt 0.659000 0.833000
vt 0.646000 0.821000
vt 0.049000 0.730000
vt 0.057000 0.726000
vt 0.006000 0.734000
vt 0.638000 0.852000
vt 0.628000 0.839000
vt 0.636000 0.824000
vt 0.615000 0.835000
vt 0.630000 0.817000
vt 0.013000 0.588000
vt 0.006000 0.588000
vt 0.017000 0.588000
vt 0.022000 0.546000
vt 0.006000 0.532000
vt 0.203000 0.940000
vt 0.213000 0.950000
vt 0.264000 0.917000
vt 0.225000 0.894000
vt 0.281000 0.893000
vt 0.238000 0.881000
vt 0.291000 0.865000
vt 0.255000 0.859000
vt 0.289000 0.825000
vt 0.261000 0.832000
vt 0.268000 0.756000
vt 0.236000 0.767000
vt 0.226000 0.700000
vt 0.203000 0.715000
vt 0.183000 0.647000
vt 0.165000 0.659000
vt 0.146000 0.581000
vt 0.126000 0.574000
vt 0.121000 0.528000
vt 0.116000 0.525000
vt 0.328000 0.815000
vt 0.314000 0.767000
vt 0.295000 0.734000
vt 0.249000 0.684000
vt 0.201000 0.637000
vt 0.158000 0.579000
vt 0.123000 0.522000
vt 0.322000 0.855000
vt 0.338000 0.844000
vt 0.363000 0.821000
vt 0.330000 0.862000
vt 0.340000 0.851000
vt 0.319000 0.881000
vt 0.330000 0.878000
vt 0.325000 0.888000
vt 0.320000 0.900000
vt 0.333000 0.900000
vt 0.342000 0.894000
vt 0.353000 0.802000
vt 0.368000 0.799000
vt 0.368000 0.783000
vt 0.364000 0.783000
vt 0.355000 0.777000
vt 0.340000 0.792000
vt 0.377000 0.783000
vt 0.369000 0.773000
vt 0.381000 0.805000
vt 0.374000 0.796000
vt 0.368000 0.782000
vt 0.314000 0.932000
vt 0.364000 0.837000
vt 0.349000 0.852000
vt 0.374000 0.850000
vt 0.376000 0.877000
vt 0.370000 0.877000
vt 0.374000 0.890000
vt 0.380000 0.880000
vt 0.343000 0.876000
vt 0.385000 0.850000
vt 0.389000 0.841000
vt 0.373000 0.840000
vt 0.379000 0.858000
vt 0.385000 0.871000
vt 0.345000 0.913000
vt 0.398000 0.846000
vt 0.404000 0.867000
vt 0.385000 0.891000
vt 0.386000 0.908000
vt 0.411000 0.901000
vt 0.409000 0.889000
vt 0.315000 0.721000
vt 0.262000 0.675000
vt 0.211000 0.632000
vt 0.163000 0.577000
vt 0.335000 0.781000
vt 0.347000 0.772000
vt 0.372000 0.918000
vt 0.335000 0.938000
vt 0.372000 0.939000
vt 0.385000 0.932000
vt 0.381000 0.927000
vt 0.392000 0.922000
vt 0.419000 0.914000
vt 0.006000 0.768000
vt 0.043000 0.760000
vt 0.046000 0.742000
vt 0.042000 0.774000
vt 0.056000 0.776000
vt 0.056000 0.763000
vt 0.049000 0.797000
vt 0.060000 0.798000
vt 0.564000 0.899000
vt 0.556000 0.895000
vt 0.545000 0.910000
vt 0.540000 0.908000
vt 0.534000 0.892000
vt 0.535000 0.915000
vt 0.553000 0.926000
vt 0.533000 0.931000
vt 0.524000 0.931000
vt 0.601000 0.873000
vt 0.605000 0.872000
vt 0.612000 0.875000
vt 0.606000 0.880000
vt 0.006000 0.921000
vt 0.042000 0.914000
vt 0.035000 0.886000
vt 0.006000 0.890000
vt 0.048000 0.804000
vt 0.046000 0.816000
vt 0.055000 0.821000
vt 0.064000 0.840000
vt 0.044000 0.821000
vt 0.052000 0.847000
vt 0.040000 0.795000
vt 0.379000 0.374000
vt 0.397000 0.365000
vt 0.417000 0.331000
vt 0.395000 0.331000
vt 0.369000 0.339000
vt 0.357000 0.348000
vt 0.416000 0.362000
vt 0.432000 0.356000
vt 0.118000 0.199000
vt 0.138000 0.210000
vt 0.133000 0.232000
vt 0.098000 0.201000
vt 0.390000 0.287000
vt 0.399000 0.237000
vt 0.379000 0.242000
vt 0.374000 0.298000
vt 0.392000 0.203000
vt 0.375000 0.199000
vt 0.364000 0.236000
vt 0.393000 0.185000
vt 0.379000 0.181000
vt 0.519000 0.123000
vt 0.504000 0.133000
vt 0.498000 0.157000
vt 0.531000 0.162000
vt 0.413000 0.942000
vt 0.438000 0.941000
vt 0.384000 0.962000
vt 0.412000 0.962000
vt 0.395000 0.939000
vt 0.395000 0.986000
vt 0.376000 0.973000
vt 0.498000 0.055000
vt 0.491000 0.083000
vt 0.506000 0.088000
vt 0.521000 0.069000
vt 0.355000 0.382000
vt 0.370000 0.379000
vt 0.083000 0.929000
vt 0.109000 0.962000
vt 0.117000 0.953000
vt 0.098000 0.934000
vt 0.092000 0.923000
vt 0.094000 0.928000
vt 0.097000 0.920000
vt 0.118000 0.942000
vt 0.078000 0.901000
vt 0.085000 0.881000
vt 0.078000 0.890000
vt 0.069000 0.885000
vt 0.470000 0.350000
vt 0.466000 0.318000
vt 0.548000 0.208000
vt 0.562000 0.190000
vt 0.544000 0.158000
vt 0.569000 0.217000
vt 0.573000 0.203000
vt 0.803000 0.618000
vt 0.802000 0.627000
vt 0.809000 0.631000
vt 0.817000 0.623000
vt 0.786000 0.610000
vt 0.838000 0.598000
vt 0.835000 0.588000
vt 0.846000 0.608000
vt 0.890000 0.638000
vt 0.911000 0.637000
vt 0.920000 0.588000
vt 0.911000 0.586000
vt 0.887000 0.576000
vt 0.882000 0.567000
vt 0.925000 0.574000
vt 0.916000 0.572000
vt 0.900000 0.564000
vt 0.896000 0.558000
vt 0.925000 0.564000
vt 0.918000 0.564000
vt 0.911000 0.558000
vt 0.907000 0.552000
vt 0.902000 0.583000
vt 0.877000 0.626000
vt 0.853000 0.614000
vt 0.895000 0.580000
vt 0.914000 0.561000
vt 0.909000 0.569000
vt 0.905000 0.567000
vt 0.865000 0.619000
vt 0.828000 0.632000
vt 0.858000 0.642000
vt 0.858000 0.656000
vt 0.870000 0.675000
vt 0.936000 0.481000
vt 0.900000 0.508000
vt 0.913000 0.530000
vt 0.936000 0.499000
vt 0.902000 0.477000
vt 0.867000 0.503000
vt 0.797000 0.433000
vt 0.770000 0.443000
vt 0.760000 0.479000
vt 0.778000 0.485000
vt 0.799000 0.492000
vt 0.813000 0.454000
vt 0.847000 0.519000
vt 0.855000 0.482000
vt 0.830000 0.513000
vt 0.819000 0.504000
vt 0.829000 0.478000
vt 0.872000 0.434000
vt 0.868000 0.411000
vt 0.821000 0.436000
vt 0.846000 0.450000
vt 0.821000 0.456000
vt 0.840000 0.463000
vt 0.831000 0.472000
vt 0.843000 0.479000
vt 0.867000 0.459000
vt 0.878000 0.473000
vt 0.319000 0.117000
vt 0.330000 0.095000
vt 0.337000 0.110000
vt 0.328000 0.119000
vt 0.858000 0.530000
vt 0.753000 0.522000
vt 0.765000 0.522000
vt 0.808000 0.551000
vt 0.824000 0.558000
vt 0.783000 0.530000
vt 0.796000 0.539000
vt 0.805000 0.543000
vt 0.875000 0.545000
vt 0.831000 0.568000
vt 0.795000 0.572000
vt 0.805000 0.583000
vt 0.755000 0.549000
vt 0.766000 0.559000
vt 0.784000 0.565000
vt 0.775000 0.562000
vt 0.750000 0.584000
vt 0.756000 0.582000
vt 0.767000 0.589000
vt 0.769000 0.593000
vt 0.762000 0.582000
vt 0.810000 0.388000
vt 0.798000 0.378000
vt 0.782000 0.420000
vt 0.961000 0.985000
vt 0.947000 0.980000
vt 0.959000 0.938000
vt 0.972000 0.944000
vt 0.918000 0.921000
vt 0.908000 0.902000
vt 0.933000 0.899000
vt 0.941000 0.918000
vt 0.928000 0.961000
vt 0.923000 0.942000
vt 0.973000 0.905000
vt 0.977000 0.906000
vt 0.965000 0.892000
vt 0.967000 0.898000
vt 0.006000 0.949000
vt 0.063000 0.948000
vt 0.070000 0.868000
vt 0.006000 0.853000
vt 0.293000 0.111000
vt 0.304000 0.108000
vt 0.303000 0.115000
vt 0.290000 0.118000
vt 0.282000 0.106000
vt 0.277000 0.108000
vt 0.947000 0.645000
vt 0.960000 0.631000
vt 0.953000 0.621000
vt 0.932000 0.645000
vt 0.845000 0.391000
vt 0.267000 0.092000
vt 0.292000 0.099000
vt 0.278000 0.102000
vt 0.267000 0.100000
vt 0.299000 0.045000
vt 0.307000 0.058000
vt 0.279000 0.070000
vt 0.269000 0.058000
vt 0.288000 0.029000
vt 0.266000 0.039000
vt 0.257000 0.025000
vt 0.277000 0.011000
vt 0.251000 0.125000
vt 0.263000 0.135000
vt 0.256000 0.138000
vt 0.243000 0.124000
vt 0.230000 0.042000
vt 0.255000 0.047000
vt 0.256000 0.045000
vt 0.234000 0.058000
vt 0.257000 0.085000
vt 0.257000 0.098000
vt 0.231000 0.101000
vt 0.223000 0.076000
vt 0.190000 0.114000
vt 0.181000 0.094000
vt 0.209000 0.129000
vt 0.229000 0.128000
vt 0.210000 0.144000
vt 0.228000 0.141000
vt 0.266000 0.150000
vt 0.244000 0.144000
vt 0.265000 0.144000
vt 0.284000 0.252000
vt 0.251000 0.260000
vt 0.258000 0.236000
vt 0.289000 0.230000
vt 0.280000 0.276000
vt 0.250000 0.284000
vt 0.212000 0.270000
vt 0.223000 0.288000
vt 0.279000 0.290000
vt 0.255000 0.308000
vt 0.223000 0.310000
vt 0.199000 0.303000
vt 0.185000 0.262000
vt 0.177000 0.311000
vt 0.165000 0.278000
vt 0.209000 0.343000
vt 0.186000 0.346000
vt 0.267000 0.205000
vt 0.295000 0.211000
vt 0.234000 0.239000
vt 0.240000 0.197000
vt 0.199000 0.238000
vt 0.205000 0.202000
vt 0.235000 0.351000
vt 0.248000 0.349000
vt 0.251000 0.386000
vt 0.229000 0.388000
vt 0.216000 0.364000
vt 0.209000 0.388000
vt 0.197000 0.355000
vt 0.188000 0.357000
vt 0.269000 0.410000
vt 0.266000 0.431000
vt 0.255000 0.433000
vt 0.248000 0.409000
vt 0.268000 0.445000
vt 0.260000 0.447000
vt 0.275000 0.448000
vt 0.261000 0.453000
vt 0.267000 0.381000
vt 0.228000 0.413000
vt 0.286000 0.352000
vt 0.285000 0.344000
vt 0.295000 0.345000
vt 0.293000 0.354000
vt 0.280000 0.372000
vt 0.290000 0.376000
vt 0.286000 0.331000
vt 0.282000 0.312000
vt 0.304000 0.315000
vt 0.298000 0.334000
vt 0.274000 0.431000
vt 0.282000 0.412000
vt 0.241000 0.445000
vt 0.298000 0.284000
vt 0.310000 0.258000
vt 0.329000 0.212000
vt 0.320000 0.234000
vt 0.475000 0.201000
vt 0.465000 0.241000
vt 0.481000 0.242000
vt 0.481000 0.203000
vt 0.493000 0.218000
vt 0.488000 0.201000
vt 0.367000 0.022000
vt 0.384000 0.023000
vt 0.387000 0.049000
vt 0.375000 0.047000
vt 0.410000 0.055000
vt 0.392000 0.072000
vt 0.389000 0.068000
vt 0.384000 0.069000
vt 0.816000 0.627000
vt 0.824000 0.635000
vt 0.425000 0.079000
vt 0.424000 0.101000
vt 0.410000 0.092000
vt 0.415000 0.072000
vt 0.383000 0.075000
vt 0.396000 0.078000
vt 0.351000 0.217000
vt 0.337000 0.243000
vt 0.353000 0.236000
vt 0.360000 0.258000
vt 0.306000 0.191000
vt 0.315000 0.180000
vt 0.333000 0.190000
vt 0.968000 0.585000
vt 0.983000 0.599000
vt 0.985000 0.588000
vt 0.975000 0.577000
vt 0.958000 0.563000
vt 0.965000 0.554000
vt 0.984000 0.660000
vt 0.982000 0.628000
vt 0.974000 0.542000
vt 0.971000 0.550000
vt 0.983000 0.570000
vt 0.979000 0.539000
vt 0.948000 0.581000
vt 0.952000 0.599000
vt 0.972000 0.599000
vt 0.143000 0.197000
vt 0.153000 0.202000
vt 0.152000 0.219000
vt 0.146000 0.310000
vt 0.147000 0.283000
vt 0.164000 0.349000
vt 0.151000 0.329000
vt 0.151000 0.247000
vt 0.172000 0.239000
vt 0.117000 0.341000
vt 0.114000 0.323000
vt 0.320000 0.341000
vt 0.327000 0.317000
vt 0.318000 0.294000
vt 0.342000 0.306000
vt 0.334000 0.262000
vt 0.355000 0.272000
vt 0.318000 0.362000
vt 0.291000 0.425000
vt 0.286000 0.439000
vt 0.160000 0.455000
vt 0.162000 0.440000
vt 0.181000 0.432000
vt 0.184000 0.450000
vt 0.142000 0.416000
vt 0.163000 0.399000
vt 0.200000 0.432000
vt 0.203000 0.450000
vt 0.176000 0.404000
vt 0.185000 0.398000
vt 0.189000 0.377000
vt 0.201000 0.371000
vt 0.171000 0.383000
vt 0.149000 0.359000
vt 0.168000 0.365000
vt 0.129000 0.383000
vt 0.125000 0.364000
vt 0.090000 0.293000
vt 0.112000 0.282000
vt 0.216000 0.448000
vt 0.247000 0.465000
vt 0.216000 0.464000
vt 0.203000 0.465000
vt 0.268000 0.497000
vt 0.283000 0.485000
vt 0.236000 0.501000
vt 0.249000 0.504000
vt 0.280000 0.457000
vt 0.292000 0.474000
vt 0.261000 0.517000
vt 0.272000 0.513000
vt 0.292000 0.498000
vt 0.284000 0.506000
vt 0.245000 0.518000
vt 0.236000 0.514000
vt 0.301000 0.485000
vt 0.297000 0.491000
vt 0.233000 0.538000
vt 0.228000 0.535000
vt 0.231000 0.544000
vt 0.225000 0.541000
vt 0.225000 0.553000
vt 0.220000 0.550000
vt 0.219000 0.565000
vt 0.212000 0.562000
vt 0.205000 0.493000
vt 0.198000 0.487000
vt 0.216000 0.542000
vt 0.222000 0.525000
vt 0.205000 0.560000
vt 0.203000 0.571000
vt 0.198000 0.570000
vt 0.204000 0.580000
vt 0.210000 0.570000
vt 0.213000 0.576000
vt 0.208000 0.585000
vt 0.199000 0.579000
vt 0.198000 0.590000
vt 0.202000 0.591000
vt 0.196000 0.588000
vt 0.189000 0.479000
vt 0.192000 0.466000
vt 0.413000 0.279000
vt 0.421000 0.232000
vt 0.420000 0.203000
vt 0.211000 0.163000
vt 0.209000 0.165000
vt 0.218000 0.150000
vt 0.260000 0.159000
vt 0.251000 0.154000
vt 0.273000 0.164000
vt 0.265000 0.164000
vt 0.234000 0.187000
vt 0.208000 0.187000
vt 0.225000 0.178000
vt 0.236000 0.150000
vt 0.243000 0.152000
vt 0.232000 0.155000
vt 0.229000 0.149000
vt 0.211000 0.175000
vt 0.222000 0.170000
vt 0.219000 0.176000
vt 0.270000 0.189000
vt 0.255000 0.180000
vt 0.261000 0.177000
vt 0.274000 0.184000
vt 0.235000 0.549000
vt 0.225000 0.570000
vt 0.217000 0.580000
vt 0.250000 0.533000
vt 0.192000 0.569000
vt 0.200000 0.555000
vt 0.230000 0.573000
vt 0.220000 0.585000
vt 0.990000 0.300000
vt 0.991000 0.318000
vt 0.982000 0.319000
vt 0.979000 0.302000
vt 0.992000 0.329000
vt 0.984000 0.330000
vt 0.991000 0.339000
vt 0.988000 0.340000
vt 0.976000 0.280000
vt 0.988000 0.278000
vt 0.971000 0.257000
vt 0.986000 0.256000
vt 0.242000 0.556000
vt 0.253000 0.541000
vt 0.213000 0.520000
vt 0.208000 0.538000
vt 0.196000 0.503000
vt 0.189000 0.497000
vt 0.191000 0.508000
vt 0.185000 0.501000
vt 0.186000 0.513000
vt 0.179000 0.505000
vt 0.179000 0.497000
vt 0.166000 0.512000
vt 0.160000 0.508000
vt 0.163000 0.525000
vt 0.173000 0.514000
vt 0.175000 0.521000
vt 0.167000 0.529000
vt 0.159000 0.519000
vt 0.155000 0.532000
vt 0.156000 0.535000
vt 0.151000 0.529000
vt 0.195000 0.515000
vt 0.179000 0.526000
vt 0.211000 0.505000
vt 0.155000 0.501000
vt 0.170000 0.493000
vt 0.197000 0.522000
vt 0.183000 0.533000
vt 0.940000 0.076000
vt 0.959000 0.078000
vt 0.958000 0.089000
vt 0.939000 0.088000
vt 0.966000 0.079000
vt 0.965000 0.089000
vt 0.976000 0.079000
vt 0.972000 0.092000
vt 0.987000 0.086000
vt 0.986000 0.093000
vt 0.925000 0.090000
vt 0.922000 0.076000
vt 0.210000 0.519000
vt 0.172000 0.480000
vt 0.225000 0.507000
vt 0.977000 0.223000
vt 0.960000 0.205000
vt 0.977000 0.199000
vt 0.989000 0.207000
vt 0.221000 0.509000
vt 0.990000 0.237000
vt 0.277000 0.540000
vt 0.270000 0.543000
vt 0.280000 0.549000
vt 0.273000 0.551000
vt 0.283000 0.557000
vt 0.275000 0.562000
vt 0.287000 0.574000
vt 0.280000 0.576000
vt 0.266000 0.557000
vt 0.256000 0.532000
vt 0.275000 0.578000
vt 0.281000 0.589000
vt 0.276000 0.591000
vt 0.289000 0.595000
vt 0.285000 0.583000
vt 0.292000 0.585000
vt 0.296000 0.596000
vt 0.284000 0.599000
vt 0.293000 0.605000
vt 0.297000 0.604000
vt 0.288000 0.606000
vt 0.287000 0.549000
vt 0.295000 0.570000
vt 0.298000 0.585000
vt 0.285000 0.520000
vt 0.272000 0.596000
vt 0.268000 0.579000
vt 0.302000 0.568000
vt 0.304000 0.586000
vt 0.955000 0.307000
vt 0.948000 0.325000
vt 0.938000 0.322000
vt 0.943000 0.302000
vt 0.945000 0.335000
vt 0.937000 0.332000
vt 0.939000 0.343000
vt 0.935000 0.341000
vt 0.949000 0.279000
vt 0.962000 0.282000
vt 0.953000 0.248000
vt 0.296000 0.548000
vt 0.294000 0.526000
vt 0.259000 0.559000
vt 0.311000 0.515000
vt 0.306000 0.520000
vt 0.315000 0.517000
vt 0.311000 0.523000
vt 0.323000 0.524000
vt 0.319000 0.529000
vt 0.333000 0.531000
vt 0.330000 0.535000
vt 0.310000 0.532000
vt 0.290000 0.518000
vt 0.327000 0.542000
vt 0.337000 0.543000
vt 0.337000 0.548000
vt 0.346000 0.541000
vt 0.337000 0.536000
vt 0.342000 0.534000
vt 0.351000 0.539000
vt 0.344000 0.547000
vt 0.322000 0.517000
vt 0.339000 0.526000
vt 0.346000 0.531000
vt 0.308000 0.498000
vt 0.335000 0.553000
vt 0.322000 0.546000
vt 0.340000 0.517000
vt 0.351000 0.529000
vt 0.932000 0.243000
vt 0.927000 0.260000
vt 0.917000 0.257000
vt 0.923000 0.240000
vt 0.924000 0.270000
vt 0.914000 0.267000
vt 0.927000 0.219000
vt 0.939000 0.224000
vt 0.930000 0.194000
vt 0.950000 0.203000
vt 0.326000 0.509000
vt 0.313000 0.498000
vt 0.306000 0.537000
vt 0.917000 0.159000
vt 0.918000 0.137000
vt 0.954000 0.131000
vt 0.953000 0.158000
vt 0.293000 0.453000
vt 0.301000 0.463000
vt 0.490000 0.357000
vt 0.515000 0.310000
vt 0.316000 0.486000
vt 0.316000 0.491000
vt 0.325000 0.486000
vt 0.325000 0.491000
vt 0.331000 0.484000
vt 0.332000 0.489000
vt 0.339000 0.484000
vt 0.340000 0.489000
vt 0.323000 0.496000
vt 0.310000 0.496000
vt 0.340000 0.494000
vt 0.348000 0.489000
vt 0.350000 0.493000
vt 0.356000 0.484000
vt 0.344000 0.486000
vt 0.348000 0.480000
vt 0.356000 0.481000
vt 0.355000 0.489000
vt 0.323000 0.478000
vt 0.339000 0.476000
vt 0.348000 0.477000
vt 0.306000 0.478000
vt 0.351000 0.497000
vt 0.339000 0.498000
vt 0.339000 0.471000
vt 0.350000 0.472000
vt 0.907000 0.217000
vt 0.897000 0.228000
vt 0.891000 0.223000
vt 0.898000 0.211000
vt 0.892000 0.236000
vt 0.885000 0.233000
vt 0.909000 0.197000
vt 0.920000 0.203000
vt 0.918000 0.178000
vt 0.324000 0.472000
vt 0.310000 0.470000
vt 0.323000 0.500000
vt 0.176000 0.085000
vt 0.215000 0.062000
vt 0.153000 0.089000
vt 0.162000 0.098000
vt 0.145000 0.098000
vt 0.142000 0.089000
vt 0.137000 0.117000
vt 0.108000 0.087000
vt 0.147000 0.068000
vt 0.166000 0.059000
vt 0.171000 0.074000
vt 0.141000 0.078000
vt 0.953000 0.836000
vt 0.972000 0.813000
vt 0.986000 0.844000
vt 0.934000 0.863000
vt 0.075000 0.646000
vt 0.074000 0.608000
vt 0.090000 0.585000
vt 0.101000 0.665000
vt 0.100000 0.713000
vt 0.089000 0.720000
vt 0.079000 0.677000
vt 0.101000 0.745000
vt 0.096000 0.746000
vt 0.063000 0.684000
vt 0.058000 0.658000
vt 0.079000 0.725000
vt 0.091000 0.752000
vt 0.053000 0.625000
vt 0.164000 0.685000
vt 0.150000 0.699000
vt 0.142000 0.688000
vt 0.147000 0.671000
vt 0.104000 0.747000
vt 0.110000 0.728000
vt 0.117000 0.733000
vt 0.108000 0.750000
vt 0.116000 0.710000
vt 0.125000 0.721000
vt 0.125000 0.672000
vt 0.133000 0.639000
vt 0.160000 0.712000
vt 0.134000 0.738000
vt 0.114000 0.667000
vt 0.105000 0.715000
vt 0.161000 0.043000
vt 0.176000 0.031000
vt 0.186000 0.055000
vt 0.821000 0.154000
vt 0.830000 0.180000
vt 0.837000 0.187000
vt 0.846000 0.183000
vt 0.824000 0.224000
vt 0.847000 0.227000
vt 0.830000 0.192000
vt 0.813000 0.199000
vt 0.879000 0.119000
vt 0.850000 0.158000
vt 0.888000 0.188000
vt 0.903000 0.130000
vt 0.851000 0.081000
vt 0.822000 0.095000
vt 0.771000 0.186000
vt 0.785000 0.197000
vt 0.795000 0.191000
vt 0.797000 0.177000
vt 0.822000 0.187000
vt 0.873000 0.214000
vt 0.812000 0.166000
vt 0.766000 0.207000
vt 0.755000 0.198000
vt 0.750000 0.214000
vt 0.745000 0.203000
vt 0.753000 0.195000
vt 0.740000 0.196000
vt 0.737000 0.165000
vt 0.737000 0.188000
vt 0.753000 0.218000
vt 0.766000 0.212000
vt 0.751000 0.237000
vt 0.767000 0.231000
vt 0.777000 0.219000
vt 0.769000 0.259000
vt 0.784000 0.243000
vt 0.798000 0.225000
vt 0.758000 0.276000
vt 0.884000 0.834000
vt 0.846000 0.815000
vt 0.881000 0.797000
vt 0.905000 0.808000
vt 0.832000 0.274000
vt 0.870000 0.264000
vt 0.807000 0.309000
vt 0.763000 0.151000
vt 0.790000 0.152000
vt 0.785000 0.129000
vt 0.760000 0.125000
vt 0.748000 0.150000
vt 0.765000 0.185000
vt 0.764000 0.175000
vt 0.769000 0.171000
vt 0.760000 0.174000
vt 0.757000 0.185000
vt 0.751000 0.187000
vt 0.750000 0.160000
vt 0.761000 0.172000
vt 0.737000 0.158000
vt 0.844000 0.324000
vt 0.891000 0.292000
vt 0.888000 0.768000
vt 0.910000 0.771000
vt 0.752000 0.937000
vt 0.801000 0.920000
vt 0.816000 0.938000
vt 0.759000 0.960000
vt 0.736000 0.957000
vt 0.731000 0.939000
vt 0.700000 0.960000
vt 0.644000 0.938000
vt 0.655000 0.926000
vt 0.709000 0.931000
vt 0.612000 0.920000
vt 0.606000 0.925000
vt 0.730000 0.896000
vt 0.777000 0.879000
vt 0.704000 0.902000
vt 0.611000 0.917000
vt 0.653000 0.913000
vt 0.188000 0.806000
vt 0.220000 0.794000
vt 0.241000 0.834000
vt 0.191000 0.856000
vt 0.185000 0.773000
vt 0.205000 0.767000
vt 0.151000 0.854000
vt 0.160000 0.807000
vt 0.167000 0.777000
vt 0.119000 0.850000
vt 0.135000 0.806000
vt 0.148000 0.779000
vt 0.099000 0.841000
vt 0.124000 0.803000
vt 0.195000 0.746000
vt 0.183000 0.749000
vt 0.174000 0.743000
vt 0.195000 0.900000
vt 0.148000 0.876000
vt 0.971000 0.755000
vt 0.954000 0.793000
vt 0.943000 0.747000
vt 0.976000 0.691000
vt 0.952000 0.704000
vt 0.778000 0.337000
vt 0.769000 0.309000
vt 0.756000 0.316000
vt 0.770000 0.334000
vt 0.111000 0.890000
vt 0.771000 0.353000
vt 0.774000 0.363000
vt 0.405000 0.669000
vt 0.381000 0.665000
vt 0.371000 0.694000
vt 0.381000 0.708000
vt 0.367000 0.640000
vt 0.364000 0.678000
vt 0.416000 0.655000
vt 0.397000 0.634000
vt 0.372000 0.598000
vt 0.385000 0.617000
vt 0.796000 0.204000
vt 0.777000 0.208000
vt 0.785000 0.214000
vt 0.755000 0.850000
vt 0.756000 0.817000
vt 0.790000 0.811000
vt 0.779000 0.847000
vt 0.894000 0.935000
vt 0.864000 0.975000
vt 0.828000 0.951000
vt 0.893000 0.927000
vt 0.685000 0.872000
vt 0.669000 0.827000
vt 0.685000 0.818000
vt 0.706000 0.858000
vt 0.785000 0.851000
vt 0.764000 0.862000
vt 0.743000 0.867000
vt 0.716000 0.874000
vt 0.733000 0.854000
vt 0.625000 0.885000
vt 0.662000 0.857000
vt 0.643000 0.895000
vt 0.610000 0.909000
vt 0.604000 0.909000
vt 0.692000 0.883000
vt 0.136000 0.074000
vt 0.138000 0.067000
vt 0.134000 0.056000
vt 0.143000 0.055000
vt 0.825000 0.070000
vt 0.804000 0.081000
vt 0.789000 0.097000
vt 0.761000 0.093000
vt 0.780000 0.077000
vt 0.762000 0.073000
vt 0.770000 0.054000
vt 0.754000 0.051000
vt 0.805000 0.057000
vt 0.796000 0.043000
vt 0.792000 0.039000
vt 0.784000 0.060000
vt 0.746000 0.033000
vt 0.772000 0.044000
vt 0.755000 0.024000
vt 0.944000 0.389000
vt 0.988000 0.393000
vt 0.982000 0.369000
vt 0.948000 0.371000
vt 0.887000 0.372000
vt 0.893000 0.379000
vt 0.909000 0.408000
vt 0.912000 0.391000
vt 0.904000 0.406000
vt 0.877000 0.372000
vt 0.879000 0.381000
vt 0.741000 0.011000
vt 0.214000 0.421000
vt 0.029000 0.141000
vt 0.024000 0.143000
vt 0.022000 0.118000
vt 0.027000 0.110000
vt 0.014000 0.144000
vt 0.014000 0.118000
vt 0.036000 0.190000
vt 0.014000 0.186000
vt 0.040000 0.189000
vt 0.064000 0.218000
vt 0.056000 0.222000
vt 0.014000 0.225000
vt 0.014000 0.080000
vt 0.021000 0.080000
vt 0.025000 0.080000
vt 0.014000 0.024000
vt 0.029000 0.038000
vt 0.014000 0.260000
vt 0.053000 0.233000
vt 0.050000 0.252000
vt 0.063000 0.255000
vt 0.064000 0.268000
vt 0.050000 0.266000
vt 0.057000 0.289000
vt 0.067000 0.290000
vt 0.014000 0.412000
vt 0.014000 0.382000
vt 0.042000 0.377000
vt 0.050000 0.406000
vt 0.062000 0.313000
vt 0.054000 0.307000
vt 0.056000 0.296000
vt 0.072000 0.332000
vt 0.059000 0.339000
vt 0.051000 0.313000
vt 0.047000 0.286000
vt 0.090000 0.421000
vt 0.105000 0.426000
vt 0.124000 0.445000
vt 0.116000 0.454000
vt 0.100000 0.415000
vt 0.105000 0.412000
vt 0.102000 0.419000
vt 0.126000 0.433000
vt 0.085000 0.393000
vt 0.077000 0.377000
vt 0.086000 0.382000
vt 0.093000 0.372000
vt 0.071000 0.440000
vt 0.014000 0.441000
vt 0.014000 0.345000
vt 0.077000 0.359000
vt 0.691000 0.337000
vt 0.700000 0.334000
vt 0.696000 0.362000
vt 0.698000 0.353000
vt 0.765000 0.978000
vt 0.740000 0.975000
vt 0.799000 0.868000
vt 0.904000 0.978000
vt 0.619000 0.182000
vt 0.733000 0.144000
vt 0.723000 0.176000
vt 0.712000 0.174000
vt 0.563000 0.337000
vt 0.589000 0.348000
vt 0.562000 0.075000
vt 0.613000 0.056000
vt 0.637000 0.035000
vt 0.687000 0.032000
vt 0.734000 0.006000
vt 0.281000 0.943000
vt 0.351000 0.673000
vt 0.350000 0.730000
vt 0.351000 0.694000
vt 0.593000 0.846000
vt 0.640000 0.820000
vt 0.573000 0.682000
vt 0.553000 0.683000
vt 0.583000 0.651000
vt 0.601000 0.639000
vt 0.531000 0.626000
vt 0.538000 0.653000
vt 0.529000 0.660000
vt 0.545000 0.641000
vt 0.616000 0.646000
vt 0.592000 0.630000
vt 0.648000 0.640000
vt 0.437000 0.628000
vt 0.420000 0.613000
vt 0.527000 0.653000
vt 0.510000 0.640000
vt 0.649000 0.787000
vt 0.654000 0.764000
vt 0.653000 0.759000
vt 0.501000 0.744000
vt 0.658000 0.665000
vt 0.438000 0.697000
vt 0.450000 0.649000
vt 0.474000 0.655000
vt 0.547000 0.524000
vt 0.528000 0.525000
vt 0.499000 0.369000
vt 0.568000 0.575000
vt 0.554000 0.586000
vt 0.564000 0.596000
vt 0.613000 0.558000
vt 0.698000 0.510000
vt 0.300000 0.430000
vt 0.683000 0.473000
vt 0.701000 0.483000
vt 0.714000 0.492000
vt 0.805000 0.670000
vt 0.836000 0.665000
vt 0.792000 0.694000
vt 0.741000 0.458000
vt 0.703000 0.574000
vt 0.795000 0.722000
vt 0.767000 0.704000
vt 0.798000 0.753000
vt 0.730000 0.778000
vt 0.729000 0.554000
vt 0.726000 0.573000
vt 0.710000 0.560000
vt 0.609000 0.865000
vt 0.617000 0.861000
vt 0.343000 0.860000
vt 0.342000 0.888000
vt 0.378000 0.838000
vt 0.371000 0.864000
vt 0.374000 0.872000
vt 0.379000 0.866000
vt 0.375000 0.908000
vt 0.371000 0.896000
vt 0.379000 0.905000
vt 0.492000 0.904000
vt 0.336000 0.740000
vt 0.333000 0.746000
vt 0.346000 0.750000
vt 0.342000 0.756000
vt 0.356000 0.761000
vt 0.118000 0.520000
vt 0.389000 0.825000
vt 0.387000 0.925000
vt 0.048000 0.758000
vt 0.054000 0.734000
vt 0.061000 0.742000
vt 0.640000 0.862000
vt 0.059000 0.979000
vt 0.117000 0.988000
vt 0.061000 0.959000
vt 0.576000 0.888000
vt 0.589000 0.865000
vt 0.584000 0.882000
vt 0.589000 0.886000
vt 0.585000 0.893000
vt 0.573000 0.899000
vt 0.560000 0.906000
vt 0.547000 0.916000
vt 0.540000 0.913000
vt 0.360000 0.961000
vt 0.373000 0.951000
vt 0.362000 0.949000
vt 0.519000 0.920000
vt 0.511000 0.928000
vt 0.374000 0.966000
vt 0.547000 0.942000
vt 0.526000 0.940000
vt 0.550000 0.921000
vt 0.580000 0.910000
vt 0.006000 0.834000
vt 0.077000 0.888000
vt 0.449000 0.282000
vt 0.479000 0.051000
vt 0.444000 0.043000
vt 0.432000 0.255000
vt 0.461000 0.209000
vt 0.449000 0.205000
vt 0.402000 0.182000
vt 0.390000 0.164000
vt 0.466000 0.191000
vt 0.483000 0.175000
vt 0.515000 0.190000
vt 0.420000 0.181000
vt 0.481000 0.285000
vt 0.457000 0.189000
vt 0.469000 0.185000
vt 0.434000 0.178000
vt 0.451000 0.183000
vt 0.520000 0.211000
vt 0.542000 0.123000
vt 0.551000 0.080000
vt 0.889000 0.682000
vt 0.916000 0.688000
vt 0.919000 0.555000
vt 0.993000 0.520000
vt 0.992000 0.501000
vt 0.942000 0.525000
vt 0.316000 0.159000
vt 0.318000 0.136000
vt 0.338000 0.152000
vt 0.335000 0.167000
vt 0.383000 0.100000
vt 0.356000 0.108000
vt 0.348000 0.088000
vt 0.339000 0.128000
vt 0.338000 0.125000
vt 0.757000 0.592000
vt 0.943000 0.660000
vt 0.973000 0.893000
vt 0.111000 0.974000
vt 0.006000 0.974000
vt 0.168000 0.154000
vt 0.178000 0.161000
vt 0.159000 0.169000
vt 0.121000 0.975000
vt 0.329000 0.077000
vt 0.298000 0.083000
vt 0.283000 0.074000
vt 0.260000 0.064000
vt 0.268000 0.076000
vt 0.300000 0.140000
vt 0.311000 0.144000
vt 0.956000 0.501000
vt 0.819000 0.374000
vt 0.266000 0.050000
vt 0.250000 0.073000
vt 0.253000 0.060000
vt 0.254000 0.051000
vt 0.255000 0.035000
vt 0.254000 0.037000
vt 0.241000 0.028000
vt 0.275000 0.127000
vt 0.270000 0.119000
vt 0.263000 0.114000
vt 0.261000 0.106000
vt 0.277000 0.133000
vt 0.249000 0.114000
vt 0.264000 0.127000
vt 0.260000 0.125000
vt 0.287000 0.152000
vt 0.184000 0.152000
vt 0.193000 0.173000
vt 0.182000 0.174000
vt 0.245000 0.132000
vt 0.300000 0.171000
vt 0.284000 0.171000
vt 0.281000 0.163000
vt 0.274000 0.175000
vt 0.250000 0.185000
vt 0.164000 0.208000
vt 0.270000 0.356000
vt 0.270000 0.341000
vt 0.297000 0.296000
vt 0.157000 0.188000
vt 0.144000 0.175000
vt 0.129000 0.958000
vt 0.494000 0.243000
vt 0.400000 0.029000
vt 0.350000 0.036000
vt 0.364000 0.064000
vt 0.352000 0.052000
vt 0.427000 0.055000
vt 0.973000 0.619000
vt 0.985000 0.611000
vt 0.940000 0.614000
vt 0.968000 0.611000
vt 0.507000 0.282000
vt 0.121000 0.192000
vt 0.134000 0.253000
vt 0.301000 0.395000
vt 0.186000 0.473000
vt 0.983000 0.184000
vt 0.964000 0.180000
vt 0.176000 0.469000
vt 0.217000 0.164000
vt 0.245000 0.188000
vt 0.251000 0.161000
vt 0.255000 0.171000
vt 0.244000 0.168000
vt 0.243000 0.177000
vt 0.244000 0.162000
vt 0.230000 0.169000
vt 0.227000 0.172000
vt 0.237000 0.178000
vt 0.228000 0.165000
vt 0.232000 0.146000
vt 0.236000 0.146000
vt 0.210000 0.587000
vt 0.196000 0.578000
vt 0.197000 0.592000
vt 0.990000 0.344000
vt 0.176000 0.535000
vt 0.170000 0.531000
vt 0.157000 0.518000
vt 0.152000 0.509000
vt 0.152000 0.534000
vt 0.989000 0.090000
vt 0.299000 0.595000
vt 0.281000 0.600000
vt 0.294000 0.608000
vt 0.935000 0.346000
vt 0.358000 0.551000
vt 0.914000 0.284000
vt 0.353000 0.537000
vt 0.344000 0.550000
vt 0.927000 0.112000
vt 0.365000 0.486000
vt 0.883000 0.245000
vt 0.357000 0.480000
vt 0.356000 0.491000
vt 0.991000 0.220000
vt 0.220000 0.056000
vt 0.841000 0.831000
vt 0.829000 0.813000
vt 0.858000 0.858000
vt 0.468000 0.690000
vt 0.483000 0.681000
vt 0.478000 0.704000
vt 0.174000 0.698000
vt 0.112000 0.757000
vt 0.109000 0.595000
vt 0.123000 0.601000
vt 0.101000 0.755000
vt 0.745000 0.176000
vt 0.756000 0.173000
vt 0.905000 0.338000
vt 0.878000 0.898000
vt 0.855000 0.884000
vt 0.820000 0.876000
vt 0.218000 0.872000
vt 0.183000 0.732000
vt 0.086000 0.812000
vt 0.122000 0.781000
vt 0.146000 0.755000
vt 0.164000 0.738000
vt 0.146000 0.923000
vt 0.125000 0.908000
vt 0.917000 0.743000
vt 0.180000 0.930000
vt 0.879000 0.349000
vt 0.953000 0.683000
vt 0.955000 0.673000
vt 0.716000 0.822000
vt 0.811000 0.978000
vt 0.604000 0.916000
vt 0.904000 0.074000
vt 0.853000 0.056000
vt 0.829000 0.035000
vt 0.779000 0.031000
vt 0.493000 0.680000
vt 0.940000 0.431000
vt 0.055000 0.249000
vt 0.062000 0.225000
vt 0.068000 0.234000
vt 0.067000 0.471000
vt 0.068000 0.450000
vt 0.124000 0.480000
vt 0.014000 0.325000
vt 0.085000 0.380000
vt 0.119000 0.465000
vt 0.014000 0.465000
vt 0.129000 0.467000
vt 0.136000 0.449000
s 1
f 6/1/1 5/2/2 8/3/3
f 6/1/1 8/3/3 7/4/4
f 12/5/5 11/6/6 10/7/7
f 12/5/5 10/7/7 9/8/8
f 15/9/9 14/10/10 1/11/11
f 15/9/9 1/11/11 2/12/12
f 16/13/13 15/9/9 2/12/12
f 16/13/13 2/12/12 17/14/14
f 25/15/15 24/16/16 23/17/17
f 25/15/15 23/17/17 22/18/18
f 5/2/2 10/7/7 13/19/19
f 5/2/2 13/19/19 8/3/3
f 9/8/8 10/7/7 5/2/2
f 9/8/8 5/2/2 4/20/20
f 13/19/19 24/16/16 7/4/4
f 13/19/19 7/4/4 8/3/3
f 11/6/6 23/17/17 24/16/16
f 11/6/6 24/16/16 13/19/19
f 20/21/21 27/22/22 25/15/15
f 20/21/21 25/15/15 22/18/18
f 29/23/23 28/24/24 27/22/22
f 29/23/23 27/22/22 20/21/21
f 30/25/25 27/22/22 28/24/24
f 30/25/25 28/24/24 31/26/26
f 31/26/26 28/24/24 1255/27/27
f 31/26/26 1255/27/27 1265/28/28
f 1256/29/29 1255/27/27 28/24/24
f 1256/29/29 28/24/24 29/23/23
f 33/30/30 32/31/31 1258/32/32
f 33/30/30 1258/32/32 1262/33/33
f 1258/32/32 32/31/31 31/26/26
f 1258/32/32 31/26/26 1265/28/28
f 34/34/34 1256/29/29 29/23/23
f 34/34/34 29/23/23 35/35/35
f 35/35/35 29/23/23 20/21/21
f 35/35/35 20/21/21 36/36/36
f 37/37/37 34/34/34 35/35/35
f 37/37/37 35/35/35 38/38/38
f 35/35/35 36/36/36 39/39/39
f 35/35/35 39/39/39 38/38/38
f 40/40/40 37/37/37 38/38/38
f 40/40/40 38/38/38 41/41/41
f 41/41/41 38/38/38 39/39/39
f 41/41/41 39/39/39 42/42/42
f 43/43/43 37/37/37 40/40/40
f 43/43/43 40/40/40 44/44/44
f 45/45/45 12/5/5 9/8/8
f 45/45/45 9/8/8 46/46/46
f 41/41/41 42/42/42 12/5/5
f 41/41/41 12/5/5 45/45/45
f 47/47/47 44/44/44 40/40/40
f 47/47/47 40/40/40 45/45/45
f 48/48/48 50/49/49 18/50/50
f 48/48/48 18/50/50 19/51/51
f 52/52/52 1280/53/53 50/49/49
f 52/52/52 50/49/49 48/48/48
f 53/54/54 25/15/15 27/22/22
f 53/54/54 27/22/22 30/25/25
f 54/55/55 26/56/56 25/15/15
f 54/55/55 25/15/15 53/54/54
f 59/57/57 54/55/55 53/54/54
f 59/57/57 53/54/54 60/58/58
f 30/25/25 55/59/59 60/58/58
f 30/25/25 60/58/58 53/54/54
f 48/48/48 49/60/60 57/61/61
f 48/48/48 57/61/61 52/52/52
f 52/52/52 57/61/61 33/30/30
f 52/52/52 33/30/30 51/62/62
f 61/63/63 45/45/45 46/46/46
f 61/63/63 46/46/46 62/64/64
f 109/65/65 44/44/44 65/66/66
f 109/65/65 65/66/66 108/67/67
f 67/68/68 42/42/42 66/69/69
f 67/68/68 66/69/69 21/70/70
f 69/71/71 16/13/13 17/14/14
f 69/71/71 17/14/14 70/72/72
f 17/14/14 6/1/1 18/50/50
f 17/14/14 18/50/50 72/73/73
f 72/73/73 18/50/50 50/49/49
f 72/73/73 50/49/49 73/74/74
f 73/74/74 50/49/49 1280/53/53
f 73/74/74 1280/53/53 74/75/75
f 75/76/76 72/73/73 73/74/74
f 75/76/76 73/74/74 76/77/77
f 76/77/77 73/74/74 74/75/75
f 76/77/77 74/75/75 77/78/78
f 75/76/76 76/77/77 79/79/79
f 75/76/76 79/79/79 78/80/80
f 84/81/81 81/82/82 83/83/83
f 84/81/81 83/83/83 82/84/84
f 85/85/85 79/79/79 87/86/86
f 85/85/85 87/86/86 86/87/87
f 79/79/79 80/88/88 88/89/89
f 79/79/79 88/89/89 87/86/86
f 85/85/85 83/83/83 81/82/82
f 85/85/85 81/82/82 78/80/80
f 92/90/90 91/91/91 90/92/92
f 92/90/90 90/92/92 68/93/93
f 92/90/90 86/94/87 93/95/94
f 92/90/90 93/95/94 91/91/91
f 82/96/84 83/97/83 94/98/95
f 82/96/84 94/98/95 92/90/90
f 86/94/87 89/99/96 95/100/97
f 86/94/87 95/100/97 93/95/94
f 96/101/98 89/102/96 87/86/86
f 96/101/98 87/86/86 88/89/89
f 100/103/99 99/104/100 98/105/101
f 100/103/99 98/105/101 97/106/102
f 97/106/102 98/105/101 104/107/103
f 97/106/102 104/107/103 103/108/104
f 97/106/102 107/109/105 106/110/106
f 97/106/102 106/110/106 100/103/99
f 101/111/107 109/112/65 108/113/67
f 101/111/107 108/113/67 103/108/104
f 103/108/104 111/114/108 107/109/105
f 103/108/104 107/109/105 97/106/102
f 112/115/109 113/116/110 115/117/111
f 112/115/109 115/117/111 114/118/112
f 194/119/113 126/120/114 115/117/111
f 194/119/113 115/117/111 196/121/115
f 117/122/116 112/115/109 114/118/112
f 117/122/116 114/118/112 118/123/117
f 146/124/118 117/122/116 118/123/117
f 146/124/118 118/123/117 174/125/119
f 113/116/110 127/126/120 128/127/121
f 113/116/110 128/127/121 129/128/122
f 127/126/120 120/129/123 132/130/124
f 127/126/120 132/130/124 130/131/125
f 139/132/126 138/133/127 137/134/128
f 139/132/126 137/134/128 140/135/129
f 120/129/123 144/136/130 141/137/131
f 120/129/123 141/137/131 132/130/124
f 143/138/132 141/137/131 144/136/130
f 143/138/132 144/136/130 145/139/133
f 139/132/126 135/140/134 157/141/135
f 139/132/126 157/141/135 136/142/136
f 131/143/137 134/144/138 150/145/139
f 131/143/137 150/145/139 149/146/140
f 134/144/138 157/141/135 151/147/141
f 134/144/138 151/147/141 150/145/139
f 152/148/142 153/149/143 159/150/144
f 152/148/142 159/150/144 155/151/145
f 157/141/135 158/152/146 160/153/147
f 157/141/135 160/153/147 159/150/144
f 143/138/132 145/139/133 162/154/148
f 143/138/132 162/154/148 178/155/149
f 153/149/143 151/147/141 157/141/135
f 153/149/143 157/141/135 159/150/144
f 167/156/150 161/157/151 168/158/152
f 167/156/150 168/158/152 169/159/153
f 171/160/154 190/161/155 191/162/156
f 171/160/154 191/162/156 173/163/157
f 189/164/158 148/165/159 174/125/119
f 189/164/158 174/125/119 188/166/160
f 116/167/161 179/168/162 123/169/163
f 116/167/161 123/169/163 115/117/111
f 125/170/164 179/168/162 184/171/165
f 125/170/164 184/171/165 183/172/166
f 179/168/162 116/167/161 182/173/167
f 179/168/162 182/173/167 184/171/165
f 181/174/168 126/120/114 194/119/113
f 181/174/168 194/119/113 185/175/169
f 186/176/170 201/177/171 187/178/172
f 186/176/170 187/178/172 172/179/173
f 172/179/173 191/162/156 190/161/155
f 172/179/173 190/161/155 186/176/170
f 129/128/122 208/180/174 197/181/175
f 129/128/122 197/181/175 196/121/115
f 199/182/176 147/183/177 146/124/118
f 199/182/176 146/124/118 198/184/178
f 200/185/179 162/154/148 145/139/133
f 200/185/179 145/139/133 199/182/176
f 200/186/179 225/187/180 175/188/181
f 200/186/179 175/188/181 162/189/148
f 186/176/170 190/161/155 204/190/182
f 186/176/170 204/190/182 203/191/183
f 205/192/184 210/193/185 235/194/186
f 205/192/184 235/194/186 234/195/187
f 206/196/188 207/197/189 205/192/184
f 206/196/188 205/192/184 203/191/183
f 207/198/189 206/199/188 208/180/174
f 207/198/189 208/180/174 129/128/122
f 205/192/184 207/197/189 209/200/190
f 205/192/184 209/200/190 210/193/185
f 339/201/191 219/202/192 233/203/193
f 339/201/191 233/203/193 338/204/194
f 213/205/195 212/206/196 337/207/197
f 213/205/195 337/207/197 340/208/198
f 214/209/199 215/210/200 217/211/201
f 214/209/199 217/211/201 216/212/202
f 224/213/203 211/214/204 214/209/199
f 224/213/203 214/209/199 220/215/205
f 214/209/199 216/212/202 222/216/206
f 214/209/199 222/216/206 220/215/205
f 216/212/202 260/217/207 258/218/208
f 216/212/202 258/218/208 222/216/206
f 225/187/180 221/219/209 224/213/203
f 225/187/180 224/213/203 223/220/210
f 238/221/211 226/222/212 225/187/180
f 238/221/211 225/187/180 223/220/210
f 231/223/213 213/205/195 340/208/198
f 231/223/213 340/208/198 341/224/214
f 230/225/215 231/223/213 341/224/214
f 230/225/215 341/224/214 229/226/216
f 232/227/217 213/205/195 231/223/213
f 232/227/217 231/223/213 240/228/218
f 212/206/196 213/205/195 232/227/217
f 212/206/196 232/227/217 215/210/200
f 202/229/219 233/230/193 187/178/172
f 202/229/219 187/178/172 201/177/171
f 202/231/219 337/207/197 338/204/194
f 202/231/219 338/204/194 233/203/193
f 202/229/219 201/177/171 234/195/187
f 202/229/219 234/195/187 235/194/186
f 232/227/217 240/228/218 237/232/220
f 232/227/217 237/232/220 236/233/221
f 236/233/221 237/232/220 248/234/222
f 236/233/221 248/234/222 250/235/223
f 215/210/200 232/227/217 236/233/221
f 215/210/200 236/233/221 217/211/201
f 227/236/224 226/222/212 238/221/211
f 227/236/224 238/221/211 239/237/225
f 245/238/226 227/236/224 239/237/225
f 245/238/226 239/237/225 247/239/227
f 242/240/228 206/196/188 203/191/183
f 242/240/228 203/191/183 204/190/182
f 243/241/229 181/174/168 193/242/230
f 243/241/229 193/242/230 244/243/231
f 208/180/174 242/244/228 244/243/231
f 208/180/174 244/243/231 193/242/230
f 228/245/232 245/238/226 230/246/215
f 228/245/232 230/246/215 229/247/216
f 246/248/233 237/249/220 240/250/218
f 246/248/233 240/250/218 247/239/227
f 249/251/234 253/252/235 261/253/236
f 249/251/234 261/253/236 259/254/237
f 254/255/238 246/248/233 247/239/227
f 254/255/238 247/239/227 239/237/225
f 238/221/211 255/256/239 254/255/238
f 238/221/211 254/255/238 239/237/225
f 255/256/239 238/221/211 223/220/210
f 255/256/239 223/220/210 220/215/205
f 261/253/236 262/257/240 250/235/223
f 261/253/236 250/235/223 259/254/237
f 257/258/241 260/217/207 262/257/240
f 257/258/241 262/257/240 261/253/236
f 251/259/242 257/258/241 261/253/236
f 251/259/242 261/253/236 253/252/235
f 264/260/243 263/261/244 265/262/245
f 264/260/243 265/262/245 266/263/246
f 273/264/247 283/265/248 271/266/249
f 273/264/247 271/266/249 274/267/250
f 274/267/250 265/262/245 263/261/244
f 274/267/250 263/261/244 275/268/251
f 270/269/252 284/270/253 276/271/254
f 270/269/252 276/271/254 277/272/255
f 268/273/256 271/266/249 283/265/248
f 268/273/256 283/265/248 284/270/253
f 278/274/257 279/275/258 282/276/259
f 278/274/257 282/276/259 281/277/260
f 279/275/258 273/264/247 298/278/261
f 279/275/258 298/278/261 282/276/259
f 273/264/247 274/267/250 275/268/251
f 273/264/247 275/268/251 298/278/261
f 269/279/262 402/280/263 295/281/264
f 269/279/262 295/281/264 286/282/265
f 286/282/265 295/281/264 288/283/266
f 286/282/265 288/283/266 287/284/267
f 287/284/267 288/283/266 290/285/268
f 287/284/267 290/285/268 289/286/269
f 292/287/270 289/286/269 290/285/268
f 292/287/270 290/285/268 293/288/271
f 255/289/239 256/290/272 289/286/269
f 255/289/239 289/286/269 292/287/270
f 263/261/244 254/291/238 297/292/273
f 263/261/244 297/292/273 298/278/261
f 292/287/270 293/288/271 297/292/273
f 292/287/270 297/292/273 254/291/238
f 296/293/274 387/294/275 288/283/266
f 296/293/274 288/283/266 295/281/264
f 286/282/265 251/259/242 253/252/235
f 286/282/265 253/252/235 269/279/262
f 287/284/267 289/286/269 256/290/272
f 287/284/267 256/290/272 252/295/276
f 251/259/242 286/282/265 287/284/267
f 251/259/242 287/284/267 252/295/276
f 266/296/246 267/297/277 253/252/235
f 266/296/246 253/252/235 249/251/234
f 293/288/271 291/298/278 299/299/279
f 293/288/271 299/299/279 297/292/273
f 299/299/279 291/298/278 300/300/280
f 299/299/279 300/300/280 301/301/281
f 301/302/281 300/303/280 302/304/282
f 301/302/281 302/304/282 303/305/283
f 303/305/283 302/304/282 304/306/284
f 303/305/283 304/306/284 305/307/285
f 305/307/285 304/306/284 306/308/286
f 305/307/285 306/308/286 307/309/287
f 306/308/286 308/310/288 315/311/289
f 306/308/286 315/311/289 307/309/287
f 310/312/290 314/313/291 316/314/292
f 310/312/290 316/314/292 334/315/293
f 316/314/292 317/316/294 312/317/295
f 316/314/292 312/317/295 334/315/293
f 309/318/296 336/319/297 316/314/292
f 309/318/296 316/314/292 314/313/291
f 336/319/297 311/320/298 317/316/294
f 336/319/297 317/316/294 316/314/292
f 323/321/299 327/322/300 308/310/288
f 323/321/299 308/310/288 306/308/286
f 305/307/285 319/323/301 324/324/302
f 305/307/285 324/324/302 303/305/283
f 299/299/279 301/301/281 320/325/303
f 299/299/279 320/325/303 321/326/304
f 303/305/283 324/324/302 320/327/303
f 303/305/283 320/327/303 301/302/281
f 300/300/280 291/298/278 344/328/305
f 300/300/280 344/328/305 322/329/306
f 302/304/282 300/303/280 322/330/306
f 302/304/282 322/330/306 323/321/299
f 319/323/301 315/311/289 325/331/307
f 319/323/301 325/331/307 349/332/308
f 325/331/307 315/311/289 318/333/309
f 325/331/307 318/333/309 326/334/310
f 320/327/303 324/324/302 349/332/308
f 320/327/303 349/332/308 432/335/311
f 332/336/312 308/310/288 327/322/300
f 332/336/312 327/322/300 333/337/313
f 333/337/313 327/322/300 328/338/314
f 333/337/313 328/338/314 329/339/315
f 325/331/307 326/334/310 329/340/315
f 325/331/307 329/340/315 328/341/314
f 326/334/310 318/333/309 330/342/316
f 326/334/310 330/342/316 331/343/317
f 331/344/317 330/345/316 332/336/312
f 331/344/317 332/336/312 333/337/313
f 330/342/316 345/346/318 334/315/293
f 330/342/316 334/315/293 335/347/319
f 336/319/297 346/348/320 330/345/316
f 336/319/297 330/345/316 335/349/319
f 312/317/295 313/350/321 335/347/319
f 312/317/295 335/347/319 334/315/293
f 335/349/319 313/350/321 311/320/298
f 335/349/319 311/320/298 336/319/297
f 337/207/197 212/206/196 218/351/322
f 337/207/197 218/351/322 338/204/194
f 338/204/194 218/351/322 211/214/204
f 338/204/194 211/214/204 339/201/191
f 202/231/219 235/352/186 340/208/198
f 202/231/219 340/208/198 337/207/197
f 235/352/186 210/353/185 341/224/214
f 235/352/186 341/224/214 340/208/198
f 342/354/323 290/285/268 288/283/266
f 342/354/323 288/283/266 387/294/275
f 328/338/314 327/322/300 347/355/324
f 328/338/314 347/355/324 348/356/325
f 325/331/307 328/341/314 348/357/325
f 325/331/307 348/357/325 349/332/308
f 348/356/325 347/355/324 351/358/326
f 348/356/325 351/358/326 352/359/327
f 349/332/308 348/357/325 352/360/327
f 349/332/308 352/360/327 350/361/328
f 347/355/324 323/321/299 322/330/306
f 347/355/324 322/330/306 351/358/326
f 354/362/329 344/363/305 343/364/330
f 354/362/329 343/364/330 353/365/331
f 354/362/329 353/365/331 355/366/332
f 354/362/329 355/366/332 356/367/333
f 356/367/333 355/366/332 357/368/334
f 356/367/333 357/368/334 358/369/335
f 357/368/334 359/370/336 360/371/337
f 357/368/334 360/371/337 358/369/335
f 362/372/338 361/373/339 363/374/340
f 362/372/338 363/374/340 364/375/341
f 365/376/342 366/377/343 363/374/340
f 365/376/342 363/374/340 361/373/339
f 368/378/344 369/379/345 359/370/336
f 368/378/344 359/370/336 357/368/334
f 362/372/338 371/380/346 374/381/347
f 362/372/338 374/381/347 360/371/337
f 356/367/333 372/382/348 373/383/349
f 356/367/333 373/383/349 354/362/329
f 372/382/348 360/371/337 374/381/347
f 372/382/348 374/381/347 383/384/350
f 370/385/351 369/379/345 376/386/352
f 370/385/351 376/386/352 375/387/353
f 374/381/347 371/380/346 375/388/353
f 374/381/347 375/388/353 376/389/352
f 377/390/354 379/391/355 364/375/341
f 377/390/354 364/375/341 381/392/356
f 366/377/343 380/393/357 377/394/354
f 366/377/343 377/394/354 381/395/356
f 376/386/352 369/379/345 368/378/344
f 376/386/352 368/378/344 382/396/358
f 374/381/347 376/389/352 382/397/358
f 374/381/347 382/397/358 383/384/350
f 294/398/359 342/354/323 386/399/360
f 294/398/359 386/399/360 385/400/361
f 353/365/331 343/364/330 385/401/361
f 353/365/331 385/401/361 368/378/344
f 296/293/274 295/281/264 402/280/263
f 296/293/274 402/280/263 388/402/362
f 387/294/275 296/293/274 388/402/362
f 387/294/275 388/402/362 389/403/363
f 352/404/327 351/405/326 395/406/364
f 352/404/327 395/406/364 390/407/365
f 350/408/328 352/404/327 390/407/365
f 350/408/328 390/407/365 434/409/366
f 390/407/365 395/406/364 394/410/367
f 390/407/365 394/410/367 392/411/368
f 434/409/366 390/407/365 392/411/368
f 434/409/366 392/411/368 391/412/369
f 392/411/368 394/410/367 386/399/360
f 392/411/368 386/399/360 393/413/370
f 391/412/369 392/411/368 393/413/370
f 391/412/369 393/413/370 396/414/371
f 359/370/336 369/379/345 370/385/351
f 359/370/336 370/385/351 365/376/342
f 394/415/367 395/416/364 382/396/358
f 394/415/367 382/396/358 368/378/344
f 297/292/273 321/326/304 397/417/372
f 297/292/273 397/417/372 298/278/261
f 281/277/260 282/276/259 398/418/373
f 281/277/260 398/418/373 396/419/371
f 433/420/374 391/421/369 400/422/375
f 433/420/374 400/422/375 399/423/376
f 396/419/371 398/418/373 400/422/375
f 396/419/371 400/422/375 391/421/369
f 298/278/261 397/417/372 398/418/373
f 298/278/261 398/418/373 282/276/259
f 321/326/304 403/424/377 401/425/378
f 321/326/304 401/425/378 397/417/372
f 395/426/364 384/427/379 383/384/350
f 395/426/364 383/384/350 382/397/358
f 280/428/380 281/277/260 396/419/371
f 280/428/380 396/419/371 389/429/363
f 280/428/380 389/429/363 388/430/362
f 280/428/380 388/430/362 277/272/255
f 402/431/263 270/269/252 277/272/255
f 402/431/263 277/272/255 388/430/362
f 403/432/377 404/433/381 405/434/382
f 403/432/377 405/434/382 401/435/378
f 404/433/381 407/436/383 406/437/384
f 404/433/381 406/437/384 405/434/382
f 406/437/384 407/436/383 409/438/385
f 406/437/384 409/438/385 408/439/386
f 412/440/387 410/441/388 411/442/389
f 412/440/387 411/442/389 413/443/390
f 415/444/391 410/441/388 412/440/387
f 415/444/391 412/440/387 416/445/392
f 417/446/393 406/437/384 408/439/386
f 417/446/393 408/439/386 418/447/394
f 411/442/389 409/438/385 420/448/395
f 411/442/389 420/448/395 419/449/396
f 421/450/397 422/451/398 420/448/395
f 421/450/397 420/448/395 409/438/385
f 424/452/399 423/453/400 425/454/401
f 424/452/399 425/454/401 418/447/394
f 420/448/395 425/455/401 423/456/400
f 420/448/395 423/456/400 419/449/396
f 426/457/402 430/458/403 413/443/390
f 426/457/402 413/443/390 428/459/404
f 416/445/392 430/460/403 426/461/402
f 416/445/392 426/461/402 429/462/405
f 425/454/401 431/463/406 417/446/393
f 425/454/401 417/446/393 418/447/394
f 420/448/395 422/451/398 431/464/406
f 420/448/395 431/464/406 425/455/401
f 408/439/386 415/444/391 424/452/399
f 408/439/386 424/452/399 418/447/394
f 431/463/406 435/465/407 433/466/374
f 431/463/406 433/466/374 417/446/393
f 435/467/407 431/464/406 422/451/398
f 435/467/407 422/451/398 432/468/311
f 243/469/229 244/470/231 437/471/408
f 243/469/229 437/471/408 436/472/409
f 436/472/409 437/471/408 439/473/410
f 436/472/409 439/473/410 438/474/411
f 436/472/409 438/474/411 444/475/412
f 436/472/409 444/475/412 440/476/413
f 436/472/409 440/476/413 441/477/414
f 436/472/409 441/477/414 243/469/229
f 184/171/165 243/241/229 441/478/414
f 184/171/165 441/478/414 442/479/415
f 441/477/414 440/476/413 443/480/416
f 441/477/414 443/480/416 558/481/417
f 443/480/416 440/476/413 444/475/412
f 443/480/416 444/475/412 445/482/418
f 441/478/414 558/483/417 447/484/419
f 441/478/414 447/484/419 446/485/420
f 446/485/420 447/484/419 122/486/421
f 446/485/420 122/486/421 121/487/422
f 439/473/410 437/471/408 451/488/423
f 439/473/410 451/488/423 1389/489/424
f 451/488/423 437/471/408 244/470/231
f 451/488/423 244/470/231 242/490/228
f 1389/489/424 451/488/423 204/491/182
f 1389/489/424 204/491/182 1392/492/425
f 1392/493/425 204/494/182 171/495/154
f 1392/493/425 171/495/154 452/496/426
f 452/496/426 171/495/154 483/497/427
f 452/496/426 483/497/427 453/498/428
f 453/498/428 483/497/427 454/499/429
f 453/498/428 454/499/429 455/500/430
f 455/500/430 454/499/429 456/501/431
f 455/500/430 456/501/431 457/502/432
f 457/502/432 456/501/431 458/503/433
f 457/502/432 458/503/433 459/504/434
f 459/504/434 458/503/433 460/505/435
f 459/504/434 460/505/435 461/506/436
f 461/506/436 460/505/435 462/507/437
f 461/506/436 462/507/437 463/508/438
f 463/508/438 462/507/437 464/509/439
f 463/508/438 464/509/439 465/510/440
f 465/510/440 464/509/439 466/511/441
f 465/510/440 466/511/441 467/512/442
f 458/503/433 456/501/431 468/513/443
f 458/503/433 468/513/443 528/514/444
f 460/505/435 458/503/433 469/515/445
f 460/505/435 469/515/445 470/516/446
f 462/507/437 460/505/435 470/516/446
f 462/507/437 470/516/446 471/517/447
f 464/509/439 462/507/437 471/517/447
f 464/509/439 471/517/447 472/518/448
f 466/511/441 464/509/439 472/518/448
f 466/511/441 472/518/448 473/519/449
f 468/513/443 456/501/431 454/499/429
f 468/513/443 454/499/429 474/520/450
f 468/513/443 474/520/450 475/521/451
f 468/513/443 475/521/451 498/522/452
f 475/521/451 474/520/450 476/523/453
f 475/521/451 476/523/453 477/524/454
f 476/523/453 474/520/450 479/525/455
f 476/523/453 479/525/455 480/526/456
f 482/527/457 479/525/455 483/497/427
f 482/527/457 483/497/427 484/528/458
f 482/527/457 484/528/458 486/529/459
f 482/527/457 486/529/459 519/530/460
f 487/531/461 488/532/462 490/533/463
f 487/531/461 490/533/463 489/534/464
f 487/531/461 489/534/464 492/535/465
f 487/531/461 492/535/465 491/536/466
f 492/535/465 489/534/464 493/537/467
f 492/535/465 493/537/467 494/538/468
f 488/532/462 498/522/452 495/539/469
f 488/532/462 495/539/469 496/540/470
f 490/533/463 488/532/462 496/540/470
f 490/533/463 496/540/470 497/541/471
f 171/495/154 173/542/157 484/528/458
f 171/495/154 484/528/458 483/497/427
f 479/525/455 474/520/450 454/499/429
f 479/525/455 454/499/429 483/497/427
f 489/534/464 490/533/463 497/541/471
f 489/534/464 497/541/471 493/537/467
f 499/543/472 475/521/451 505/544/473
f 499/543/472 505/544/473 503/545/474
f 507/546/475 502/547/476 508/548/477
f 507/546/475 508/548/477 509/549/478
f 481/550/479 519/530/460 508/548/477
f 481/550/479 508/548/477 502/547/476
f 503/545/474 514/551/480 537/552/481
f 503/545/474 537/552/481 501/553/482
f 511/554/483 510/555/484 514/551/480
f 511/554/483 514/551/480 503/545/474
f 515/556/485 486/529/459 484/528/458
f 515/556/485 484/528/458 173/542/157
f 513/557/486 514/551/480 510/555/484
f 513/557/486 510/555/484 521/558/487
f 520/559/488 542/560/489 546/561/490
f 520/559/488 546/561/490 522/562/491
f 470/516/446 469/515/445 523/563/492
f 470/516/446 523/563/492 524/564/493
f 471/517/447 470/516/446 524/564/493
f 471/517/447 524/564/493 525/565/494
f 472/518/448 471/517/447 525/565/494
f 472/518/448 525/565/494 526/566/495
f 531/567/496 491/536/466 492/535/465
f 531/567/496 492/535/465 533/568/497
f 541/569/498 515/556/485 538/570/499
f 541/569/498 538/570/499 539/571/500
f 539/571/500 540/572/501 543/573/502
f 539/571/500 543/573/502 541/569/498
f 542/560/489 545/574/503 547/575/504
f 542/560/489 547/575/504 546/561/490
f 550/576/505 551/577/506 552/578/507
f 550/576/505 552/578/507 445/482/418
f 551/577/506 549/579/508 555/580/509
f 551/577/506 555/580/509 557/581/510
f 548/582/511 600/583/512 555/580/509
f 548/582/511 555/580/509 549/579/508
f 450/584/513 568/585/514 189/164/158
f 450/584/513 189/164/158 188/166/160
f 568/585/514 572/586/515 573/587/516
f 568/585/514 573/587/516 571/588/517
f 569/589/518 578/590/519 586/591/520
f 569/589/518 586/591/520 577/592/521
f 448/593/522 564/594/523 591/595/524
f 448/593/522 591/595/524 590/596/525
f 561/597/526 743/598/527 744/599/528
f 561/597/526 744/599/528 595/600/529
f 600/583/512 593/601/530 598/602/531
f 600/583/512 598/602/531 599/603/532
f 559/604/533 599/603/532 594/605/534
f 559/604/533 594/605/534 601/606/535
f 594/605/534 598/602/531 593/601/530
f 594/605/534 593/601/530 592/607/536
f 555/608/509 600/609/512 605/610/537
f 555/608/509 605/610/537 604/611/538
f 604/611/538 590/612/525 591/613/524
f 604/611/538 591/613/524 555/608/509
f 605/610/537 600/609/512 599/614/532
f 605/610/537 599/614/532 559/615/533
f 635/616/539 930/617/540 936/618/541
f 635/616/539 936/618/541 603/619/542
f 993/620/543 994/621/544 610/622/545
f 993/620/543 610/622/545 607/623/546
f 610/622/545 995/624/547 618/625/548
f 610/622/545 618/625/548 617/626/549
f 619/627/550 620/628/551 618/625/548
f 619/627/550 618/625/548 995/624/547
f 648/629/552 618/630/548 620/631/551
f 648/629/552 620/631/551 643/632/553
f 547/575/504 545/574/503 627/633/554
f 547/575/504 627/633/554 625/634/555
f 624/635/556 628/636/557 627/633/554
f 624/635/556 627/633/554 626/637/558
f 581/638/559 628/636/557 624/635/556
f 581/638/559 624/635/556 580/639/560
f 581/640/559 610/641/545 617/642/549
f 581/640/559 617/642/549 628/643/557
f 555/608/509 591/613/524 556/644/561
f 555/608/509 556/644/561 557/645/510
f 630/646/562 629/647/563 631/648/564
f 630/646/562 631/648/564 632/649/565
f 560/650/566 630/646/562 634/651/567
f 560/650/566 634/651/567 635/652/539
f 632/649/565 631/648/564 633/653/568
f 632/649/565 633/653/568 634/651/567
f 603/654/542 638/655/569 637/656/570
f 603/654/542 637/656/570 636/657/571
f 559/615/533 638/658/569 606/659/572
f 559/615/533 606/659/572 605/610/537
f 643/632/553 644/660/573 647/661/574
f 643/632/553 647/661/574 646/662/575
f 647/661/574 644/660/573 676/663/576
f 647/661/574 676/663/576 649/664/577
f 641/665/578 640/666/579 651/667/580
f 641/665/578 651/667/580 652/668/581
f 639/669/582 641/665/578 654/670/583
f 639/669/582 654/670/583 653/671/584
f 641/665/578 652/668/581 655/672/585
f 641/665/578 655/672/585 654/670/583
f 673/673/586 653/674/584 656/675/587
f 673/673/586 656/675/587 657/676/588
f 654/670/583 655/672/585 658/677/589
f 654/670/583 658/677/589 656/678/587
f 656/675/587 662/679/590 663/680/591
f 656/675/587 663/680/591 657/676/588
f 656/678/587 658/677/589 664/681/592
f 656/678/587 664/681/592 662/682/590
f 662/679/590 665/683/593 660/684/594
f 662/679/590 660/684/594 663/680/591
f 661/685/595 665/686/593 662/682/590
f 661/685/595 662/682/590 664/681/592
f 673/673/586 657/676/588 667/687/596
f 673/673/586 667/687/596 672/688/597
f 658/677/589 655/672/585 666/689/598
f 658/677/589 666/689/598 668/690/599
f 663/680/591 660/684/594 669/691/600
f 663/680/591 669/691/600 670/692/601
f 664/681/592 658/677/589 668/690/599
f 664/681/592 668/690/599 671/693/602
f 657/676/588 663/680/591 670/692/601
f 657/676/588 670/692/601 667/687/596
f 661/685/595 664/681/592 671/693/602
f 661/685/595 671/693/602 669/691/600
f 671/693/602 668/690/599 667/687/596
f 671/693/602 667/687/596 670/692/601
f 668/690/599 674/694/603 672/688/597
f 668/690/599 672/688/597 667/687/596
f 674/694/603 666/689/598 675/695/604
f 674/694/603 675/695/604 677/696/605
f 675/695/604 666/689/598 655/672/585
f 675/695/604 655/672/585 652/668/581
f 673/673/586 672/688/597 678/697/606
f 673/673/586 678/697/606 676/698/576
f 915/699/607 679/700/608 680/701/609
f 915/699/607 680/701/609 767/702/610
f 915/699/607 682/703/611 683/704/612
f 915/699/607 683/704/612 679/700/608
f 681/705/613 680/706/609 684/707/614
f 681/705/613 684/707/614 685/708/615
f 681/705/613 685/708/615 687/709/616
f 681/705/613 687/709/616 699/710/617
f 686/711/618 683/704/612 689/712/619
f 686/711/618 689/712/619 711/713/620
f 687/709/616 690/714/621 698/715/622
f 687/709/616 698/715/622 699/710/617
f 693/716/623 694/717/624 696/718/625
f 693/716/623 696/718/625 697/719/626
f 688/720/627 701/721/628 697/719/626
f 688/720/627 697/719/626 696/718/625
f 691/722/629 688/720/627 699/710/617
f 691/722/629 699/710/617 698/715/622
f 697/719/626 701/721/628 703/723/630
f 697/719/626 703/723/630 704/724/631
f 706/725/632 689/712/619 683/704/612
f 706/725/632 683/704/612 682/703/611
f 707/726/633 708/727/634 749/728/635
f 707/726/633 749/728/635 750/729/636
f 679/700/608 683/704/612 686/711/618
f 679/700/608 686/711/618 710/730/637
f 685/708/615 684/707/614 712/731/638
f 685/708/615 712/731/638 713/732/639
f 710/730/637 686/711/618 714/733/640
f 710/730/637 714/733/640 716/734/641
f 715/735/642 687/709/616 685/708/615
f 715/735/642 685/708/615 713/732/639
f 711/713/620 690/714/621 722/736/643
f 711/713/620 722/736/643 717/737/644
f 690/714/621 687/709/616 715/735/642
f 690/714/621 715/735/642 722/736/643
f 684/738/614 710/730/637 716/734/641
f 684/738/614 716/734/641 712/739/638
f 686/711/618 711/713/620 717/737/644
f 686/711/618 717/737/644 714/733/640
f 712/739/638 716/734/641 720/740/645
f 712/739/638 720/740/645 718/741/646
f 715/735/642 713/732/639 718/742/646
f 715/735/642 718/742/646 723/743/647
f 714/733/640 717/737/644 721/744/648
f 714/733/640 721/744/648 720/740/645
f 721/744/648 717/737/644 722/736/643
f 721/744/648 722/736/643 719/745/649
f 723/743/647 719/745/649 722/736/643
f 723/743/647 722/736/643 715/735/642
f 718/742/646 724/746/650 727/747/651
f 718/742/646 727/747/651 723/743/647
f 720/740/645 721/744/648 725/748/652
f 720/740/645 725/748/652 724/749/650
f 721/744/648 719/745/649 726/750/653
f 721/744/648 726/750/653 725/748/652
f 723/743/647 727/747/651 726/750/653
f 723/743/647 726/750/653 719/745/649
f 772/751/654 729/752/655 771/753/656
f 772/751/654 771/753/656 681/705/613
f 649/754/577 676/755/576 732/756/657
f 649/754/577 732/756/657 731/757/658
f 729/758/655 700/759/659 733/760/660
f 729/758/655 733/760/660 734/761/661
f 678/762/606 730/763/662 734/761/661
f 678/762/606 734/761/661 732/756/657
f 732/756/657 737/764/663 736/765/664
f 732/756/657 736/765/664 731/757/658
f 734/761/661 733/760/660 738/766/665
f 734/761/661 738/766/665 739/767/666
f 734/761/661 739/767/666 737/764/663
f 734/761/661 737/764/663 732/756/657
f 743/598/527 561/597/526 740/768/667
f 743/598/527 740/768/667 742/769/668
f 743/598/527 603/654/542 636/657/571
f 743/598/527 636/657/571 744/599/528
f 744/599/528 596/770/669 601/606/535
f 744/599/528 601/606/535 745/771/670
f 757/772/671 752/773/672 759/774/673
f 757/772/671 759/774/673 761/775/674
f 760/776/675 757/772/671 761/775/674
f 760/776/675 761/775/674 762/777/676
f 677/778/605 921/779/677 922/780/678
f 677/778/605 922/780/678 730/781/662
f 681/705/613 696/718/625 692/782/679
f 681/705/613 692/782/679 772/751/654
f 763/783/680 758/784/681 773/785/682
f 763/783/680 773/785/682 775/786/683
f 760/776/675 762/777/676 773/785/682
f 760/776/675 773/785/682 758/784/681
f 777/787/684 754/788/685 787/789/686
f 777/787/684 787/789/686 776/790/687
f 756/791/688 782/792/689 784/793/690
f 756/791/688 784/793/690 783/794/691
f 791/795/692 794/796/693 801/797/694
f 791/795/692 801/797/694 800/798/695
f 786/799/696 781/800/697 779/801/698
f 786/799/696 779/801/698 806/802/699
f 774/803/700 799/804/701 810/805/702
f 774/803/700 810/805/702 809/806/703
f 811/807/704 807/808/705 809/806/703
f 811/807/704 809/806/703 810/805/702
f 808/809/706 811/807/704 810/805/702
f 808/809/706 810/805/702 819/810/707
f 814/811/708 808/809/706 819/810/707
f 814/811/708 819/810/707 820/812/709
f 830/813/710 822/814/711 801/797/694
f 830/813/710 801/797/694 829/815/712
f 839/816/713 838/817/714 841/818/715
f 839/816/713 841/818/715 840/819/716
f 838/817/714 839/816/713 848/820/717
f 838/817/714 848/820/717 847/821/718
f 842/822/719 838/817/714 847/821/718
f 842/822/719 847/821/718 849/823/720
f 847/821/718 848/820/717 859/824/721
f 847/821/718 859/824/721 850/825/722
f 849/823/720 847/821/718 850/825/722
f 849/823/720 850/825/722 851/826/723
f 852/827/724 845/828/725 842/822/719
f 852/827/724 842/822/719 849/823/720
f 845/828/725 852/827/724 854/829/726
f 845/828/725 854/829/726 853/830/727
f 852/827/724 873/831/728 871/832/729
f 852/827/724 871/832/729 854/829/726
f 863/833/730 825/834/731 840/819/716
f 863/833/730 840/819/716 841/818/715
f 863/833/730 841/818/715 843/835/732
f 863/833/730 843/835/732 844/836/733
f 843/835/732 862/837/734 864/838/735
f 843/835/732 864/838/735 844/836/733
f 857/839/736 855/840/737 883/841/738
f 857/839/736 883/841/738 884/842/739
f 856/843/740 857/839/736 884/842/739
f 856/843/740 884/842/739 1380/844/741
f 869/845/742 870/846/743 871/832/729
f 869/845/742 871/832/729 873/831/728
f 851/826/723 850/825/722 855/840/737
f 851/826/723 855/840/737 857/839/736
f 881/847/744 876/848/745 877/849/746
f 881/847/744 877/849/746 868/850/747
f 877/849/746 876/848/745 878/851/748
f 877/849/746 878/851/748 879/852/749
f 879/852/749 878/851/748 892/853/750
f 879/852/749 892/853/750 880/854/751
f 881/847/744 868/850/747 883/841/738
f 881/847/744 883/841/738 882/855/752
f 868/850/747 946/856/753 884/842/739
f 868/850/747 884/842/739 883/841/738
f 887/857/754 886/858/755 890/859/756
f 887/857/754 890/859/756 891/860/757
f 885/861/758 887/857/754 891/860/757
f 885/861/758 891/860/757 889/862/759
f 896/863/760 860/864/761 888/865/762
f 896/863/760 888/865/762 895/866/763
f 878/851/748 876/848/745 893/867/764
f 878/851/748 893/867/764 892/853/750
f 876/848/745 881/847/744 894/868/765
f 876/848/745 894/868/765 893/867/764
f 881/847/744 885/861/758 889/862/759
f 881/847/744 889/862/759 894/868/765
f 875/869/766 877/849/746 879/852/749
f 875/869/766 879/852/749 880/854/751
f 895/866/763 890/859/756 886/858/755
f 895/866/763 886/858/755 896/863/760
f 861/870/767 848/820/717 839/816/713
f 861/870/767 839/816/713 927/871/768
f 825/834/731 914/872/769 913/873/770
f 825/834/731 913/873/770 840/819/716
f 520/559/488 522/562/491 521/558/487
f 520/559/488 521/558/487 510/555/484
f 615/874/771 613/875/772 897/876/773
f 615/874/771 897/876/773 898/877/774
f 901/878/775 900/879/776 898/877/774
f 901/878/775 898/877/774 897/876/773
f 615/880/771 898/881/774 903/882/777
f 615/880/771 903/882/777 902/883/778
f 903/882/777 919/884/779 910/885/780
f 903/882/777 910/885/780 908/886/781
f 902/883/778 903/882/777 908/886/781
f 902/883/778 908/886/781 907/887/782
f 675/695/604 652/668/581 904/888/783
f 675/695/604 904/888/783 905/889/784
f 905/890/784 904/891/783 906/892/785
f 905/890/784 906/892/785 909/893/786
f 910/885/780 911/894/787 907/887/782
f 910/885/780 907/887/782 908/886/781
f 910/885/780 919/884/779 909/893/786
f 910/885/780 909/893/786 911/895/787
f 913/873/770 914/872/769 915/896/607
f 913/873/770 915/896/607 916/897/788
f 912/898/789 900/899/776 916/897/788
f 912/898/789 916/897/788 915/896/607
f 914/872/769 828/900/790 827/901/791
f 914/872/769 827/901/791 682/902/611
f 768/903/792 769/904/793 918/905/794
f 768/903/792 918/905/794 917/906/795
f 912/907/789 768/903/792 917/906/795
f 912/907/789 917/906/795 919/908/779
f 921/779/677 677/778/605 675/909/604
f 921/779/677 675/909/604 923/910/796
f 905/911/784 909/912/786 923/913/796
f 905/911/784 923/913/796 675/914/604
f 919/908/779 917/906/795 923/913/796
f 919/908/779 923/913/796 909/912/786
f 768/903/792 915/915/607 767/916/610
f 768/903/792 767/916/610 924/917/797
f 930/617/540 633/918/568 932/919/798
f 930/617/540 932/919/798 931/920/799
f 853/830/727 854/829/726 934/921/800
f 853/830/727 934/921/800 935/922/801
f 854/829/726 871/832/729 933/923/802
f 854/829/726 933/923/802 953/924/803
f 930/617/540 931/920/799 937/925/804
f 930/617/540 937/925/804 936/618/541
f 853/830/727 937/925/804 846/926/805
f 853/830/727 846/926/805 845/828/725
f 953/924/803 938/927/806 954/928/807
f 953/924/803 954/928/807 934/921/800
f 941/929/808 895/866/763 888/865/762
f 941/929/808 888/865/762 938/930/806
f 939/931/809 954/932/807 938/930/806
f 939/931/809 938/930/806 888/865/762
f 861/870/767 927/871/768 928/933/810
f 861/870/767 928/933/810 939/931/809
f 939/931/809 928/933/810 901/934/775
f 939/931/809 901/934/775 954/932/807
f 890/859/756 895/866/763 941/929/808
f 890/859/756 941/929/808 940/935/811
f 892/853/750 893/867/764 942/936/812
f 892/853/750 942/936/812 1151/937/813
f 1151/938/813 942/939/812 944/940/814
f 1151/938/813 944/940/814 992/941/815
f 942/939/812 943/942/816 945/943/817
f 942/939/812 945/943/817 944/940/814
f 944/940/814 948/944/818 959/945/819
f 944/940/814 959/945/819 992/941/815
f 948/944/818 944/940/814 952/946/820
f 948/944/818 952/946/820 947/947/821
f 947/947/821 950/948/822 872/949/823
f 947/947/821 872/949/823 1380/844/741
f 951/950/824 950/948/822 947/947/821
f 951/950/824 947/947/821 952/946/820
f 945/943/817 955/951/825 956/952/826
f 945/943/817 956/952/826 951/950/824
f 870/846/743 869/845/742 872/949/823
f 870/846/743 872/949/823 950/948/822
f 951/950/824 956/952/826 870/846/743
f 951/950/824 870/846/743 950/948/822
f 940/953/811 941/954/808 955/951/825
f 940/953/811 955/951/825 945/943/817
f 955/951/825 941/954/808 938/927/806
f 955/951/825 938/927/806 953/924/803
f 954/928/807 901/955/775 899/956/827
f 954/928/807 899/956/827 934/921/800
f 949/957/828 875/869/766 957/958/829
f 949/957/828 957/958/829 958/959/830
f 949/957/828 958/959/830 979/960/831
f 949/957/828 979/960/831 959/945/819
f 961/961/832 957/958/829 880/854/751
f 961/961/832 880/854/751 960/962/833
f 963/963/834 958/959/830 957/958/829
f 963/963/834 957/958/829 962/964/835
f 1152/965/836 964/966/837 960/962/833
f 1152/965/836 960/962/833 880/854/751
f 1077/967/838 962/964/835 961/961/832
f 1077/967/838 961/961/832 1078/968/839
f 961/961/832 960/962/833 1115/969/840
f 961/961/832 1115/969/840 1114/970/841
f 963/963/834 962/964/835 965/971/842
f 963/963/834 965/971/842 966/972/843
f 960/962/833 964/966/837 1154/973/844
f 960/962/833 1154/973/844 1153/974/845
f 966/972/843 965/971/842 967/975/846
f 966/972/843 967/975/846 968/976/847
f 968/976/847 967/975/846 969/977/848
f 968/976/847 969/977/848 970/978/849
f 970/978/849 969/977/848 971/979/850
f 970/978/849 971/979/850 972/980/851
f 972/980/851 971/979/850 973/981/852
f 972/980/851 973/981/852 977/982/853
f 958/959/830 1042/983/854 1041/984/855
f 958/959/830 1041/984/855 979/960/831
f 966/972/843 968/976/847 981/985/856
f 966/972/843 981/985/856 980/986/857
f 972/980/851 977/982/853 983/987/858
f 972/980/851 983/987/858 981/985/856
f 983/987/858 977/982/853 975/988/859
f 983/987/858 975/988/859 982/989/860
f 986/990/861 976/991/862 974/992/863
f 986/990/861 974/992/863 984/993/864
f 975/988/859 976/991/862 986/990/861
f 975/988/859 986/990/861 985/994/865
f 987/995/866 986/990/861 984/993/864
f 987/995/866 984/993/864 1036/996/867
f 985/994/865 986/990/861 987/995/866
f 985/994/865 987/995/866 1035/997/868
f 979/960/831 1041/984/855 1052/998/869
f 979/960/831 1052/998/869 988/999/870
f 992/941/815 959/945/819 979/960/831
f 992/941/815 979/960/831 988/999/870
f 608/1000/871 611/1001/872 994/621/544
f 608/1000/871 994/621/544 993/620/543
f 995/624/547 994/621/544 611/1001/872
f 995/624/547 611/1001/872 642/1002/873
f 1000/1003/874 816/1004/875 814/811/708
f 1000/1003/874 814/811/708 997/1005/876
f 830/813/710 1010/1006/877 1009/1007/878
f 830/813/710 1009/1007/878 822/814/711
f 837/1008/879 832/1009/880 1010/1006/877
f 837/1008/879 1010/1006/877 830/813/710
f 1003/1010/881 844/836/733 865/1011/882
f 1003/1010/881 865/1011/882 1013/1012/883
f 1016/1013/884 1007/1014/885 1022/1015/886
f 1016/1013/884 1022/1015/886 1015/1016/887
f 865/1011/882 999/1017/888 1019/1018/889
f 865/1011/882 1019/1018/889 1023/1019/890
f 824/1020/891 1012/1021/892 835/1022/893
f 824/1020/891 835/1022/893 836/1023/894
f 1028/1024/895 1025/1025/896 973/981/852
f 1028/1024/895 973/981/852 971/979/850
f 1025/1025/896 1026/1026/897 974/992/863
f 1025/1025/896 974/992/863 973/981/852
f 1027/1027/898 1028/1024/895 967/975/846
f 1027/1027/898 967/975/846 965/971/842
f 1029/1028/899 1030/1029/900 983/987/858
f 1029/1028/899 983/987/858 982/989/860
f 1031/1030/901 1032/1031/902 1026/1026/897
f 1031/1030/901 1026/1026/897 1025/1025/896
f 1030/1032/900 1029/1033/899 1032/1034/902
f 1030/1032/900 1032/1034/902 1031/1035/901
f 1033/1036/903 1034/1037/904 1032/1034/902
f 1033/1036/903 1032/1034/902 1029/1033/899
f 1035/1038/868 1036/1039/867 1034/1037/904
f 1035/1038/868 1034/1037/904 1033/1036/903
f 1039/1040/905 1037/1041/906 1030/1032/900
f 1039/1040/905 1030/1032/900 1031/1035/901
f 1112/1042/907 1038/1043/908 1037/1041/906
f 1112/1042/907 1037/1041/906 1039/1040/905
f 1028/1024/895 1039/1044/905 1031/1030/901
f 1028/1024/895 1031/1030/901 1025/1025/896
f 1027/1027/898 1112/1045/907 1039/1044/905
f 1027/1027/898 1039/1044/905 1028/1024/895
f 1038/1046/908 980/986/857 981/985/856
f 1038/1046/908 981/985/856 1037/1047/906
f 1041/984/855 1042/983/854 1043/1048/909
f 1041/984/855 1043/1048/909 1044/1049/910
f 1044/1049/910 1043/1048/909 1045/1050/911
f 1044/1049/910 1045/1050/911 1046/1051/912
f 1046/1051/912 1045/1050/911 1047/1052/913
f 1046/1051/912 1047/1052/913 1048/1053/914
f 1041/984/855 1044/1049/910 1053/1054/915
f 1041/984/855 1053/1054/915 1052/998/869
f 1053/1054/915 1048/1053/914 1051/1055/916
f 1053/1054/915 1051/1055/916 1054/1056/917
f 1055/1057/918 1049/1058/919 1050/1059/920
f 1055/1057/918 1050/1059/920 1056/1060/921
f 1051/1055/916 1049/1058/919 1055/1057/918
f 1051/1055/916 1055/1057/918 1057/1061/922
f 1058/1062/923 1055/1057/918 1056/1060/921
f 1058/1062/923 1056/1060/921 1059/1063/924
f 1057/1061/922 1055/1057/918 1058/1062/923
f 1057/1061/922 1058/1062/923 1060/1064/925
f 1061/1065/926 1062/1066/927 1050/1059/920
f 1061/1065/926 1050/1059/920 1047/1052/913
f 978/1067/928 1061/1065/926 1043/1048/909
f 978/1067/928 1043/1048/909 1042/983/854
f 1063/1068/929 1070/1069/930 1053/1054/915
f 1063/1068/929 1053/1054/915 1054/1056/917
f 1069/1070/931 1064/1071/932 1062/1066/927
f 1069/1070/931 1062/1066/927 1061/1065/926
f 1070/1072/930 1063/1073/929 1064/1074/932
f 1070/1072/930 1064/1074/932 1069/1075/931
f 1065/1076/933 1066/1077/934 1064/1074/932
f 1065/1076/933 1064/1074/932 1063/1073/929
f 1067/1078/935 1068/1079/936 1066/1077/934
f 1067/1078/935 1066/1077/934 1065/1076/933
f 1060/1080/925 1059/1081/924 1068/1079/936
f 1060/1080/925 1068/1079/936 1067/1078/935
f 1071/1082/937 1187/1083/938 1070/1072/930
f 1071/1082/937 1070/1072/930 1069/1075/931
f 1061/1065/926 978/1067/928 1071/1084/937
f 1061/1065/926 1071/1084/937 1069/1070/931
f 1187/1085/938 1052/998/869 1053/1054/915
f 1187/1085/938 1053/1054/915 1070/1069/930
f 1073/1086/939 963/963/834 966/972/843
f 1073/1086/939 966/972/843 980/986/857
f 1076/1087/940 1074/1088/941 990/1089/942
f 1076/1087/940 990/1089/942 1187/1090/938
f 1073/1086/939 980/986/857 1038/1046/908
f 1073/1086/939 1038/1046/908 1075/1091/943
f 1075/1092/943 1038/1043/908 1112/1042/907
f 1075/1092/943 1112/1042/907 1076/1087/940
f 981/985/856 983/987/858 1030/1029/900
f 981/985/856 1030/1029/900 1037/1047/906
f 1077/967/838 1078/968/839 1079/1093/944
f 1077/967/838 1079/1093/944 1080/1094/945
f 1080/1094/945 1079/1093/944 1081/1095/946
f 1080/1094/945 1081/1095/946 1082/1096/947
f 1082/1096/947 1081/1095/946 1083/1097/948
f 1082/1096/947 1083/1097/948 1084/1098/949
f 1084/1098/949 1083/1097/948 1085/1099/950
f 1084/1098/949 1085/1099/950 1086/1100/951
f 1077/967/838 1080/1094/945 1091/1101/952
f 1077/967/838 1091/1101/952 1090/1102/953
f 1084/1098/949 1086/1100/951 1092/1103/954
f 1084/1098/949 1092/1103/954 1091/1101/952
f 1092/1103/954 1086/1100/951 1089/1104/955
f 1092/1103/954 1089/1104/955 1093/1105/956
f 1094/1106/957 1087/1107/958 1088/1108/959
f 1094/1106/957 1088/1108/959 1095/1109/960
f 1089/1104/955 1087/1107/958 1094/1106/957
f 1089/1104/955 1094/1106/957 1096/1110/961
f 1097/1111/962 1094/1106/957 1095/1109/960
f 1097/1111/962 1095/1109/960 1098/1112/963
f 1096/1110/961 1094/1106/957 1097/1111/962
f 1096/1110/961 1097/1111/962 1099/1113/964
f 1100/1114/965 1101/1115/966 1085/1099/950
f 1100/1114/965 1085/1099/950 1083/1097/948
f 1101/1115/966 1102/1116/967 1088/1108/959
f 1101/1115/966 1088/1108/959 1085/1099/950
f 1103/1117/968 1100/1114/965 1079/1093/944
f 1103/1117/968 1079/1093/944 1078/968/839
f 1093/1105/956 1104/1118/969 1105/1119/970
f 1093/1105/956 1105/1119/970 1092/1103/954
f 1106/1120/971 1107/1121/972 1102/1116/967
f 1106/1120/971 1102/1116/967 1101/1115/966
f 1105/1122/970 1104/1123/969 1107/1124/972
f 1105/1122/970 1107/1124/972 1106/1125/971
f 1108/1126/973 1109/1127/974 1107/1124/972
f 1108/1126/973 1107/1124/972 1104/1123/969
f 1099/1128/964 1098/1129/963 1109/1127/974
f 1099/1128/964 1109/1127/974 1108/1126/973
f 1110/1130/975 1111/1131/976 1105/1122/970
f 1110/1130/975 1105/1122/970 1106/1125/971
f 1148/1132/977 1112/1042/907 1111/1131/976
f 1148/1132/977 1111/1131/976 1110/1130/975
f 1100/1114/965 1110/1133/975 1106/1120/971
f 1100/1114/965 1106/1120/971 1101/1115/966
f 1103/1117/968 1148/1134/977 1110/1133/975
f 1103/1117/968 1110/1133/975 1100/1114/965
f 1112/1045/907 1090/1102/953 1091/1101/952
f 1112/1045/907 1091/1101/952 1111/1135/976
f 1091/1101/952 1092/1103/954 1105/1119/970
f 1091/1101/952 1105/1119/970 1111/1135/976
f 1077/967/838 1090/1102/953 1027/1027/898
f 1077/967/838 1027/1027/898 965/971/842
f 1114/970/841 1115/969/840 1116/1136/978
f 1114/970/841 1116/1136/978 1117/1137/979
f 1117/1137/979 1116/1136/978 1118/1138/980
f 1117/1137/979 1118/1138/980 1119/1139/981
f 1119/1139/981 1118/1138/980 1120/1140/982
f 1119/1139/981 1120/1140/982 1121/1141/983
f 1121/1141/983 1120/1140/982 1122/1142/984
f 1121/1141/983 1122/1142/984 1123/1143/985
f 1114/970/841 1117/1137/979 1128/1144/986
f 1114/970/841 1128/1144/986 1127/1145/987
f 1121/1141/983 1123/1143/985 1129/1146/988
f 1121/1141/983 1129/1146/988 1128/1144/986
f 1129/1146/988 1123/1143/985 1126/1147/989
f 1129/1146/988 1126/1147/989 1130/1148/990
f 1131/1149/991 1124/1150/992 1125/1151/993
f 1131/1149/991 1125/1151/993 1132/1152/994
f 1126/1147/989 1124/1150/992 1131/1149/991
f 1126/1147/989 1131/1149/991 1133/1153/995
f 1135/1154/996 1136/1155/997 1122/1142/984
f 1135/1154/996 1122/1142/984 1120/1140/982
f 1136/1155/997 1137/1156/998 1125/1151/993
f 1136/1155/997 1125/1151/993 1122/1142/984
f 1138/1157/999 1135/1154/996 1116/1136/978
f 1138/1157/999 1116/1136/978 1115/969/840
f 1139/1158/1000 1140/1159/1001 1129/1146/988
f 1139/1158/1000 1129/1146/988 1130/1148/990
f 1141/1160/1002 1142/1161/1003 1137/1156/998
f 1141/1160/1002 1137/1156/998 1136/1155/997
f 1140/1162/1001 1139/1163/1000 1142/1164/1003
f 1140/1162/1001 1142/1164/1003 1141/1165/1002
f 1143/1166/1004 1144/1167/1005 1142/1164/1003
f 1143/1166/1004 1142/1164/1003 1139/1163/1000
f 1145/1168/1006 1146/1169/1007 1140/1162/1001
f 1145/1168/1006 1140/1162/1001 1141/1165/1002
f 1147/1170/1008 1148/1171/977 1146/1169/1007
f 1147/1170/1008 1146/1169/1007 1145/1168/1006
f 1135/1154/996 1145/1172/1006 1141/1160/1002
f 1135/1154/996 1141/1160/1002 1136/1155/997
f 1138/1157/999 1147/1173/1008 1145/1172/1006
f 1138/1157/999 1145/1172/1006 1135/1154/996
f 1148/1134/977 1127/1145/987 1128/1144/986
f 1148/1134/977 1128/1144/986 1146/1174/1007
f 1128/1144/986 1129/1146/988 1140/1159/1001
f 1128/1144/986 1140/1159/1001 1146/1174/1007
f 1103/1117/968 1078/968/839 1114/970/841
f 1103/1117/968 1114/970/841 1127/1145/987
f 1148/1132/977 1074/1088/941 1076/1087/940
f 1148/1132/977 1076/1087/940 1112/1042/907
f 1150/1175/1009 1149/1176/1010 989/1177/1011
f 1150/1175/1009 989/1177/1011 1074/1178/941
f 1149/1179/1010 1152/965/836 892/853/750
f 1149/1179/1010 892/853/750 1151/937/813
f 964/966/837 1152/965/836 1149/1179/1010
f 964/966/837 1149/1179/1010 1150/1180/1009
f 606/659/572 638/658/569 603/1181/542
f 606/659/572 603/1181/542 936/1182/541
f 1153/974/845 1154/973/844 1155/1183/1012
f 1153/974/845 1155/1183/1012 1156/1184/1013
f 1156/1184/1013 1155/1183/1012 1157/1185/1014
f 1156/1184/1013 1157/1185/1014 1158/1186/1015
f 1158/1186/1015 1157/1185/1014 1159/1187/1016
f 1158/1186/1015 1159/1187/1016 1160/1188/1017
f 1160/1188/1017 1159/1187/1016 1161/1189/1018
f 1160/1188/1017 1161/1189/1018 1162/1190/1019
f 1153/974/845 1156/1184/1013 1167/1191/1020
f 1153/974/845 1167/1191/1020 1166/1192/1021
f 1160/1188/1017 1162/1190/1019 1168/1193/1022
f 1160/1188/1017 1168/1193/1022 1167/1191/1020
f 1168/1193/1022 1162/1190/1019 1165/1194/1023
f 1168/1193/1022 1165/1194/1023 1169/1195/1024
f 1170/1196/1025 1163/1197/1026 1164/1198/1027
f 1170/1196/1025 1164/1198/1027 1171/1199/1028
f 1165/1194/1023 1163/1197/1026 1170/1196/1025
f 1165/1194/1023 1170/1196/1025 1172/1200/1029
f 1174/1201/1030 1175/1202/1031 1161/1189/1018
f 1174/1201/1030 1161/1189/1018 1159/1187/1016
f 1175/1202/1031 1176/1203/1032 1164/1198/1027
f 1175/1202/1031 1164/1198/1027 1161/1189/1018
f 1177/1204/1033 1174/1201/1030 1155/1183/1012
f 1177/1204/1033 1155/1183/1012 1154/973/844
f 1178/1205/1034 1179/1206/1035 1168/1193/1022
f 1178/1205/1034 1168/1193/1022 1169/1195/1024
f 1180/1207/1036 1181/1208/1037 1176/1203/1032
f 1180/1207/1036 1176/1203/1032 1175/1202/1031
f 1179/1209/1035 1178/1210/1034 1181/1211/1037
f 1179/1209/1035 1181/1211/1037 1180/1212/1036
f 1182/1213/1038 1183/1214/1039 1181/1211/1037
f 1182/1213/1038 1181/1211/1037 1178/1210/1034
f 1184/1215/1040 1185/1216/1041 1179/1209/1035
f 1184/1215/1040 1179/1209/1035 1180/1212/1036
f 1186/1217/1042 1147/1170/1008 1185/1216/1041
f 1186/1217/1042 1185/1216/1041 1184/1215/1040
f 1174/1201/1030 1184/1218/1040 1180/1207/1036
f 1174/1201/1030 1180/1207/1036 1175/1202/1031
f 1177/1204/1033 1186/1219/1042 1184/1218/1040
f 1177/1204/1033 1184/1218/1040 1174/1201/1030
f 1147/1173/1008 1166/1192/1021 1167/1191/1020
f 1147/1173/1008 1167/1191/1020 1185/1220/1041
f 1167/1191/1020 1168/1193/1022 1179/1206/1035
f 1167/1191/1020 1179/1206/1035 1185/1220/1041
f 1138/1157/999 1115/969/840 1153/974/845
f 1138/1157/999 1153/974/845 1166/1192/1021
f 1074/1178/941 1148/1171/977 1147/1170/1008
f 1074/1178/941 1147/1170/1008 1186/1217/1042
f 1177/1204/1033 964/966/837 1150/1180/1009
f 1177/1204/1033 1150/1180/1009 1186/1219/1042
f 963/963/834 1073/1086/939 978/1067/928
f 963/963/834 978/1067/928 1042/983/854
f 1075/1091/943 1071/1084/937 978/1067/928
f 1075/1091/943 978/1067/928 1073/1086/939
f 807/808/705 1189/1221/1043 1197/1222/1044
f 807/808/705 1197/1222/1044 809/806/703
f 1195/1223/1045 1196/1224/1046 1190/1225/1047
f 1195/1223/1045 1190/1225/1047 1192/1226/1048
f 812/1227/1049 562/1228/1050 1192/1226/1048
f 812/1227/1049 1192/1226/1048 1190/1225/1047
f 1194/1229/1051 1193/1230/1052 1188/1231/1053
f 1194/1229/1051 1188/1231/1053 1191/1232/1054
f 1195/1223/1045 1191/1232/1054 1188/1231/1053
f 1195/1223/1045 1188/1231/1053 1189/1221/1043
f 1196/1224/1046 1195/1223/1045 1189/1221/1043
f 1196/1224/1046 1189/1221/1043 807/808/705
f 1200/1233/1055 1331/1234/1056 783/1235/691
f 1200/1233/1055 783/1235/691 784/1236/690
f 1202/1237/1057 1203/1238/1058 1204/1239/1059
f 1202/1237/1057 1204/1239/1059 1201/1240/1060
f 1206/1241/1061 1207/1242/1062 1205/1243/1063
f 1206/1241/1061 1205/1243/1063 1201/1240/1060
f 1206/1241/1061 1208/1244/1064 1209/1245/1065
f 1206/1241/1061 1209/1245/1065 1207/1242/1062
f 1211/1246/1066 1210/1247/1067 1202/1237/1057
f 1211/1246/1066 1202/1237/1057 1205/1243/1063
f 1212/1248/1068 1211/1246/1066 1205/1243/1063
f 1212/1248/1068 1205/1243/1063 1207/1242/1062
f 1209/1245/1065 1213/1249/1069 1212/1248/1068
f 1209/1245/1065 1212/1248/1068 1207/1242/1062
f 1202/1237/1057 1210/1247/1067 786/1250/696
f 1202/1237/1057 786/1250/696 1203/1238/1058
f 784/1251/690 1223/1252/1070 1214/1253/1071
f 784/1251/690 1214/1253/1071 1200/1254/1055
f 1218/1255/1072 1219/1256/1073 1217/1257/1074
f 1218/1255/1072 1217/1257/1074 1216/1258/1075
f 1219/1256/1073 1222/1259/1076 1215/1260/1077
f 1219/1256/1073 1215/1260/1077 1217/1257/1074
f 1222/1259/1076 1221/1261/1078 1214/1253/1071
f 1222/1259/1076 1214/1253/1071 1215/1260/1077
f 1221/1261/1078 1220/1262/1079 1200/1254/1055
f 1221/1261/1078 1200/1254/1055 1214/1253/1071
f 1215/1260/1077 1223/1252/1070 1211/1263/1066
f 1215/1260/1077 1211/1263/1066 1212/1264/1068
f 1206/1241/1061 1201/1240/1060 1225/1265/1080
f 1206/1241/1061 1225/1265/1080 1226/1266/1081
f 1206/1241/1061 1226/1266/1081 1218/1255/1072
f 1206/1241/1061 1218/1255/1072 1208/1244/1064
f 1228/1267/1082 1229/1268/1083 1198/1269/1084
f 1228/1267/1082 1198/1269/1084 1193/1230/1052
f 1233/1270/1085 1250/1271/1086 1248/1272/1087
f 1233/1270/1085 1248/1272/1087 1231/1273/1088
f 1235/1274/1089 1236/1275/1090 1232/1276/1091
f 1235/1274/1089 1232/1276/1091 1252/1277/1092
f 1230/1278/1093 1237/1279/1094 1229/1280/1083
f 1230/1278/1093 1229/1280/1083 1228/1281/1082
f 1238/1282/1095 1362/1283/1096 1237/1279/1094
f 1238/1282/1095 1237/1279/1094 1230/1278/1093
f 1242/1284/1097 1241/1285/1098 1253/1286/1099
f 1242/1284/1097 1253/1286/1099 1234/1287/1100
f 1248/1272/1087 1250/1271/1086 1251/1288/1101
f 1248/1272/1087 1251/1288/1101 1232/1276/1091
f 1236/1275/1090 1249/1289/1102 1248/1272/1087
f 1236/1275/1090 1248/1272/1087 1232/1276/1091
f 1251/1288/1101 1250/1271/1086 1247/1290/1103
f 1251/1288/1101 1247/1290/1103 1234/1287/1100
f 1252/1277/1092 1251/1288/1101 1234/1287/1100
f 1252/1277/1092 1234/1287/1100 1253/1286/1099
f 1254/1291/1104 1241/1285/1098 1242/1284/1097
f 1254/1291/1104 1242/1284/1097 1239/1292/1105
f 1261/1293/1106 1254/1291/1104 1239/1292/1105
f 1261/1293/1106 1239/1292/1105 1260/1294/1107
f 1282/1295/1108 1259/1296/1109 1260/1294/1107
f 1282/1295/1108 1260/1294/1107 1239/1292/1105
f 1259/1296/1109 1265/28/28 1255/27/27
f 1259/1296/1109 1255/27/27 1260/1294/1107
f 1256/29/29 1261/1293/1106 1260/1294/1107
f 1256/29/29 1260/1294/1107 1255/27/27
f 1263/1297/1110 1262/33/33 1258/32/32
f 1263/1297/1110 1258/32/32 1264/1298/1111
f 1258/32/32 1265/28/28 1259/1296/1109
f 1258/32/32 1259/1296/1109 1264/1298/1111
f 34/34/34 1267/1299/1112 1261/1293/1106
f 34/34/34 1261/1293/1106 1256/29/29
f 1267/1299/1112 1266/1300/1113 1254/1291/1104
f 1267/1299/1112 1254/1291/1104 1261/1293/1106
f 1269/1301/1114 1270/1302/1115 1267/1299/1112
f 1269/1301/1114 1267/1299/1112 34/34/34
f 1267/1299/1112 1270/1302/1115 1268/1303/1116
f 1267/1299/1112 1268/1303/1116 1266/1300/1113
f 1272/1304/1117 1273/1305/1118 1270/1302/1115
f 1272/1304/1117 1270/1302/1115 1269/1301/1114
f 1273/1305/1118 1271/1306/1119 1268/1303/1116
f 1273/1305/1118 1268/1303/1116 1270/1302/1115
f 43/43/43 1274/1307/1120 1272/1304/1117
f 43/43/43 1272/1304/1117 1269/1301/1114
f 1203/1308/1058 1275/1309/1121 1276/1310/1122
f 1203/1308/1058 1276/1310/1122 1204/1311/1059
f 1277/1312/1123 1304/1313/1124 1236/1275/1090
f 1277/1312/1123 1236/1275/1090 1235/1274/1089
f 1273/1305/1118 1277/1312/1123 1235/1274/1089
f 1273/1305/1118 1235/1274/1089 1271/1306/1119
f 1329/1314/1125 1277/1312/1123 1272/1304/1117
f 1329/1314/1125 1272/1304/1117 1274/1307/1120
f 1244/1315/1126 1243/1316/1127 1245/1317/1128
f 1244/1315/1126 1245/1317/1128 1246/1318/1129
f 1278/1319/1130 1244/1315/1126 1246/1318/1129
f 1278/1319/1130 1246/1318/1129 1280/53/53
f 1283/1320/1131 1282/1295/1108 1239/1292/1105
f 1283/1320/1131 1239/1292/1105 1242/1284/1097
f 1284/1321/1132 1283/1320/1131 1242/1284/1097
f 1284/1321/1132 1242/1284/1097 1257/1322/1133
f 1287/1323/1134 1288/1324/1135 1283/1320/1131
f 1287/1323/1134 1283/1320/1131 1284/1321/1132
f 1282/1295/1108 1283/1320/1131 1288/1324/1135
f 1282/1295/1108 1288/1324/1135 1290/1325/1136
f 1244/1315/1126 1278/1319/1130 1279/1326/1137
f 1244/1315/1126 1279/1326/1137 1285/1327/1138
f 1278/1319/1130 1291/1328/1139 1263/1297/1110
f 1278/1319/1130 1263/1297/1110 1279/1326/1137
f 1325/1329/1140 1306/1330/1141 1304/1313/1124
f 1325/1329/1140 1304/1313/1124 1277/1312/1123
f 1292/1331/1142 1330/1332/1143 1204/1311/1059
f 1292/1331/1142 1204/1311/1059 1276/1310/1122
f 1295/1333/1144 1293/1334/1145 1436/1335/1146
f 1295/1333/1144 1436/1335/1146 1437/1336/1147
f 1438/1337/1148 1297/1338/1149 1295/1333/1144
f 1438/1337/1148 1295/1333/1144 1437/1336/1147
f 1298/1339/1150 1301/1340/1151 1302/1341/1152
f 1298/1339/1150 1302/1341/1152 1299/1342/1153
f 1300/1343/1154 1302/1341/1152 1301/1340/1151
f 1300/1343/1154 1301/1340/1151 1352/1344/1155
f 1295/1333/1144 1305/1345/1156 1303/1346/1157
f 1295/1333/1144 1303/1346/1157 1293/1334/1145
f 1299/1342/1153 1354/1347/1158 1305/1345/1156
f 1299/1342/1153 1305/1345/1156 1297/1338/1149
f 1300/1343/1154 1307/1348/1159 1308/1349/1160
f 1300/1343/1154 1308/1349/1160 1302/1341/1152
f 1302/1341/1152 1308/1349/1160 1354/1347/1158
f 1302/1341/1152 1354/1347/1158 1299/1342/1153
f 1310/1350/1161 1309/1351/1162 1204/1352/1059
f 1310/1350/1161 1204/1352/1059 1311/1353/1163
f 1313/1354/1164 1312/1355/1165 1309/1351/1162
f 1313/1354/1164 1309/1351/1162 1310/1350/1161
f 1315/1356/1166 1316/1357/1167 1310/1350/1161
f 1315/1356/1166 1310/1350/1161 1311/1353/1163
f 1316/1357/1167 1317/1358/1168 1313/1354/1164
f 1316/1357/1167 1313/1354/1164 1310/1350/1161
f 1326/1359/1169 1319/1360/1170 1316/1357/1167
f 1326/1359/1169 1316/1357/1167 1315/1356/1166
f 1316/1357/1167 1319/1360/1170 1322/1361/1171
f 1316/1357/1167 1322/1361/1171 1317/1358/1168
f 1326/1359/1169 1320/1362/1172 1321/1363/1173
f 1326/1359/1169 1321/1363/1173 1319/1360/1170
f 1323/1364/1174 1312/1355/1165 1313/1354/1164
f 1323/1364/1174 1313/1354/1164 1324/1365/1175
f 1317/1358/1168 1318/1366/1176 1324/1365/1175
f 1317/1358/1168 1324/1365/1175 1313/1354/1164
f 1325/1367/1140 1328/1368/1177 1315/1356/1166
f 1325/1367/1140 1315/1356/1166 1311/1353/1163
f 1332/1369/1178 1331/1234/1056 1220/1370/1079
f 1332/1369/1178 1220/1370/1079 1224/1371/1179
f 106/1372/106 1332/1369/1178 1224/1371/1179
f 106/1372/106 1224/1371/1179 1327/1373/1180
f 1333/1374/1181 1334/1375/1182 1335/1376/1183
f 1333/1374/1181 1335/1376/1183 1338/1377/1184
f 109/65/65 1334/1375/1182 1274/1307/1120
f 109/65/65 1274/1307/1120 43/43/43
f 1315/1356/1166 1328/1368/1177 1327/1378/1180
f 1315/1356/1166 1327/1378/1180 1326/1359/1169
f 1333/1374/1181 1338/1377/1184 1337/1379/1185
f 1333/1374/1181 1337/1379/1185 1336/1380/1186
f 100/1381/99 1339/1382/1187 1340/1383/1188
f 100/1381/99 1340/1383/1188 99/1384/100
f 1339/1382/1187 1341/1385/1189 1342/1386/1190
f 1339/1382/1187 1342/1386/1190 1340/1383/1188
f 1339/1382/1187 100/1381/99 106/1387/106
f 1339/1382/1187 106/1387/106 1337/1388/1185
f 101/111/107 1341/1385/1189 1335/1389/1183
f 101/111/107 1335/1389/1183 109/112/65
f 1341/1385/1189 1339/1382/1187 1337/1388/1185
f 1341/1385/1189 1337/1388/1185 1338/1390/1184
f 1344/1391/1191 1240/1392/1192 1343/1393/1193
f 1344/1391/1191 1343/1393/1193 1271/1306/1119
f 1346/1394/1194 1345/1395/1195 1198/1396/1084
f 1346/1394/1194 1198/1396/1084 1229/1397/1083
f 1197/1398/1044 1345/1399/1195 1294/1400/1196
f 1197/1398/1044 1294/1400/1196 1275/1401/1121
f 1350/1402/1197 1296/1403/1198 1347/1404/1199
f 1350/1402/1197 1347/1404/1199 1348/1405/1200
f 1346/1394/1194 1229/1397/1083 1249/1406/1102
f 1346/1394/1194 1249/1406/1102 1439/1407/1201
f 1442/1408/1202 1440/1409/1203 1348/1405/1200
f 1442/1408/1202 1348/1405/1200 1443/1410/1204
f 1301/1411/1151 1298/1412/1150 1350/1402/1197
f 1301/1411/1151 1350/1402/1197 1351/1413/1205
f 1353/1414/1206 1352/1415/1155 1301/1411/1151
f 1353/1414/1206 1301/1411/1151 1351/1413/1205
f 1351/1413/1205 1308/1349/1160 1307/1348/1159
f 1351/1413/1205 1307/1348/1159 1353/1414/1206
f 1441/1416/1207 1308/1349/1160 1351/1413/1205
f 1441/1416/1207 1351/1413/1205 1350/1402/1197
f 1440/1409/1203 1441/1416/1207 1350/1402/1197
f 1440/1409/1203 1350/1402/1197 1348/1405/1200
f 1356/1417/1208 1357/1418/1209 1194/1229/1051
f 1356/1417/1208 1194/1229/1051 1191/1232/1054
f 90/1419/92 1358/1420/1210 1194/1229/1051
f 90/1419/92 1194/1229/1051 1357/1418/1209
f 1359/1421/1211 1360/1422/1212 1362/1283/1096
f 1359/1421/1211 1362/1283/1096 1238/1282/1095
f 1362/1283/1096 1363/1423/1213 1245/1317/1128
f 1362/1283/1096 1245/1317/1128 1233/1270/1085
f 1363/1423/1213 1364/1424/1214 1246/1318/1129
f 1363/1423/1213 1246/1318/1129 1245/1317/1128
f 1364/1424/1214 74/75/75 1280/53/53
f 1364/1424/1214 1280/53/53 1246/1318/1129
f 1366/1425/1215 1365/1426/1216 1364/1424/1214
f 1366/1425/1215 1364/1424/1214 1363/1423/1213
f 1365/1426/1216 77/78/78 74/75/75
f 1365/1426/1216 74/75/75 1364/1424/1214
f 1366/1425/1215 1367/1427/1217 1372/1428/1218
f 1366/1425/1215 1372/1428/1218 1365/1426/1216
f 1371/1429/1219 1368/1430/1220 1369/1431/1221
f 1371/1429/1219 1369/1431/1221 1370/1432/1222
f 1373/1433/1223 1372/1428/1218 1374/1434/1224
f 1373/1433/1223 1374/1434/1224 1375/1435/1225
f 1372/1428/1218 1373/1433/1223 88/89/89
f 1372/1428/1218 88/89/89 80/88/88
f 1374/1434/1224 1367/1427/1217 1370/1432/1222
f 1374/1434/1224 1370/1432/1222 1369/1431/1221
f 1376/1436/1226 1358/1437/1210 90/1438/92
f 1376/1436/1226 90/1438/92 91/1439/91
f 1376/1436/1226 91/1439/91 93/1440/94
f 1376/1436/1226 93/1440/94 1375/1441/1225
f 1368/1442/1220 1376/1436/1226 1377/1443/1227
f 1368/1442/1220 1377/1443/1227 1369/1444/1221
f 95/1445/97 1378/1446/1228 1375/1441/1225
f 95/1445/97 1375/1441/1225 93/1440/94
f 1373/1433/1223 1378/1447/1228 96/101/98
f 1373/1433/1223 96/101/98 88/89/89
f 948/944/818 1379/1448/1229 949/957/828
f 948/944/818 949/957/828 959/945/819
f 947/947/821 1380/844/741 1379/1448/1229
f 947/947/821 1379/1448/1229 948/944/818
f 1381/1449/1230 1382/1450/1231 1383/1451/1232
f 1381/1449/1230 1383/1451/1232 1384/1452/1233
f 1382/1450/1231 438/1453/411 439/1454/410
f 1382/1450/1231 439/1454/410 1383/1451/1232
f 1382/1450/1231 1385/1455/1234 444/1456/412
f 1382/1450/1231 444/1456/412 438/1453/411
f 1382/1450/1231 1381/1449/1230 1386/1457/1235
f 1382/1450/1231 1386/1457/1235 1385/1455/1234
f 1386/1457/1235 1387/1458/1236 1388/1459/1237
f 1386/1457/1235 1388/1459/1237 1385/1455/1234
f 1388/1459/1237 445/1460/418 444/1456/412
f 1388/1459/1237 444/1456/412 1385/1455/1234
f 439/1454/410 1389/1461/424 1390/1462/1238
f 439/1454/410 1390/1462/1238 1383/1451/1232
f 1390/1462/1238 1391/1463/1239 1384/1452/1233
f 1390/1462/1238 1384/1452/1233 1383/1451/1232
f 1389/1461/424 1392/1464/425 1393/1465/1240
f 1389/1461/424 1393/1465/1240 1390/1462/1238
f 550/1466/505 445/1460/418 1398/1467/1241
f 550/1466/505 1398/1467/1241 1397/1468/1242
f 1397/1468/1242 1401/1469/1243 1402/1470/1244
f 1397/1468/1242 1402/1470/1244 1395/1471/1245
f 1396/1472/1246 1395/1471/1245 1402/1470/1244
f 1396/1472/1246 1402/1470/1244 1404/1473/1247
f 561/1474/526 595/1475/529 1411/1476/1248
f 561/1474/526 1411/1476/1248 1412/1477/1249
f 1404/1473/1247 1417/1478/1250 1416/1479/1251
f 1404/1473/1247 1416/1479/1251 1405/1480/1252
f 1418/1481/1253 1410/1482/1254 1409/1483/1255
f 1418/1481/1253 1409/1483/1255 1417/1478/1250
f 1409/1483/1255 1394/1484/1256 1405/1480/1252
f 1409/1483/1255 1405/1480/1252 1416/1479/1251
f 1421/1485/1257 1422/1486/1258 1423/1487/1259
f 1421/1485/1257 1423/1487/1259 1424/1488/1260
f 1425/1489/1261 1426/1490/1262 1427/1491/1263
f 1425/1489/1261 1427/1491/1263 1421/1485/1257
f 1422/1486/1258 1427/1491/1263 1428/1492/1264
f 1422/1486/1258 1428/1492/1264 1423/1487/1259
f 1429/1493/1265 1415/1494/1266 1420/1495/1267
f 1429/1493/1265 1420/1495/1267 1419/1496/1268
f 1412/1477/1249 1430/1497/1269 740/1498/667
f 1412/1477/1249 740/1498/667 561/1474/526
f 1412/1477/1249 1411/1476/1248 1415/1494/1266
f 1412/1477/1249 1415/1494/1266 1429/1493/1265
f 1411/1476/1248 745/1499/670 1410/1482/1254
f 1411/1476/1248 1410/1482/1254 1413/1500/1270
f 1434/1501/1271 111/1502/108 108/67/67
f 1434/1501/1271 108/67/67 65/66/66
f 1434/1501/1271 1435/1503/1272 107/1504/105
f 1434/1501/1271 107/1504/105 111/1502/108
f 1437/1336/1147 1436/1335/1146 1294/1400/1196
f 1437/1336/1147 1294/1400/1196 1347/1505/1199
f 1296/1506/1198 1438/1337/1148 1437/1336/1147
f 1296/1506/1198 1437/1336/1147 1347/1505/1199
f 1303/1346/1157 1439/1407/1201 1249/1406/1102
f 1303/1346/1157 1249/1406/1102 1304/1507/1124
f 1354/1347/1158 1441/1416/1207 1440/1409/1203
f 1354/1347/1158 1440/1409/1203 1305/1345/1156
f 1447/115/1273 1449/118/1274 1450/117/1275
f 1447/115/1273 1450/117/1275 1448/116/1276
f 1529/119/1277 1531/121/1278 1450/117/1275
f 1529/119/1277 1450/117/1275 1461/120/1279
f 1452/122/1280 1453/123/1281 1449/118/1274
f 1452/122/1280 1449/118/1274 1447/115/1273
f 1481/124/1282 1509/125/1283 1453/123/1281
f 1481/124/1282 1453/123/1281 1452/122/1280
f 1448/116/1276 1464/128/1284 1463/127/1285
f 1448/116/1276 1463/127/1285 1462/126/1286
f 1462/126/1286 1465/131/1287 1467/130/1288
f 1462/126/1286 1467/130/1288 1455/129/1289
f 1474/132/1290 1475/135/1291 1472/134/1292
f 1474/132/1290 1472/134/1292 1473/133/1293
f 1455/129/1289 1467/130/1288 1476/137/1294
f 1455/129/1289 1476/137/1294 1479/136/1295
f 1478/138/1296 1480/139/1297 1479/136/1295
f 1478/138/1296 1479/136/1295 1476/137/1294
f 1474/132/1290 1471/142/1298 1492/141/1299
f 1474/132/1290 1492/141/1299 1470/140/1300
f 1466/143/1301 1484/146/1302 1485/145/1303
f 1466/143/1301 1485/145/1303 1469/144/1304
f 1469/144/1304 1485/145/1303 1486/147/1305
f 1469/144/1304 1486/147/1305 1492/141/1299
f 1487/148/1306 1490/151/1307 1494/150/1308
f 1487/148/1306 1494/150/1308 1488/149/1309
f 1492/141/1299 1494/150/1308 1495/153/1310
f 1492/141/1299 1495/153/1310 1493/152/1311
f 1478/138/1296 1513/155/1312 1497/154/1313
f 1478/138/1296 1497/154/1313 1480/139/1297
f 1488/149/1309 1494/150/1308 1492/141/1299
f 1488/149/1309 1492/141/1299 1486/147/1305
f 1502/156/1314 1504/159/1315 1503/158/1316
f 1502/156/1314 1503/158/1316 1496/157/1317
f 1506/160/1318 1508/163/1319 1526/162/1320
f 1506/160/1318 1526/162/1320 1525/161/1321
f 1524/164/1322 1523/166/1323 1509/125/1283
f 1524/164/1322 1509/125/1283 1483/165/1324
f 1451/167/1325 1450/117/1275 1458/169/1326
f 1451/167/1325 1458/169/1326 1514/168/1327
f 1460/170/1328 1518/172/1329 1519/171/1330
f 1460/170/1328 1519/171/1330 1514/168/1327
f 1514/168/1327 1519/171/1330 1517/173/1331
f 1514/168/1327 1517/173/1331 1451/167/1325
f 1516/174/1332 1520/175/1333 1529/119/1277
f 1516/174/1332 1529/119/1277 1461/120/1279
f 1521/176/1334 1507/179/1335 1522/178/1336
f 1521/176/1334 1522/178/1336 1536/177/1337
f 1507/179/1335 1521/176/1334 1525/161/1321
f 1507/179/1335 1525/161/1321 1526/162/1320
f 1464/128/1284 1531/121/1278 1532/181/1338
f 1464/128/1284 1532/181/1338 1542/180/1339
f 1534/182/1340 1533/184/1341 1481/124/1282
f 1534/182/1340 1481/124/1282 1482/183/1342
f 1535/185/1343 1534/182/1340 1480/139/1297
f 1535/185/1343 1480/139/1297 1497/154/1313
f 1535/186/1343 1497/189/1313 1510/188/1344
f 1535/186/1343 1510/188/1344 1559/187/1345
f 1521/176/1334 1538/191/1346 1393/190/1240
f 1521/176/1334 1393/190/1240 1525/161/1321
f 1539/192/1347 1568/195/1348 1569/194/1349
f 1539/192/1347 1569/194/1349 1544/193/1350
f 1540/196/1351 1538/191/1346 1539/192/1347
f 1540/196/1351 1539/192/1347 1541/197/1352
f 1541/198/1352 1464/128/1284 1542/180/1339
f 1541/198/1352 1542/180/1339 1540/199/1351
f 1539/192/1347 1544/193/1350 1543/200/1353
f 1539/192/1347 1543/200/1353 1541/197/1352
f 1670/201/1354 1669/204/1355 1567/203/1356
f 1670/201/1354 1567/203/1356 1553/202/1357
f 1547/205/1358 1671/208/1359 1668/207/1360
f 1547/205/1358 1668/207/1360 1546/206/1361
f 1548/209/1362 1550/212/1363 1551/211/1364
f 1548/209/1362 1551/211/1364 1549/210/1365
f 1558/213/1366 1554/215/1367 1548/209/1362
f 1558/213/1366 1548/209/1362 1545/214/1368
f 1548/209/1362 1554/215/1367 1556/216/1369
f 1548/209/1362 1556/216/1369 1550/212/1363
f 1550/212/1363 1556/216/1369 1589/218/1370
f 1550/212/1363 1589/218/1370 1591/217/1371
f 1559/187/1345 1557/220/1372 1558/213/1366
f 1559/187/1345 1558/213/1366 1555/219/1373
f 1572/221/1374 1557/220/1372 1559/187/1345
f 1572/221/1374 1559/187/1345 1560/222/1375
f 1565/223/1376 1672/224/1377 1671/208/1359
f 1565/223/1376 1671/208/1359 1547/205/1358
f 1564/225/1378 1563/226/1379 1672/224/1377
f 1564/225/1378 1672/224/1377 1565/223/1376
f 1566/227/1380 1574/228/1381 1565/223/1376
f 1566/227/1380 1565/223/1376 1547/205/1358
f 1546/206/1361 1549/210/1365 1566/227/1380
f 1546/206/1361 1566/227/1380 1547/205/1358
f 1537/229/1382 1536/177/1337 1522/178/1336
f 1537/229/1382 1522/178/1336 1567/230/1356
f 1537/231/1382 1567/203/1356 1669/204/1355
f 1537/231/1382 1669/204/1355 1668/207/1360
f 1537/229/1382 1569/194/1349 1568/195/1348
f 1537/229/1382 1568/195/1348 1536/177/1337
f 1566/227/1380 1570/233/1383 1571/232/1384
f 1566/227/1380 1571/232/1384 1574/228/1381
f 1570/233/1383 1581/235/1385 1579/234/1386
f 1570/233/1383 1579/234/1386 1571/232/1384
f 1549/210/1365 1551/211/1364 1570/233/1383
f 1549/210/1365 1570/233/1383 1566/227/1380
f 1561/236/1387 1573/237/1388 1572/221/1374
f 1561/236/1387 1572/221/1374 1560/222/1375
f 1576/238/1389 1578/239/1390 1573/237/1388
f 1576/238/1389 1573/237/1388 1561/236/1387
f 1391/240/1239 1393/190/1240 1538/191/1346
f 1391/240/1239 1538/191/1346 1540/196/1351
f 1381/241/1230 1384/243/1233 1528/242/1391
f 1381/241/1230 1528/242/1391 1516/174/1332
f 1542/180/1339 1528/242/1391 1384/243/1233
f 1542/180/1339 1384/243/1233 1391/244/1239
f 1562/245/1392 1563/247/1379 1564/246/1378
f 1562/245/1392 1564/246/1378 1576/238/1389
f 1577/248/1393 1578/239/1390 1574/250/1381
f 1577/248/1393 1574/250/1381 1571/249/1384
f 1580/251/1394 1590/254/1395 1592/253/1396
f 1580/251/1394 1592/253/1396 1584/252/1397
f 1585/255/1398 1573/237/1388 1578/239/1390
f 1585/255/1398 1578/239/1390 1577/248/1393
f 1572/221/1374 1573/237/1388 1585/255/1398
f 1572/221/1374 1585/255/1398 1586/256/1399
f 1586/256/1399 1554/215/1367 1557/220/1372
f 1586/256/1399 1557/220/1372 1572/221/1374
f 1592/253/1396 1590/254/1395 1581/235/1385
f 1592/253/1396 1581/235/1385 1593/257/1400
f 1588/258/1401 1592/253/1396 1593/257/1400
f 1588/258/1401 1593/257/1400 1591/217/1371
f 1582/259/1402 1584/252/1397 1592/253/1396
f 1582/259/1402 1592/253/1396 1588/258/1401
f 1595/260/1403 1597/263/1404 1596/262/1405
f 1595/260/1403 1596/262/1405 1594/261/1406
f 1604/264/1407 1605/267/1408 1602/266/1409
f 1604/264/1407 1602/266/1409 1614/265/1410
f 1605/267/1408 1606/268/1411 1594/261/1406
f 1605/267/1408 1594/261/1406 1596/262/1405
f 1601/269/1412 1608/272/1413 1607/271/1414
f 1601/269/1412 1607/271/1414 1615/270/1415
f 1599/273/1416 1615/270/1415 1614/265/1410
f 1599/273/1416 1614/265/1410 1602/266/1409
f 1609/274/1417 1612/277/1418 1613/276/1419
f 1609/274/1417 1613/276/1419 1610/275/1420
f 1610/275/1420 1613/276/1419 1629/278/1421
f 1610/275/1420 1629/278/1421 1604/264/1407
f 1604/264/1407 1629/278/1421 1606/268/1411
f 1604/264/1407 1606/268/1411 1605/267/1408
f 1600/279/1422 1617/282/1423 1626/281/1424
f 1600/279/1422 1626/281/1424 1733/280/1425
f 1617/282/1423 1618/284/1426 1619/283/1427
f 1617/282/1423 1619/283/1427 1626/281/1424
f 1618/284/1426 1620/286/1428 1621/285/1429
f 1618/284/1426 1621/285/1429 1619/283/1427
f 1623/287/1430 1624/288/1431 1621/285/1429
f 1623/287/1430 1621/285/1429 1620/286/1428
f 1586/289/1399 1623/287/1430 1620/286/1428
f 1586/289/1399 1620/286/1428 1587/290/1432
f 1594/261/1406 1629/278/1421 1628/292/1433
f 1594/261/1406 1628/292/1433 1585/291/1398
f 1623/287/1430 1585/291/1398 1628/292/1433
f 1623/287/1430 1628/292/1433 1624/288/1431
f 1627/293/1434 1626/281/1424 1619/283/1427
f 1627/293/1434 1619/283/1427 1718/294/1435
f 1617/282/1423 1600/279/1422 1584/252/1397
f 1617/282/1423 1584/252/1397 1582/259/1402
f 1618/284/1426 1583/295/1436 1587/290/1432
f 1618/284/1426 1587/290/1432 1620/286/1428
f 1582/259/1402 1583/295/1436 1618/284/1426
f 1582/259/1402 1618/284/1426 1617/282/1423
f 1597/296/1404 1580/251/1394 1584/252/1397
f 1597/296/1404 1584/252/1397 1598/297/1437
f 1624/288/1431 1628/292/1433 1630/299/1438
f 1624/288/1431 1630/299/1438 1622/298/1439
f 1630/299/1438 1632/301/1440 1631/300/1441
f 1630/299/1438 1631/300/1441 1622/298/1439
f 1632/302/1440 1634/305/1442 1633/304/1443
f 1632/302/1440 1633/304/1443 1631/303/1441
f 1634/305/1442 1636/307/1444 1635/306/1445
f 1634/305/1442 1635/306/1445 1633/304/1443
f 1636/307/1444 1638/309/1446 1637/308/1447
f 1636/307/1444 1637/308/1447 1635/306/1445
f 1637/308/1447 1638/309/1446 1646/311/1448
f 1637/308/1447 1646/311/1448 1639/310/1449
f 1641/312/1450 1665/315/1451 1647/314/1452
f 1641/312/1450 1647/314/1452 1645/313/1453
f 1647/314/1452 1665/315/1451 1643/317/1454
f 1647/314/1452 1643/317/1454 1648/316/1455
f 1640/318/1456 1645/313/1453 1647/314/1452
f 1640/318/1456 1647/314/1452 1667/319/1457
f 1667/319/1457 1647/314/1452 1648/316/1455
f 1667/319/1457 1648/316/1455 1642/320/1458
f 1654/321/1459 1637/308/1447 1639/310/1449
f 1654/321/1459 1639/310/1449 1658/322/1460
f 1636/307/1444 1634/305/1442 1655/324/1461
f 1636/307/1444 1655/324/1461 1650/323/1462
f 1630/299/1438 1652/326/1463 1651/325/1464
f 1630/299/1438 1651/325/1464 1632/301/1440
f 1634/305/1442 1632/302/1440 1651/327/1464
f 1634/305/1442 1651/327/1464 1655/324/1461
f 1631/300/1441 1653/329/1465 1675/328/1466
f 1631/300/1441 1675/328/1466 1622/298/1439
f 1633/304/1443 1654/321/1459 1653/330/1465
f 1633/304/1443 1653/330/1465 1631/303/1441
f 1650/323/1462 1680/332/1467 1656/331/1468
f 1650/323/1462 1656/331/1468 1646/311/1448
f 1656/331/1468 1657/334/1469 1649/333/1470
f 1656/331/1468 1649/333/1470 1646/311/1448
f 1651/327/1464 1763/335/1471 1680/332/1467
f 1651/327/1464 1680/332/1467 1655/324/1461
f 1663/336/1472 1664/337/1473 1658/322/1460
f 1663/336/1472 1658/322/1460 1639/310/1449
f 1664/337/1473 1660/339/1474 1659/338/1475
f 1664/337/1473 1659/338/1475 1658/322/1460
f 1656/331/1468 1659/341/1475 1660/340/1474
f 1656/331/1468 1660/340/1474 1657/334/1469
f 1657/334/1469 1662/343/1476 1661/342/1477
f 1657/334/1469 1661/342/1477 1649/333/1470
f 1662/344/1476 1664/337/1473 1663/336/1472
f 1662/344/1476 1663/336/1472 1661/345/1477
f 1661/342/1477 1666/347/1478 1665/315/1451
f 1661/342/1477 1665/315/1451 1676/346/1479
f 1667/319/1457 1666/349/1478 1661/345/1477
f 1667/319/1457 1661/345/1477 1677/348/1480
f 1643/317/1454 1665/315/1451 1666/347/1478
f 1643/317/1454 1666/347/1478 1644/350/1481
f 1666/349/1478 1667/319/1457 1642/320/1458
f 1666/349/1478 1642/320/1458 1644/350/1481
f 1668/207/1360 1669/204/1355 1552/351/1482
f 1668/207/1360 1552/351/1482 1546/206/1361
f 1669/204/1355 1670/201/1354 1545/214/1368
f 1669/204/1355 1545/214/1368 1552/351/1482
f 1537/231/1382 1668/207/1360 1671/208/1359
f 1537/231/1382 1671/208/1359 1569/352/1349
f 1569/352/1349 1671/208/1359 1672/224/1377
f 1569/352/1349 1672/224/1377 1544/353/1350
f 1673/354/1483 1718/294/1435 1619/283/1427
f 1673/354/1483 1619/283/1427 1621/285/1429
f 1659/338/1475 1679/356/1484 1678/355/1485
f 1659/338/1475 1678/355/1485 1658/322/1460
f 1656/331/1468 1680/332/1467 1679/357/1484
f 1656/331/1468 1679/357/1484 1659/341/1475
f 1679/356/1484 1683/359/1486 1682/358/1487
f 1679/356/1484 1682/358/1487 1678/355/1485
f 1680/332/1467 1681/361/1488 1683/360/1486
f 1680/332/1467 1683/360/1486 1679/357/1484
f 1678/355/1485 1682/358/1487 1653/330/1465
f 1678/355/1485 1653/330/1465 1654/321/1459
f 1685/362/1489 1684/365/1490 1674/364/1491
f 1685/362/1489 1674/364/1491 1675/363/1466
f 1685/362/1489 1687/367/1492 1686/366/1493
f 1685/362/1489 1686/366/1493 1684/365/1490
f 1687/367/1492 1689/369/1494 1688/368/1495
f 1687/367/1492 1688/368/1495 1686/366/1493
f 1688/368/1495 1689/369/1494 1691/371/1496
f 1688/368/1495 1691/371/1496 1690/370/1497
f 1693/372/1498 1695/375/1499 1694/374/1500
f 1693/372/1498 1694/374/1500 1692/373/1501
f 1696/376/1502 1692/373/1501 1694/374/1500
f 1696/376/1502 1694/374/1500 1697/377/1503
f 1699/378/1504 1688/368/1495 1690/370/1497
f 1699/378/1504 1690/370/1497 1700/379/1505
f 1693/372/1498 1691/371/1496 1705/381/1506
f 1693/372/1498 1705/381/1506 1702/380/1507
f 1687/367/1492 1685/362/1489 1704/383/1508
f 1687/367/1492 1704/383/1508 1703/382/1509
f 1703/382/1509 1714/384/1510 1705/381/1506
f 1703/382/1509 1705/381/1506 1691/371/1496
f 1701/385/1511 1706/387/1512 1707/386/1513
f 1701/385/1511 1707/386/1513 1700/379/1505
f 1705/381/1506 1707/389/1513 1706/388/1512
f 1705/381/1506 1706/388/1512 1702/380/1507
f 1708/390/1514 1712/392/1515 1695/375/1499
f 1708/390/1514 1695/375/1499 1710/391/1516
f 1697/377/1503 1712/395/1515 1708/394/1514
f 1697/377/1503 1708/394/1514 1711/393/1517
f 1707/386/1513 1713/396/1518 1699/378/1504
f 1707/386/1513 1699/378/1504 1700/379/1505
f 1705/381/1506 1714/384/1510 1713/397/1518
f 1705/381/1506 1713/397/1518 1707/389/1513
f 1625/398/1519 1716/400/1520 1717/399/1521
f 1625/398/1519 1717/399/1521 1673/354/1483
f 1684/365/1490 1699/378/1504 1716/401/1520
f 1684/365/1490 1716/401/1520 1674/364/1491
f 1627/293/1434 1719/402/1522 1733/280/1425
f 1627/293/1434 1733/280/1425 1626/281/1424
f 1718/294/1435 1720/403/1523 1719/402/1522
f 1718/294/1435 1719/402/1522 1627/293/1434
f 1683/404/1486 1721/407/1524 1726/406/1525
f 1683/404/1486 1726/406/1525 1682/405/1487
f 1681/408/1488 1765/409/1526 1721/407/1524
f 1681/408/1488 1721/407/1524 1683/404/1486
f 1721/407/1524 1723/411/1527 1725/410/1528
f 1721/407/1524 1725/410/1528 1726/406/1525
f 1765/409/1526 1722/412/1529 1723/411/1527
f 1765/409/1526 1723/411/1527 1721/407/1524
f 1723/411/1527 1724/413/1530 1717/399/1521
f 1723/411/1527 1717/399/1521 1725/410/1528
f 1722/412/1529 1727/414/1531 1724/413/1530
f 1722/412/1529 1724/413/1530 1723/411/1527
f 1690/370/1497 1696/376/1502 1701/385/1511
f 1690/370/1497 1701/385/1511 1700/379/1505
f 1725/415/1528 1699/378/1504 1713/396/1518
f 1725/415/1528 1713/396/1518 1726/416/1525
f 1628/292/1433 1629/278/1421 1728/417/1532
f 1628/292/1433 1728/417/1532 1652/326/1463
f 1612/277/1418 1727/419/1531 1729/418/1533
f 1612/277/1418 1729/418/1533 1613/276/1419
f 1764/420/1534 1730/423/1535 1731/422/1536
f 1764/420/1534 1731/422/1536 1722/421/1529
f 1727/419/1531 1722/421/1529 1731/422/1536
f 1727/419/1531 1731/422/1536 1729/418/1533
f 1629/278/1421 1613/276/1419 1729/418/1533
f 1629/278/1421 1729/418/1533 1728/417/1532
f 1652/326/1463 1728/417/1532 1732/425/1537
f 1652/326/1463 1732/425/1537 1734/424/1538
f 1726/426/1525 1713/397/1518 1714/384/1510
f 1726/426/1525 1714/384/1510 1715/427/1539
f 1611/428/1540 1720/429/1523 1727/419/1531
f 1611/428/1540 1727/419/1531 1612/277/1418
f 1611/428/1540 1608/272/1413 1719/430/1522
f 1611/428/1540 1719/430/1522 1720/429/1523
f 1733/431/1425 1719/430/1522 1608/272/1413
f 1733/431/1425 1608/272/1413 1601/269/1412
f 1734/432/1538 1732/435/1537 1736/434/1541
f 1734/432/1538 1736/434/1541 1735/433/1542
f 1735/433/1542 1736/434/1541 1737/437/1543
f 1735/433/1542 1737/437/1543 1738/436/1544
f 1737/437/1543 1739/439/1545 1740/438/1546
f 1737/437/1543 1740/438/1546 1738/436/1544
f 1743/440/1547 1744/443/1548 1742/442/1549
f 1743/440/1547 1742/442/1549 1741/441/1550
f 1746/444/1551 1747/445/1552 1743/440/1547
f 1746/444/1551 1743/440/1547 1741/441/1550
f 1748/446/1553 1749/447/1554 1739/439/1545
f 1748/446/1553 1739/439/1545 1737/437/1543
f 1742/442/1549 1750/449/1555 1751/448/1556
f 1742/442/1549 1751/448/1556 1740/438/1546
f 1752/450/1557 1740/438/1546 1751/448/1556
f 1752/450/1557 1751/448/1556 1753/451/1558
f 1755/452/1559 1749/447/1554 1756/454/1560
f 1755/452/1559 1756/454/1560 1754/453/1561
f 1751/448/1556 1750/449/1555 1754/456/1561
f 1751/448/1556 1754/456/1561 1756/455/1560
f 1757/457/1562 1759/459/1563 1744/443/1548
f 1757/457/1562 1744/443/1548 1761/458/1564
f 1747/445/1552 1760/462/1565 1757/461/1562
f 1747/445/1552 1757/461/1562 1761/460/1564
f 1756/454/1560 1749/447/1554 1748/446/1553
f 1756/454/1560 1748/446/1553 1762/463/1566
f 1751/448/1556 1756/455/1560 1762/464/1566
f 1751/448/1556 1762/464/1566 1753/451/1558
f 1739/439/1545 1749/447/1554 1755/452/1559
f 1739/439/1545 1755/452/1559 1746/444/1551
f 1762/463/1566 1748/446/1553 1764/466/1534
f 1762/463/1566 1764/466/1534 1766/465/1567
f 1766/467/1567 1763/468/1471 1753/451/1558
f 1766/467/1567 1753/451/1558 1762/464/1566
f 1519/171/1330 1767/479/1568 1386/478/1235
f 1519/171/1330 1386/478/1235 1381/241/1230
f 1386/478/1235 1768/485/1569 1769/484/1570
f 1386/478/1235 1769/484/1570 1387/483/1236
f 1768/485/1569 1456/487/1571 1457/486/1572
f 1768/485/1569 1457/486/1572 1769/484/1570
f 1392/493/425 452/496/426 1506/495/1318
f 1392/493/425 1506/495/1318 1393/494/1240
f 452/496/426 453/498/428 1794/497/1573
f 452/496/426 1794/497/1573 1506/495/1318
f 453/498/428 455/500/430 1773/499/1574
f 453/498/428 1773/499/1574 1794/497/1573
f 455/500/430 457/502/432 1774/501/1575
f 455/500/430 1774/501/1575 1773/499/1574
f 457/502/432 459/504/434 1775/503/1576
f 457/502/432 1775/503/1576 1774/501/1575
f 459/504/434 461/506/436 1776/505/1577
f 459/504/434 1776/505/1577 1775/503/1576
f 461/506/436 463/508/438 1777/507/1578
f 461/506/436 1777/507/1578 1776/505/1577
f 463/508/438 465/510/440 1778/509/1579
f 463/508/438 1778/509/1579 1777/507/1578
f 465/510/440 467/512/442 1779/511/1580
f 465/510/440 1779/511/1580 1778/509/1579
f 1775/503/1576 1829/514/1581 1780/513/1582
f 1775/503/1576 1780/513/1582 1774/501/1575
f 1776/505/1577 1782/516/1583 1781/515/1584
f 1776/505/1577 1781/515/1584 1775/503/1576
f 1777/507/1578 1783/517/1585 1782/516/1583
f 1777/507/1578 1782/516/1583 1776/505/1577
f 1778/509/1579 1784/518/1586 1783/517/1585
f 1778/509/1579 1783/517/1585 1777/507/1578
f 1779/511/1580 473/519/449 1784/518/1586
f 1779/511/1580 1784/518/1586 1778/509/1579
f 1780/513/1582 1785/520/1587 1773/499/1574
f 1780/513/1582 1773/499/1574 1774/501/1575
f 1780/513/1582 1806/522/1588 1786/521/1589
f 1780/513/1582 1786/521/1589 1785/520/1587
f 1786/521/1589 1788/524/1590 1787/523/1591
f 1786/521/1589 1787/523/1591 1785/520/1587
f 1787/523/1591 1791/526/1592 1790/525/1593
f 1787/523/1591 1790/525/1593 1785/520/1587
f 1793/527/1594 1795/528/1595 1794/497/1573
f 1793/527/1594 1794/497/1573 1790/525/1593
f 1793/527/1594 1826/530/1596 1797/529/1597
f 1793/527/1594 1797/529/1597 1795/528/1595
f 1798/531/1598 1800/534/1599 1801/533/1600
f 1798/531/1598 1801/533/1600 1799/532/1601
f 1798/531/1598 1802/536/1602 1803/535/1603
f 1798/531/1598 1803/535/1603 1800/534/1599
f 1803/535/1603 494/538/468 493/537/467
f 1803/535/1603 493/537/467 1800/534/1599
f 1799/532/1601 1804/540/1604 495/539/469
f 1799/532/1601 495/539/469 1806/522/1588
f 1801/533/1600 1805/541/1605 1804/540/1604
f 1801/533/1600 1804/540/1604 1799/532/1601
f 1506/495/1318 1794/497/1573 1795/528/1595
f 1506/495/1318 1795/528/1595 1508/542/1319
f 1790/525/1593 1794/497/1573 1773/499/1574
f 1790/525/1593 1773/499/1574 1785/520/1587
f 1800/534/1599 493/537/467 1805/541/1605
f 1800/534/1599 1805/541/1605 1801/533/1600
f 1807/543/1606 1811/545/1607 1813/544/1608
f 1807/543/1606 1813/544/1608 1786/521/1589
f 1815/546/1609 1817/549/1610 1816/548/1611
f 1815/546/1609 1816/548/1611 1810/547/1612
f 1792/550/1613 1810/547/1612 1816/548/1611
f 1792/550/1613 1816/548/1611 1826/530/1596
f 1811/545/1607 1809/553/1614 1833/552/1615
f 1811/545/1607 1833/552/1615 1821/551/1616
f 1819/554/1617 1811/545/1607 1821/551/1616
f 1819/554/1617 1821/551/1616 1818/555/1618
f 1822/556/1619 1508/542/1319 1795/528/1595
f 1822/556/1619 1795/528/1595 1797/529/1597
f 513/557/486 521/558/487 1818/555/1618
f 513/557/486 1818/555/1618 1821/551/1616
f 1827/559/1620 522/562/491 546/561/490
f 1827/559/1620 546/561/490 1838/560/1621
f 1782/516/1583 524/564/493 523/563/492
f 1782/516/1583 523/563/492 1781/515/1584
f 1783/517/1585 525/565/494 524/564/493
f 1783/517/1585 524/564/493 1782/516/1583
f 1784/518/1586 526/566/495 525/565/494
f 1784/518/1586 525/565/494 1783/517/1585
f 1831/567/1622 1832/568/1623 1803/535/1603
f 1831/567/1622 1803/535/1603 1802/536/1602
f 1837/569/1624 1835/571/1625 1834/570/1626
f 1837/569/1624 1834/570/1626 1822/556/1619
f 1835/571/1625 1837/569/1624 1839/573/1627
f 1835/571/1625 1839/573/1627 1836/572/1628
f 1838/560/1621 546/561/490 547/575/504
f 1838/560/1621 547/575/504 1841/574/1629
f 1772/584/1630 1523/166/1323 1524/164/1322
f 1772/584/1630 1524/164/1322 1847/585/1631
f 1847/585/1631 1850/588/1632 1852/587/1633
f 1847/585/1631 1852/587/1633 1851/586/1634
f 1848/589/1635 1856/592/1636 1865/591/1637
f 1848/589/1635 1865/591/1637 1857/590/1638
f 1770/593/1639 1869/596/1640 1870/595/1641
f 1770/593/1639 1870/595/1641 1843/594/1642
f 1402/608/1244 1871/611/1643 1872/610/1644
f 1402/608/1244 1872/610/1644 1404/609/1247
f 1871/611/1643 1402/608/1244 1870/613/1641
f 1871/611/1643 1870/613/1641 1869/612/1640
f 1872/610/1644 1418/615/1253 1417/614/1250
f 1872/610/1644 1417/614/1250 1404/609/1247
f 1426/616/1262 1429/619/1265 2164/618/1645
f 1426/616/1262 2164/618/1645 2158/617/1646
f 2221/620/1647 1874/623/1648 1877/622/1649
f 2221/620/1647 1877/622/1649 2222/621/1650
f 1877/622/1649 1884/626/1651 1885/625/1652
f 1877/622/1649 1885/625/1652 2223/624/1653
f 1886/627/1654 2223/624/1653 1885/625/1652
f 1886/627/1654 1885/625/1652 1887/628/1655
f 1901/629/1656 1898/632/1657 1887/631/1655
f 1901/629/1656 1887/631/1655 1885/630/1652
f 547/575/504 625/634/555 1892/633/1658
f 547/575/504 1892/633/1658 1841/574/1629
f 1890/635/1659 1891/637/1660 1892/633/1658
f 1890/635/1659 1892/633/1658 1893/636/1661
f 1860/638/1662 1859/639/1663 1890/635/1659
f 1860/638/1662 1890/635/1659 1893/636/1661
f 1860/640/1662 1893/643/1661 1884/642/1651
f 1860/640/1662 1884/642/1651 1877/641/1649
f 1402/608/1244 1401/645/1243 1403/644/1664
f 1402/608/1244 1403/644/1664 1870/613/1641
f 1418/615/1253 1872/610/1644 1873/659/1665
f 1418/615/1253 1873/659/1665 1419/658/1268
f 1898/632/1657 646/662/575 647/661/574
f 1898/632/1657 647/661/574 1899/660/1666
f 647/661/574 649/664/577 1928/663/1667
f 647/661/574 1928/663/1667 1899/660/1666
f 1896/665/1668 1904/668/1669 1903/667/1670
f 1896/665/1668 1903/667/1670 1895/666/1671
f 1894/669/1672 1905/671/1673 1906/670/1674
f 1894/669/1672 1906/670/1674 1896/665/1668
f 1896/665/1668 1906/670/1674 1907/672/1675
f 1896/665/1668 1907/672/1675 1904/668/1669
f 1925/673/1676 1909/676/1677 1908/675/1678
f 1925/673/1676 1908/675/1678 1905/674/1673
f 1906/670/1674 1908/678/1678 1910/677/1679
f 1906/670/1674 1910/677/1679 1907/672/1675
f 1908/675/1678 1909/676/1677 1915/680/1680
f 1908/675/1678 1915/680/1680 1914/679/1681
f 1908/678/1678 1914/682/1681 1916/681/1682
f 1908/678/1678 1916/681/1682 1910/677/1679
f 1914/679/1681 1915/680/1680 1912/684/1683
f 1914/679/1681 1912/684/1683 1917/683/1684
f 1913/685/1685 1916/681/1682 1914/682/1681
f 1913/685/1685 1914/682/1681 1917/686/1684
f 1925/673/1676 1924/688/1686 1919/687/1687
f 1925/673/1676 1919/687/1687 1909/676/1677
f 1910/677/1679 1920/690/1688 1918/689/1689
f 1910/677/1679 1918/689/1689 1907/672/1675
f 1915/680/1680 1922/692/1690 1921/691/1691
f 1915/680/1680 1921/691/1691 1912/684/1683
f 1916/681/1682 1923/693/1692 1920/690/1688
f 1916/681/1682 1920/690/1688 1910/677/1679
f 1909/676/1677 1919/687/1687 1922/692/1690
f 1909/676/1677 1922/692/1690 1915/680/1680
f 1913/685/1685 1921/691/1691 1923/693/1692
f 1913/685/1685 1923/693/1692 1916/681/1682
f 1923/693/1692 1922/692/1690 1919/687/1687
f 1923/693/1692 1919/687/1687 1920/690/1688
f 1920/690/1688 1919/687/1687 1924/688/1686
f 1920/690/1688 1924/688/1686 1926/694/1693
f 1926/694/1693 1929/696/1694 1927/695/1695
f 1926/694/1693 1927/695/1695 1918/689/1689
f 1927/695/1695 1904/668/1669 1907/672/1675
f 1927/695/1695 1907/672/1675 1918/689/1689
f 1925/673/1676 1928/698/1667 1930/697/1696
f 1925/673/1676 1930/697/1696 1924/688/1686
f 2143/699/1697 2000/702/1698 1932/701/1699
f 2143/699/1697 1932/701/1699 1931/700/1700
f 2143/699/1697 1931/700/1700 1935/704/1701
f 2143/699/1697 1935/704/1701 1934/703/1702
f 1933/705/1703 1937/708/1704 1936/707/1705
f 1933/705/1703 1936/707/1705 1932/706/1699
f 1933/705/1703 1949/710/1706 1939/709/1707
f 1933/705/1703 1939/709/1707 1937/708/1704
f 1938/711/1708 1960/713/1709 1941/712/1710
f 1938/711/1708 1941/712/1710 1935/704/1701
f 1939/709/1707 1949/710/1706 1948/715/1711
f 1939/709/1707 1948/715/1711 1942/714/1712
f 1944/716/1713 1947/719/1714 1946/718/1715
f 1944/716/1713 1946/718/1715 1945/717/1716
f 1940/720/1717 1946/718/1715 1947/719/1714
f 1940/720/1717 1947/719/1714 1950/721/1718
f 1943/722/1719 1948/715/1711 1949/710/1706
f 1943/722/1719 1949/710/1706 1940/720/1717
f 1947/719/1714 1953/724/1720 1952/723/1721
f 1947/719/1714 1952/723/1721 1950/721/1718
f 1955/725/1722 1934/703/1702 1935/704/1701
f 1955/725/1722 1935/704/1701 1941/712/1710
f 1956/726/1723 1986/729/1724 1985/728/1725
f 1956/726/1723 1985/728/1725 1957/727/1726
f 1931/700/1700 1959/730/1727 1938/711/1708
f 1931/700/1700 1938/711/1708 1935/704/1701
f 1937/708/1704 1962/732/1728 1961/731/1729
f 1937/708/1704 1961/731/1729 1936/707/1705
f 1959/730/1727 1965/734/1730 1963/733/1731
f 1959/730/1727 1963/733/1731 1938/711/1708
f 1964/735/1732 1962/732/1728 1937/708/1704
f 1964/735/1732 1937/708/1704 1939/709/1707
f 1960/713/1709 1966/737/1733 1971/736/1734
f 1960/713/1709 1971/736/1734 1942/714/1712
f 1942/714/1712 1971/736/1734 1964/735/1732
f 1942/714/1712 1964/735/1732 1939/709/1707
f 1936/738/1705 1961/739/1729 1965/734/1730
f 1936/738/1705 1965/734/1730 1959/730/1727
f 1938/711/1708 1963/733/1731 1966/737/1733
f 1938/711/1708 1966/737/1733 1960/713/1709
f 1961/739/1729 1967/741/1735 1969/740/1736
f 1961/739/1729 1969/740/1736 1965/734/1730
f 1964/735/1732 1972/743/1737 1967/742/1735
f 1964/735/1732 1967/742/1735 1962/732/1728
f 1963/733/1731 1969/740/1736 1970/744/1738
f 1963/733/1731 1970/744/1738 1966/737/1733
f 1970/744/1738 1968/745/1739 1971/736/1734
f 1970/744/1738 1971/736/1734 1966/737/1733
f 1972/743/1737 1964/735/1732 1971/736/1734
f 1972/743/1737 1971/736/1734 1968/745/1739
f 1967/742/1735 1972/743/1737 1976/747/1740
f 1967/742/1735 1976/747/1740 1973/746/1741
f 1969/740/1736 1973/749/1741 1974/748/1742
f 1969/740/1736 1974/748/1742 1970/744/1738
f 1970/744/1738 1974/748/1742 1975/750/1743
f 1970/744/1738 1975/750/1743 1968/745/1739
f 1972/743/1737 1968/745/1739 1975/750/1743
f 1972/743/1737 1975/750/1743 1976/747/1740
f 2005/751/1744 1933/705/1703 2004/753/1745
f 2005/751/1744 2004/753/1745 1978/752/1746
f 649/754/577 731/757/658 1980/756/1747
f 649/754/577 1980/756/1747 1928/755/1667
f 1978/758/1746 1981/761/1748 733/760/660
f 1978/758/1746 733/760/660 700/759/659
f 1930/762/1696 1980/756/1747 1981/761/1748
f 1930/762/1696 1981/761/1748 1979/763/1749
f 1980/756/1747 731/757/658 736/765/664
f 1980/756/1747 736/765/664 1982/764/1750
f 1981/761/1748 1983/767/1751 738/766/665
f 1981/761/1748 738/766/665 733/760/660
f 1981/761/1748 1980/756/1747 1982/764/1750
f 1981/761/1748 1982/764/1750 1983/767/1751
f 1990/772/1752 1994/775/1753 1992/774/1754
f 1990/772/1752 1992/774/1754 1987/773/1755
f 1993/776/1756 1995/777/1757 1994/775/1753
f 1993/776/1756 1994/775/1753 1990/772/1752
f 1929/778/1694 1979/781/1749 2150/780/1758
f 1929/778/1694 2150/780/1758 2149/779/1759
f 1933/705/1703 2005/751/1744 692/782/679
f 1933/705/1703 692/782/679 1946/718/1715
f 1996/783/1760 2008/786/1761 2006/785/1762
f 1996/783/1760 2006/785/1762 1991/784/1763
f 1993/776/1756 1991/784/1763 2006/785/1762
f 1993/776/1756 2006/785/1762 1995/777/1757
f 777/787/684 2009/790/1764 2018/789/1765
f 777/787/684 2018/789/1765 754/788/685
f 756/791/688 783/794/691 2015/793/1766
f 756/791/688 2015/793/1766 2014/792/1767
f 2022/795/1768 2031/798/1769 2032/797/1770
f 2022/795/1768 2032/797/1770 2025/796/1771
f 2017/799/1772 2037/802/1773 2011/801/1774
f 2017/799/1772 2011/801/1774 2013/800/1775
f 2007/803/1776 2040/806/1777 2041/805/1778
f 2007/803/1776 2041/805/1778 2030/804/1779
f 2042/807/1780 2041/805/1778 2040/806/1777
f 2042/807/1780 2040/806/1777 2038/808/1781
f 2039/809/1782 2048/810/1783 2041/805/1778
f 2039/809/1782 2041/805/1778 2042/807/1780
f 2043/811/1784 2049/812/1785 2048/810/1783
f 2043/811/1784 2048/810/1783 2039/809/1782
f 2059/813/1786 2058/815/1787 2032/797/1770
f 2059/813/1786 2032/797/1770 2051/814/1788
f 2068/816/1789 2069/819/1790 2070/818/1791
f 2068/816/1789 2070/818/1791 2067/817/1792
f 2067/817/1792 2076/821/1793 2077/820/1794
f 2067/817/1792 2077/820/1794 2068/816/1789
f 2071/822/1795 2078/823/1796 2076/821/1793
f 2071/822/1795 2076/821/1793 2067/817/1792
f 2076/821/1793 2079/825/1797 2088/824/1798
f 2076/821/1793 2088/824/1798 2077/820/1794
f 2078/823/1796 2080/826/1799 2079/825/1797
f 2078/823/1796 2079/825/1797 2076/821/1793
f 2081/827/1800 2078/823/1796 2071/822/1795
f 2081/827/1800 2071/822/1795 2074/828/1801
f 2074/828/1801 2082/830/1802 2083/829/1803
f 2074/828/1801 2083/829/1803 2081/827/1800
f 2081/827/1800 2083/829/1803 2099/832/1804
f 2081/827/1800 2099/832/1804 2101/831/1805
f 2092/833/1806 2070/818/1791 2069/819/1790
f 2092/833/1806 2069/819/1790 2054/834/1807
f 2092/833/1806 2073/836/1808 2072/835/1809
f 2092/833/1806 2072/835/1809 2070/818/1791
f 2072/835/1809 2073/836/1808 2093/838/1810
f 2072/835/1809 2093/838/1810 2091/837/1811
f 2086/839/1812 2112/842/1813 2111/841/1814
f 2086/839/1812 2111/841/1814 2084/840/1815
f 2085/843/1816 2511/844/1817 2112/842/1813
f 2085/843/1816 2112/842/1813 2086/839/1812
f 2097/845/1818 2101/831/1805 2099/832/1804
f 2097/845/1818 2099/832/1804 2098/846/1819
f 2080/826/1799 2086/839/1812 2084/840/1815
f 2080/826/1799 2084/840/1815 2079/825/1797
f 2109/847/1820 2096/850/1821 2105/849/1822
f 2109/847/1820 2105/849/1822 2104/848/1823
f 2105/849/1822 2107/852/1824 2106/851/1825
f 2105/849/1822 2106/851/1825 2104/848/1823
f 2107/852/1824 2108/854/1826 2120/853/1827
f 2107/852/1824 2120/853/1827 2106/851/1825
f 2109/847/1820 2110/855/1828 2111/841/1814
f 2109/847/1820 2111/841/1814 2096/850/1821
f 2096/850/1821 2111/841/1814 2112/842/1813
f 2096/850/1821 2112/842/1813 2174/856/1829
f 2115/857/1830 2119/860/1831 2118/859/1832
f 2115/857/1830 2118/859/1832 2114/858/1833
f 2113/861/1834 2117/862/1835 2119/860/1831
f 2113/861/1834 2119/860/1831 2115/857/1830
f 2124/863/1836 2123/866/1837 2116/865/1838
f 2124/863/1836 2116/865/1838 2089/864/1839
f 2106/851/1825 2120/853/1827 2121/867/1840
f 2106/851/1825 2121/867/1840 2104/848/1823
f 2104/848/1823 2121/867/1840 2122/868/1841
f 2104/848/1823 2122/868/1841 2109/847/1820
f 2109/847/1820 2122/868/1841 2117/862/1835
f 2109/847/1820 2117/862/1835 2113/861/1834
f 2103/869/1842 2108/854/1826 2107/852/1824
f 2103/869/1842 2107/852/1824 2105/849/1822
f 2123/866/1837 2124/863/1836 2114/858/1833
f 2123/866/1837 2114/858/1833 2118/859/1832
f 2090/870/1843 2155/871/1844 2068/816/1789
f 2090/870/1843 2068/816/1789 2077/820/1794
f 2054/834/1807 2069/819/1790 2141/873/1845
f 2054/834/1807 2141/873/1845 2142/872/1846
f 1827/559/1620 1818/555/1618 521/558/487
f 1827/559/1620 521/558/487 522/562/491
f 1882/874/1847 2126/877/1848 2125/876/1849
f 1882/874/1847 2125/876/1849 1880/875/1850
f 2129/878/1851 2125/876/1849 2126/877/1848
f 2129/878/1851 2126/877/1848 2128/879/1852
f 1882/880/1847 2130/883/1853 2131/882/1854
f 1882/880/1847 2131/882/1854 2126/881/1848
f 2131/882/1854 2136/886/1855 2138/885/1856
f 2131/882/1854 2138/885/1856 2147/884/1857
f 2130/883/1853 2135/887/1858 2136/886/1855
f 2130/883/1853 2136/886/1855 2131/882/1854
f 1927/695/1695 2133/889/1859 2132/888/1860
f 1927/695/1695 2132/888/1860 1904/668/1669
f 2133/890/1859 2137/893/1861 2134/892/1862
f 2133/890/1859 2134/892/1862 2132/891/1860
f 2138/885/1856 2136/886/1855 2135/887/1858
f 2138/885/1856 2135/887/1858 2139/894/1863
f 2138/885/1856 2139/895/1863 2137/893/1861
f 2138/885/1856 2137/893/1861 2147/884/1857
f 2141/873/1845 2144/897/1864 2143/896/1697
f 2141/873/1845 2143/896/1697 2142/872/1846
f 2140/898/1865 2143/896/1697 2144/897/1864
f 2140/898/1865 2144/897/1864 2128/899/1852
f 2142/872/1846 1934/902/1702 2056/901/1866
f 2142/872/1846 2056/901/1866 2057/900/1867
f 2001/903/1868 2145/906/1869 2146/905/1870
f 2001/903/1868 2146/905/1870 2002/904/1871
f 2140/907/1865 2147/908/1857 2145/906/1869
f 2140/907/1865 2145/906/1869 2001/903/1868
f 2149/779/1759 2151/910/1872 1927/909/1695
f 2149/779/1759 1927/909/1695 1929/778/1694
f 2147/908/1857 2137/912/1861 2151/913/1872
f 2147/908/1857 2151/913/1872 2145/906/1869
f 2133/911/1859 1927/914/1695 2151/913/1872
f 2133/911/1859 2151/913/1872 2137/912/1861
f 2001/903/1868 2152/917/1873 2000/916/1698
f 2001/903/1868 2000/916/1698 2143/915/1697
f 2158/617/1646 2159/920/1874 2160/919/1875
f 2158/617/1646 2160/919/1875 1428/918/1264
f 2082/830/1802 2163/922/1876 2162/921/1877
f 2082/830/1802 2162/921/1877 2083/829/1803
f 2083/829/1803 2181/924/1878 2161/923/1879
f 2083/829/1803 2161/923/1879 2099/832/1804
f 2158/617/1646 2164/618/1645 2165/925/1880
f 2158/617/1646 2165/925/1880 2159/920/1874
f 2082/830/1802 2074/828/1801 2075/926/1881
f 2082/830/1802 2075/926/1881 2165/925/1880
f 2181/924/1878 2162/921/1877 2182/928/1882
f 2181/924/1878 2182/928/1882 2166/927/1883
f 2169/929/1884 2166/930/1883 2116/865/1838
f 2169/929/1884 2116/865/1838 2123/866/1837
f 2167/931/1885 2116/865/1838 2166/930/1883
f 2167/931/1885 2166/930/1883 2182/932/1882
f 2090/870/1843 2167/931/1885 2156/933/1886
f 2090/870/1843 2156/933/1886 2155/871/1844
f 2167/931/1885 2182/932/1882 2129/934/1851
f 2167/931/1885 2129/934/1851 2156/933/1886
f 2118/859/1832 2168/935/1887 2169/929/1884
f 2118/859/1832 2169/929/1884 2123/866/1837
f 2120/853/1827 2379/937/1888 2170/936/1889
f 2120/853/1827 2170/936/1889 2121/867/1840
f 2379/938/1888 2220/941/1890 2172/940/1891
f 2379/938/1888 2172/940/1891 2170/939/1889
f 2170/939/1889 2172/940/1891 2173/943/1892
f 2170/939/1889 2173/943/1892 2171/942/1893
f 2172/940/1891 2220/941/1890 2187/945/1894
f 2172/940/1891 2187/945/1894 2176/944/1895
f 2176/944/1895 2175/947/1896 2180/946/1897
f 2176/944/1895 2180/946/1897 2172/940/1891
f 2175/947/1896 2511/844/1817 2100/949/1898
f 2175/947/1896 2100/949/1898 2178/948/1899
f 2179/950/1900 2180/946/1897 2175/947/1896
f 2179/950/1900 2175/947/1896 2178/948/1899
f 2173/943/1892 2179/950/1900 2184/952/1901
f 2173/943/1892 2184/952/1901 2183/951/1902
f 2098/846/1819 2178/948/1899 2100/949/1898
f 2098/846/1819 2100/949/1898 2097/845/1818
f 2179/950/1900 2178/948/1899 2098/846/1819
f 2179/950/1900 2098/846/1819 2184/952/1901
f 2168/953/1887 2173/943/1892 2183/951/1902
f 2168/953/1887 2183/951/1902 2169/954/1884
f 2183/951/1902 2181/924/1878 2166/927/1883
f 2183/951/1902 2166/927/1883 2169/954/1884
f 2182/928/1882 2162/921/1877 2127/956/1903
f 2182/928/1882 2127/956/1903 2129/955/1851
f 2177/957/1904 2186/959/1905 2185/958/1906
f 2177/957/1904 2185/958/1906 2103/869/1842
f 2177/957/1904 2187/945/1894 2207/960/1907
f 2177/957/1904 2207/960/1907 2186/959/1905
f 2189/961/1908 2188/962/1909 2108/854/1826
f 2189/961/1908 2108/854/1826 2185/958/1906
f 2191/963/1910 2190/964/1911 2185/958/1906
f 2191/963/1910 2185/958/1906 2186/959/1905
f 2380/965/1912 2108/854/1826 2188/962/1909
f 2380/965/1912 2188/962/1909 2192/966/1913
f 2305/967/1914 2306/968/1915 2189/961/1908
f 2305/967/1914 2189/961/1908 2190/964/1911
f 2189/961/1908 2342/970/1916 2343/969/1917
f 2189/961/1908 2343/969/1917 2188/962/1909
f 2191/963/1910 2194/972/1918 2193/971/1919
f 2191/963/1910 2193/971/1919 2190/964/1911
f 2188/962/1909 2381/974/1920 2382/973/1921
f 2188/962/1909 2382/973/1921 2192/966/1913
f 2194/972/1918 2196/976/1922 2195/975/1923
f 2194/972/1918 2195/975/1923 2193/971/1919
f 2196/976/1922 2198/978/1924 2197/977/1925
f 2196/976/1922 2197/977/1925 2195/975/1923
f 2198/978/1924 2200/980/1926 2199/979/1927
f 2198/978/1924 2199/979/1927 2197/977/1925
f 2200/980/1926 2205/982/1928 2201/981/1929
f 2200/980/1926 2201/981/1929 2199/979/1927
f 2186/959/1905 2207/960/1907 2269/984/1930
f 2186/959/1905 2269/984/1930 2270/983/1931
f 2194/972/1918 2208/986/1932 2209/985/1933
f 2194/972/1918 2209/985/1933 2196/976/1922
f 2200/980/1926 2209/985/1933 2211/987/1934
f 2200/980/1926 2211/987/1934 2205/982/1928
f 2211/987/1934 2210/989/1935 2203/988/1936
f 2211/987/1934 2203/988/1936 2205/982/1928
f 2214/990/1937 2212/993/1938 2202/992/1939
f 2214/990/1937 2202/992/1939 2204/991/1940
f 2203/988/1936 2213/994/1941 2214/990/1937
f 2203/988/1936 2214/990/1937 2204/991/1940
f 2215/995/1942 2264/996/1943 2212/993/1938
f 2215/995/1942 2212/993/1938 2214/990/1937
f 2213/994/1941 2263/997/1944 2215/995/1942
f 2213/994/1941 2215/995/1942 2214/990/1937
f 2207/960/1907 2216/999/1945 2280/998/1946
f 2207/960/1907 2280/998/1946 2269/984/1930
f 2220/941/1890 2216/999/1945 2207/960/1907
f 2220/941/1890 2207/960/1907 2187/945/1894
f 1875/1000/1947 2221/620/1647 2222/621/1650
f 1875/1000/1947 2222/621/1650 1878/1001/1948
f 2223/624/1653 1897/1002/1949 1878/1001/1948
f 2223/624/1653 1878/1001/1948 2222/621/1650
f 2228/1003/1950 2225/1005/1951 2043/811/1784
f 2228/1003/1950 2043/811/1784 2045/1004/1952
f 2059/813/1786 2051/814/1788 2237/1007/1953
f 2059/813/1786 2237/1007/1953 2238/1006/1954
f 2066/1008/1955 2059/813/1786 2238/1006/1954
f 2066/1008/1955 2238/1006/1954 2061/1009/1956
f 2231/1010/1957 2241/1012/1958 2094/1011/1959
f 2231/1010/1957 2094/1011/1959 2073/836/1808
f 2244/1013/1960 2243/1016/1961 2250/1015/1962
f 2244/1013/1960 2250/1015/1962 2235/1014/1963
f 2094/1011/1959 2251/1019/1964 2247/1018/1965
f 2094/1011/1959 2247/1018/1965 2227/1017/1966
f 2053/1020/1967 2065/1023/1968 2064/1022/1969
f 2053/1020/1967 2064/1022/1969 2240/1021/1970
f 2256/1024/1971 2199/979/1927 2201/981/1929
f 2256/1024/1971 2201/981/1929 2253/1025/1972
f 2253/1025/1972 2201/981/1929 2202/992/1939
f 2253/1025/1972 2202/992/1939 2254/1026/1973
f 2255/1027/1974 2193/971/1919 2195/975/1923
f 2255/1027/1974 2195/975/1923 2256/1024/1971
f 2257/1028/1975 2210/989/1935 2211/987/1934
f 2257/1028/1975 2211/987/1934 2258/1029/1976
f 2259/1030/1977 2253/1025/1972 2254/1026/1973
f 2259/1030/1977 2254/1026/1973 2260/1031/1978
f 2258/1032/1976 2259/1035/1977 2260/1034/1978
f 2258/1032/1976 2260/1034/1978 2257/1033/1975
f 2261/1036/1979 2257/1033/1975 2260/1034/1978
f 2261/1036/1979 2260/1034/1978 2262/1037/1980
f 2263/1038/1944 2261/1036/1979 2262/1037/1980
f 2263/1038/1944 2262/1037/1980 2264/1039/1943
f 2267/1040/1981 2259/1035/1977 2258/1032/1976
f 2267/1040/1981 2258/1032/1976 2265/1041/1982
f 2340/1042/1983 2267/1040/1981 2265/1041/1982
f 2340/1042/1983 2265/1041/1982 2266/1043/1984
f 2256/1024/1971 2253/1025/1972 2259/1030/1977
f 2256/1024/1971 2259/1030/1977 2267/1044/1981
f 2255/1027/1974 2256/1024/1971 2267/1044/1981
f 2255/1027/1974 2267/1044/1981 2340/1045/1983
f 2266/1046/1984 2265/1047/1982 2209/985/1933
f 2266/1046/1984 2209/985/1933 2208/986/1932
f 2269/984/1930 2272/1049/1985 2271/1048/1986
f 2269/984/1930 2271/1048/1986 2270/983/1931
f 2272/1049/1985 2274/1051/1987 2273/1050/1988
f 2272/1049/1985 2273/1050/1988 2271/1048/1986
f 2274/1051/1987 2276/1053/1989 2275/1052/1990
f 2274/1051/1987 2275/1052/1990 2273/1050/1988
f 2269/984/1930 2280/998/1946 2281/1054/1991
f 2269/984/1930 2281/1054/1991 2272/1049/1985
f 2281/1054/1991 2282/1056/1992 2279/1055/1993
f 2281/1054/1991 2279/1055/1993 2276/1053/1989
f 2283/1057/1994 2284/1060/1995 2278/1059/1996
f 2283/1057/1994 2278/1059/1996 2277/1058/1997
f 2279/1055/1993 2285/1061/1998 2283/1057/1994
f 2279/1055/1993 2283/1057/1994 2277/1058/1997
f 2286/1062/1999 2287/1063/2000 2284/1060/1995
f 2286/1062/1999 2284/1060/1995 2283/1057/1994
f 2285/1061/1998 2288/1064/2001 2286/1062/1999
f 2285/1061/1998 2286/1062/1999 2283/1057/1994
f 2289/1065/2002 2275/1052/1990 2278/1059/1996
f 2289/1065/2002 2278/1059/1996 2290/1066/2003
f 2206/1067/2004 2270/983/1931 2271/1048/1986
f 2206/1067/2004 2271/1048/1986 2289/1065/2002
f 2291/1068/2005 2282/1056/1992 2281/1054/1991
f 2291/1068/2005 2281/1054/1991 2298/1069/2006
f 2297/1070/2007 2289/1065/2002 2290/1066/2003
f 2297/1070/2007 2290/1066/2003 2292/1071/2008
f 2298/1072/2006 2297/1075/2007 2292/1074/2008
f 2298/1072/2006 2292/1074/2008 2291/1073/2005
f 2293/1076/2009 2291/1073/2005 2292/1074/2008
f 2293/1076/2009 2292/1074/2008 2294/1077/2010
f 2295/1078/2011 2293/1076/2009 2294/1077/2010
f 2295/1078/2011 2294/1077/2010 2296/1079/2012
f 2288/1080/2001 2295/1078/2011 2296/1079/2012
f 2288/1080/2001 2296/1079/2012 2287/1081/2000
f 2299/1082/2013 2297/1075/2007 2298/1072/2006
f 2299/1082/2013 2298/1072/2006 2415/1083/2014
f 2289/1065/2002 2297/1070/2007 2299/1084/2013
f 2289/1065/2002 2299/1084/2013 2206/1067/2004
f 2415/1085/2014 2298/1069/2006 2281/1054/1991
f 2415/1085/2014 2281/1054/1991 2280/998/1946
f 2301/1086/2015 2208/986/1932 2194/972/1918
f 2301/1086/2015 2194/972/1918 2191/963/1910
f 2304/1087/2016 2415/1090/2014 2218/1089/2017
f 2304/1087/2016 2218/1089/2017 2302/1088/2018
f 2301/1086/2015 2303/1091/2019 2266/1046/1984
f 2301/1086/2015 2266/1046/1984 2208/986/1932
f 2303/1092/2019 2304/1087/2016 2340/1042/1983
f 2303/1092/2019 2340/1042/1983 2266/1043/1984
f 2209/985/1933 2265/1047/1982 2258/1029/1976
f 2209/985/1933 2258/1029/1976 2211/987/1934
f 2305/967/1914 2308/1094/2020 2307/1093/2021
f 2305/967/1914 2307/1093/2021 2306/968/1915
f 2308/1094/2020 2310/1096/2022 2309/1095/2023
f 2308/1094/2020 2309/1095/2023 2307/1093/2021
f 2310/1096/2022 2312/1098/2024 2311/1097/2025
f 2310/1096/2022 2311/1097/2025 2309/1095/2023
f 2312/1098/2024 2314/1100/2026 2313/1099/2027
f 2312/1098/2024 2313/1099/2027 2311/1097/2025
f 2305/967/1914 2318/1102/2028 2319/1101/2029
f 2305/967/1914 2319/1101/2029 2308/1094/2020
f 2312/1098/2024 2319/1101/2029 2320/1103/2030
f 2312/1098/2024 2320/1103/2030 2314/1100/2026
f 2320/1103/2030 2321/1105/2031 2317/1104/2032
f 2320/1103/2030 2317/1104/2032 2314/1100/2026
f 2322/1106/2033 2323/1109/2034 2316/1108/2035
f 2322/1106/2033 2316/1108/2035 2315/1107/2036
f 2317/1104/2032 2324/1110/2037 2322/1106/2033
f 2317/1104/2032 2322/1106/2033 2315/1107/2036
f 2325/1111/2038 2326/1112/2039 2323/1109/2034
f 2325/1111/2038 2323/1109/2034 2322/1106/2033
f 2324/1110/2037 2327/1113/2040 2325/1111/2038
f 2324/1110/2037 2325/1111/2038 2322/1106/2033
f 2328/1114/2041 2311/1097/2025 2313/1099/2027
f 2328/1114/2041 2313/1099/2027 2329/1115/2042
f 2329/1115/2042 2313/1099/2027 2316/1108/2035
f 2329/1115/2042 2316/1108/2035 2330/1116/2043
f 2331/1117/2044 2306/968/1915 2307/1093/2021
f 2331/1117/2044 2307/1093/2021 2328/1114/2041
f 2321/1105/2031 2320/1103/2030 2333/1119/2045
f 2321/1105/2031 2333/1119/2045 2332/1118/2046
f 2334/1120/2047 2329/1115/2042 2330/1116/2043
f 2334/1120/2047 2330/1116/2043 2335/1121/2048
f 2333/1122/2045 2334/1125/2047 2335/1124/2048
f 2333/1122/2045 2335/1124/2048 2332/1123/2046
f 2336/1126/2049 2332/1123/2046 2335/1124/2048
f 2336/1126/2049 2335/1124/2048 2337/1127/2050
f 2327/1128/2040 2336/1126/2049 2337/1127/2050
f 2327/1128/2040 2337/1127/2050 2326/1129/2039
f 2338/1130/2051 2334/1125/2047 2333/1122/2045
f 2338/1130/2051 2333/1122/2045 2339/1131/2052
f 2376/1132/2053 2338/1130/2051 2339/1131/2052
f 2376/1132/2053 2339/1131/2052 2340/1042/1983
f 2328/1114/2041 2329/1115/2042 2334/1120/2047
f 2328/1114/2041 2334/1120/2047 2338/1133/2051
f 2331/1117/2044 2328/1114/2041 2338/1133/2051
f 2331/1117/2044 2338/1133/2051 2376/1134/2053
f 2340/1045/1983 2339/1135/2052 2319/1101/2029
f 2340/1045/1983 2319/1101/2029 2318/1102/2028
f 2319/1101/2029 2339/1135/2052 2333/1119/2045
f 2319/1101/2029 2333/1119/2045 2320/1103/2030
f 2305/967/1914 2193/971/1919 2255/1027/1974
f 2305/967/1914 2255/1027/1974 2318/1102/2028
f 2342/970/1916 2345/1137/2054 2344/1136/2055
f 2342/970/1916 2344/1136/2055 2343/969/1917
f 2345/1137/2054 2347/1139/2056 2346/1138/2057
f 2345/1137/2054 2346/1138/2057 2344/1136/2055
f 2347/1139/2056 2349/1141/2058 2348/1140/2059
f 2347/1139/2056 2348/1140/2059 2346/1138/2057
f 2349/1141/2058 2351/1143/2060 2350/1142/2061
f 2349/1141/2058 2350/1142/2061 2348/1140/2059
f 2342/970/1916 2355/1145/2062 2356/1144/2063
f 2342/970/1916 2356/1144/2063 2345/1137/2054
f 2349/1141/2058 2356/1144/2063 2357/1146/2064
f 2349/1141/2058 2357/1146/2064 2351/1143/2060
f 2357/1146/2064 2358/1148/2065 2354/1147/2066
f 2357/1146/2064 2354/1147/2066 2351/1143/2060
f 2359/1149/2067 2360/1152/2068 2353/1151/2069
f 2359/1149/2067 2353/1151/2069 2352/1150/2070
f 2354/1147/2066 2361/1153/2071 2359/1149/2067
f 2354/1147/2066 2359/1149/2067 2352/1150/2070
f 2363/1154/2072 2348/1140/2059 2350/1142/2061
f 2363/1154/2072 2350/1142/2061 2364/1155/2073
f 2364/1155/2073 2350/1142/2061 2353/1151/2069
f 2364/1155/2073 2353/1151/2069 2365/1156/2074
f 2366/1157/2075 2343/969/1917 2344/1136/2055
f 2366/1157/2075 2344/1136/2055 2363/1154/2072
f 2367/1158/2076 2358/1148/2065 2357/1146/2064
f 2367/1158/2076 2357/1146/2064 2368/1159/2077
f 2369/1160/2078 2364/1155/2073 2365/1156/2074
f 2369/1160/2078 2365/1156/2074 2370/1161/2079
f 2368/1162/2077 2369/1165/2078 2370/1164/2079
f 2368/1162/2077 2370/1164/2079 2367/1163/2076
f 2371/1166/2080 2367/1163/2076 2370/1164/2079
f 2371/1166/2080 2370/1164/2079 2372/1167/2081
f 2373/1168/2082 2369/1165/2078 2368/1162/2077
f 2373/1168/2082 2368/1162/2077 2374/1169/2083
f 2375/1170/2084 2373/1168/2082 2374/1169/2083
f 2375/1170/2084 2374/1169/2083 2376/1171/2053
f 2363/1154/2072 2364/1155/2073 2369/1160/2078
f 2363/1154/2072 2369/1160/2078 2373/1172/2082
f 2366/1157/2075 2363/1154/2072 2373/1172/2082
f 2366/1157/2075 2373/1172/2082 2375/1173/2084
f 2376/1134/2053 2374/1174/2083 2356/1144/2063
f 2376/1134/2053 2356/1144/2063 2355/1145/2062
f 2356/1144/2063 2374/1174/2083 2368/1159/2077
f 2356/1144/2063 2368/1159/2077 2357/1146/2064
f 2331/1117/2044 2355/1145/2062 2342/970/1916
f 2331/1117/2044 2342/970/1916 2306/968/1915
f 2376/1132/2053 2340/1042/1983 2304/1087/2016
f 2376/1132/2053 2304/1087/2016 2302/1088/2018
f 2378/1175/2085 2302/1178/2018 2217/1177/2086
f 2378/1175/2085 2217/1177/2086 2377/1176/2087
f 2377/1179/2087 2379/937/1888 2120/853/1827
f 2377/1179/2087 2120/853/1827 2380/965/1912
f 2192/966/1913 2378/1180/2085 2377/1179/2087
f 2192/966/1913 2377/1179/2087 2380/965/1912
f 1873/659/1665 2164/1182/1645 1429/1181/1265
f 1873/659/1665 1429/1181/1265 1419/658/1268
f 2381/974/1920 2384/1184/2088 2383/1183/2089
f 2381/974/1920 2383/1183/2089 2382/973/1921
f 2384/1184/2088 2386/1186/2090 2385/1185/2091
f 2384/1184/2088 2385/1185/2091 2383/1183/2089
f 2386/1186/2090 2388/1188/2092 2387/1187/2093
f 2386/1186/2090 2387/1187/2093 2385/1185/2091
f 2388/1188/2092 2390/1190/2094 2389/1189/2095
f 2388/1188/2092 2389/1189/2095 2387/1187/2093
f 2381/974/1920 2394/1192/2096 2395/1191/2097
f 2381/974/1920 2395/1191/2097 2384/1184/2088
f 2388/1188/2092 2395/1191/2097 2396/1193/2098
f 2388/1188/2092 2396/1193/2098 2390/1190/2094
f 2396/1193/2098 2397/1195/2099 2393/1194/2100
f 2396/1193/2098 2393/1194/2100 2390/1190/2094
f 2398/1196/2101 2399/1199/2102 2392/1198/2103
f 2398/1196/2101 2392/1198/2103 2391/1197/2104
f 2393/1194/2100 2400/1200/2105 2398/1196/2101
f 2393/1194/2100 2398/1196/2101 2391/1197/2104
f 2402/1201/2106 2387/1187/2093 2389/1189/2095
f 2402/1201/2106 2389/1189/2095 2403/1202/2107
f 2403/1202/2107 2389/1189/2095 2392/1198/2103
f 2403/1202/2107 2392/1198/2103 2404/1203/2108
f 2405/1204/2109 2382/973/1921 2383/1183/2089
f 2405/1204/2109 2383/1183/2089 2402/1201/2106
f 2406/1205/2110 2397/1195/2099 2396/1193/2098
f 2406/1205/2110 2396/1193/2098 2407/1206/2111
f 2408/1207/2112 2403/1202/2107 2404/1203/2108
f 2408/1207/2112 2404/1203/2108 2409/1208/2113
f 2407/1209/2111 2408/1212/2112 2409/1211/2113
f 2407/1209/2111 2409/1211/2113 2406/1210/2110
f 2410/1213/2114 2406/1210/2110 2409/1211/2113
f 2410/1213/2114 2409/1211/2113 2411/1214/2115
f 2412/1215/2116 2408/1212/2112 2407/1209/2111
f 2412/1215/2116 2407/1209/2111 2413/1216/2117
f 2414/1217/2118 2412/1215/2116 2413/1216/2117
f 2414/1217/2118 2413/1216/2117 2375/1170/2084
f 2402/1201/2106 2403/1202/2107 2408/1207/2112
f 2402/1201/2106 2408/1207/2112 2412/1218/2116
f 2405/1204/2109 2402/1201/2106 2412/1218/2116
f 2405/1204/2109 2412/1218/2116 2414/1219/2118
f 2375/1173/2084 2413/1220/2117 2395/1191/2097
f 2375/1173/2084 2395/1191/2097 2394/1192/2096
f 2395/1191/2097 2413/1220/2117 2407/1206/2111
f 2395/1191/2097 2407/1206/2111 2396/1193/2098
f 2366/1157/2075 2394/1192/2096 2381/974/1920
f 2366/1157/2075 2381/974/1920 2343/969/1917
f 2302/1178/2018 2414/1217/2118 2375/1170/2084
f 2302/1178/2018 2375/1170/2084 2376/1171/2053
f 2405/1204/2109 2414/1219/2118 2378/1180/2085
f 2405/1204/2109 2378/1180/2085 2192/966/1913
f 2191/963/1910 2270/983/1931 2206/1067/2004
f 2191/963/1910 2206/1067/2004 2301/1086/2015
f 2303/1091/2019 2301/1086/2015 2206/1067/2004
f 2303/1091/2019 2206/1067/2004 2299/1084/2013
f 2038/808/1781 2040/806/1777 2425/1222/2119
f 2038/808/1781 2425/1222/2119 2417/1221/2120
f 2423/1223/2121 2420/1226/2122 2418/1225/2123
f 2423/1223/2121 2418/1225/2123 2424/1224/2124
f 1406/1227/2125 2418/1225/2123 2420/1226/2122
f 1406/1227/2125 2420/1226/2122 562/1228/1050
f 2422/1229/2126 2419/1232/2127 2416/1231/2128
f 2422/1229/2126 2416/1231/2128 2421/1230/2129
f 2423/1223/2121 2417/1221/2120 2416/1231/2128
f 2423/1223/2121 2416/1231/2128 2419/1232/2127
f 2424/1224/2124 2038/808/1781 2417/1221/2120
f 2424/1224/2124 2417/1221/2120 2423/1223/2121
f 2428/1233/2130 2015/1236/1766 783/1235/691
f 2428/1233/2130 783/1235/691 1331/1234/1056
f 2430/1237/2131 2429/1240/2132 2432/1239/2133
f 2430/1237/2131 2432/1239/2133 2431/1238/2134
f 2434/1241/2135 2429/1240/2132 2433/1243/2136
f 2434/1241/2135 2433/1243/2136 2435/1242/2137
f 2434/1241/2135 2435/1242/2137 2437/1245/2138
f 2434/1241/2135 2437/1245/2138 2436/1244/2139
f 2439/1246/2140 2433/1243/2136 2430/1237/2131
f 2439/1246/2140 2430/1237/2131 2438/1247/2141
f 2440/1248/2142 2435/1242/2137 2433/1243/2136
f 2440/1248/2142 2433/1243/2136 2439/1246/2140
f 2437/1245/2138 2435/1242/2137 2440/1248/2142
f 2437/1245/2138 2440/1248/2142 2441/1249/2143
f 2430/1237/2131 2431/1238/2134 2017/1250/1772
f 2430/1237/2131 2017/1250/1772 2438/1247/2141
f 2015/1251/1766 2428/1254/2130 2442/1253/2144
f 2015/1251/1766 2442/1253/2144 2451/1252/2145
f 2446/1255/2146 2444/1258/2147 2445/1257/2148
f 2446/1255/2146 2445/1257/2148 2447/1256/2149
f 2447/1256/2149 2445/1257/2148 2443/1260/2150
f 2447/1256/2149 2443/1260/2150 2450/1259/2151
f 2450/1259/2151 2443/1260/2150 2442/1253/2144
f 2450/1259/2151 2442/1253/2144 2449/1261/2152
f 2449/1261/2152 2442/1253/2144 2428/1254/2130
f 2449/1261/2152 2428/1254/2130 2448/1262/2153
f 2443/1260/2150 2440/1264/2142 2439/1263/2140
f 2443/1260/2150 2439/1263/2140 2451/1252/2145
f 2434/1241/2135 2454/1266/2154 2453/1265/2155
f 2434/1241/2135 2453/1265/2155 2429/1240/2132
f 2434/1241/2135 2436/1244/2139 2446/1255/2146
f 2434/1241/2135 2446/1255/2146 2454/1266/2154
f 14/1267/10 2421/1230/2129 2426/1269/2156
f 14/1267/10 2426/1269/2156 1/1268/11
f 2431/1308/2134 2432/1311/2133 2457/1310/2157
f 2431/1308/2134 2457/1310/2157 2456/1309/2158
f 63/1331/2159 2457/1310/2157 2432/1311/2133
f 63/1331/2159 2432/1311/2133 64/1332/2160
f 2460/1333/2161 2513/1336/2162 2512/1335/2163
f 2460/1333/2161 2512/1335/2163 2458/1334/2164
f 2514/1337/2165 2513/1336/2162 2460/1333/2161
f 2514/1337/2165 2460/1333/2161 2462/1338/2166
f 2463/1339/2167 2464/1342/2168 2467/1341/2169
f 2463/1339/2167 2467/1341/2169 2466/1340/2170
f 2465/1343/2171 2498/1344/2172 2466/1340/2170
f 2465/1343/2171 2466/1340/2170 2467/1341/2169
f 2460/1333/2161 2458/1334/2164 2468/1346/2173
f 2460/1333/2161 2468/1346/2173 2469/1345/2174
f 2464/1342/2168 2462/1338/2166 2469/1345/2174
f 2464/1342/2168 2469/1345/2174 2500/1347/2175
f 2465/1343/2171 2467/1341/2169 2471/1349/2176
f 2465/1343/2171 2471/1349/2176 2470/1348/2177
f 2467/1341/2169 2464/1342/2168 2500/1347/2175
f 2467/1341/2169 2500/1347/2175 2471/1349/2176
f 2473/1350/2178 2474/1353/2179 2432/1352/2133
f 2473/1350/2178 2432/1352/2133 2472/1351/2180
f 2476/1354/2181 2473/1350/2178 2472/1351/2180
f 2476/1354/2181 2472/1351/2180 2475/1355/2182
f 2478/1356/2183 2474/1353/2179 2473/1350/2178
f 2478/1356/2183 2473/1350/2178 2479/1357/2184
f 2479/1357/2184 2473/1350/2178 2476/1354/2181
f 2479/1357/2184 2476/1354/2181 2480/1358/2185
f 2488/1359/2186 2478/1356/2183 2479/1357/2184
f 2488/1359/2186 2479/1357/2184 2482/1360/2187
f 2479/1357/2184 2480/1358/2185 2485/1361/2188
f 2479/1357/2184 2485/1361/2188 2482/1360/2187
f 2488/1359/2186 2482/1360/2187 2484/1363/2189
f 2488/1359/2186 2484/1363/2189 2483/1362/2190
f 2486/1364/2191 2487/1365/2192 2476/1354/2181
f 2486/1364/2191 2476/1354/2181 2475/1355/2182
f 2480/1358/2185 2476/1354/2181 2487/1365/2192
f 2480/1358/2185 2487/1365/2192 2481/1366/2193
f 61/1367/63 2474/1353/2179 2478/1356/2183
f 61/1367/63 2478/1356/2183 2490/1368/2194
f 1332/1369/1178 2452/1371/2195 2448/1370/2153
f 1332/1369/1178 2448/1370/2153 1331/1234/1056
f 106/1372/106 2489/1373/2196 2452/1371/2195
f 106/1372/106 2452/1371/2195 1332/1369/1178
f 2478/1356/2183 2488/1359/2186 2489/1378/2196
f 2478/1356/2183 2489/1378/2196 2490/1368/2194
f 2492/1394/2197 1/1397/11 2426/1396/2156
f 2492/1394/2197 2426/1396/2156 2491/1395/2198
f 2425/1398/2119 2459/1400/2199 2491/1399/2198
f 2425/1398/2119 2491/1399/2198 2426/1508/2156
f 2496/1402/2200 2493/1404/2201 2461/1403/2202
f 2496/1402/2200 2461/1403/2202 2463/1412/2167
f 2492/1394/2197 2515/1407/2203 4/1406/20
f 2492/1394/2197 4/1406/20 1/1397/11
f 2518/1408/2204 2519/1410/2205 2494/1405/2206
f 2518/1408/2204 2494/1405/2206 2516/1409/2207
f 2466/1411/2170 2497/1413/2208 2496/1402/2200
f 2466/1411/2170 2496/1402/2200 2463/1412/2167
f 2499/1414/2209 2497/1413/2208 2466/1411/2170
f 2499/1414/2209 2466/1411/2170 2498/1415/2172
f 2497/1413/2208 2499/1414/2209 2470/1348/2177
f 2497/1413/2208 2470/1348/2177 2471/1349/2176
f 2517/1416/2210 2496/1402/2200 2497/1413/2208
f 2517/1416/2210 2497/1413/2208 2471/1349/2176
f 2516/1409/2207 2494/1405/2206 2496/1402/2200
f 2516/1409/2207 2496/1402/2200 2517/1416/2210
f 1356/1417/1208 2419/1232/2127 2422/1229/2126
f 1356/1417/1208 2422/1229/2126 1357/1418/1209
f 90/1419/92 1357/1418/1209 2422/1229/2126
f 90/1419/92 2422/1229/2126 2502/1420/2211
f 2507/1436/2212 1444/1439/2213 90/1438/92
f 2507/1436/2212 90/1438/92 2502/1437/2211
f 2507/1436/2212 2506/1441/2214 1445/1440/2215
f 2507/1436/2212 1445/1440/2215 1444/1439/2213
f 2504/1442/2216 2505/1444/2217 2508/1443/2218
f 2504/1442/2216 2508/1443/2218 2507/1436/2212
f 1446/1445/2219 1445/1440/2215 2506/1441/2214
f 1446/1445/2219 2506/1441/2214 2509/1446/2220
f 2176/944/1895 2187/945/1894 2177/957/1904
f 2176/944/1895 2177/957/1904 2510/1448/2221
f 2175/947/1896 2176/944/1895 2510/1448/2221
f 2175/947/1896 2510/1448/2221 2511/844/1817
f 2513/1336/2162 2493/1505/2201 2459/1400/2199
f 2513/1336/2162 2459/1400/2199 2512/1335/2163
f 2461/1506/2202 2493/1505/2201 2513/1336/2162
f 2461/1506/2202 2513/1336/2162 2514/1337/2165
f 2468/1346/2173 46/1507/46 4/1406/20
f 2468/1346/2173 4/1406/20 2515/1407/2203
f 2500/1347/2175 2469/1345/2174 2516/1409/2207
f 2500/1347/2175 2516/1409/2207 2517/1416/2210
f 1/11/11 3/1509/2222 2/12/12
f 1/11/11 4/20/20 3/1509/2222
f 3/1509/2222 4/20/20 5/2/2
f 5/2/2 6/1/1 3/1509/2222
f 10/7/7 11/6/6 13/19/19
f 7/4/4 19/51/51 18/50/50
f 2/12/12 3/1509/2222 6/1/1
f 20/21/21 22/18/18 21/70/70
f 25/15/15 26/56/56 24/16/16
f 19/51/51 7/4/4 24/16/16
f 24/16/16 26/56/56 19/51/51
f 37/37/37 43/43/43 34/34/34
f 46/46/46 9/8/8 4/20/20
f 41/41/41 45/45/45 40/40/40
f 26/56/56 49/60/60 48/48/48
f 19/51/51 26/56/56 48/48/48
f 1262/33/33 51/62/62 33/30/30
f 1262/33/33 1281/1510/2223 51/62/62
f 52/52/52 1281/1510/2223 1280/53/53
f 49/60/60 26/56/56 54/55/55
f 31/26/26 55/59/59 30/25/25
f 32/31/31 56/1511/2224 31/26/26
f 33/30/30 56/1511/2224 32/31/31
f 57/61/61 58/1512/2225 56/1511/2224
f 57/61/61 56/1511/2224 33/30/30
f 54/55/55 59/57/57 49/60/60
f 58/1512/2225 60/58/58 56/1511/2224
f 60/58/58 58/1512/2225 59/57/57
f 58/1512/2225 49/60/60 59/57/57
f 58/1512/2225 57/61/61 49/60/60
f 60/58/58 55/59/59 56/1511/2224
f 55/59/59 31/26/26 56/1511/2224
f 51/62/62 1281/1510/2223 52/52/52
f 63/1513/2159 61/63/63 62/64/64
f 63/1513/2159 64/1514/2160 61/63/63
f 45/45/45 61/63/63 47/47/47
f 47/47/47 65/66/66 44/44/44
f 109/65/65 43/43/43 44/44/44
f 21/70/70 36/36/36 20/21/21
f 21/70/70 66/69/69 36/36/36
f 39/39/39 66/69/69 42/42/42
f 36/36/36 66/69/69 39/39/39
f 12/5/5 67/68/68 11/6/6
f 11/6/6 67/68/68 23/17/17
f 22/18/18 67/68/68 21/70/70
f 23/17/17 67/68/68 22/18/18
f 42/42/42 67/68/68 12/5/5
f 68/1515/93 14/10/10 15/9/9
f 68/1515/93 15/9/9 16/13/13
f 69/71/71 71/1516/2226 16/13/13
f 2/12/12 6/1/1 17/14/14
f 77/78/78 80/88/88 79/79/79
f 77/78/78 79/79/79 76/77/77
f 72/73/73 70/72/72 17/14/14
f 70/72/72 72/73/73 75/76/76
f 75/76/76 81/82/82 70/72/72
f 84/81/81 70/72/72 81/82/82
f 84/81/81 69/71/71 70/72/72
f 81/82/82 75/76/76 78/80/80
f 86/87/87 87/86/86 89/102/96
f 79/79/79 85/85/85 78/80/80
f 7/4/4 18/50/50 6/1/1
f 92/1517/90 69/71/71 84/81/81
f 69/71/71 92/1517/90 71/1516/2226
f 82/84/84 92/1517/90 84/81/81
f 86/87/87 94/1518/95 85/85/85
f 92/90/90 94/98/95 86/94/87
f 85/85/85 94/1518/95 83/83/83
f 89/102/96 96/101/98 95/1519/97
f 68/93/93 71/1520/2226 92/90/90
f 71/1516/2226 68/1515/93 16/13/13
f 101/111/107 103/108/104 102/1521/2227
f 102/1521/2227 103/108/104 104/107/103
f 98/105/101 99/104/100 105/1522/2228
f 110/1523/2229 104/107/103 105/1522/2228
f 102/1521/2227 104/107/103 110/1523/2229
f 103/108/104 108/113/67 111/114/108
f 105/1522/2228 104/107/103 98/105/101
f 114/118/112 121/487/422 122/486/421
f 126/120/114 116/167/161 115/117/111
f 113/116/110 112/115/109 127/126/120
f 112/115/109 117/122/116 120/129/123
f 122/486/421 119/1524/2230 118/123/117
f 446/485/420 121/487/422 124/1525/2231
f 114/118/112 115/117/111 123/169/163
f 121/487/422 125/170/164 124/1525/2231
f 121/487/422 123/169/163 125/170/164
f 118/123/117 119/1524/2230 174/125/119
f 174/125/119 148/165/159 146/124/118
f 127/126/120 130/131/125 131/143/137
f 130/131/125 132/130/124 133/1526/2232
f 133/1526/2232 136/142/136 130/131/125
f 134/144/138 131/143/137 130/131/125
f 136/142/136 133/1526/2232 139/132/126
f 157/141/135 134/144/138 136/142/136
f 136/142/136 134/144/138 130/131/125
f 132/130/124 137/134/128 138/133/127
f 138/133/127 133/1526/2232 132/130/124
f 140/135/129 135/140/134 139/132/126
f 133/1526/2232 138/133/127 139/132/126
f 137/134/128 132/130/124 141/137/131
f 141/137/131 143/138/132 142/1527/2233
f 142/1527/2233 137/134/128 141/137/131
f 145/139/133 144/136/130 199/182/176
f 117/122/116 146/124/118 147/183/177
f 147/183/177 120/129/123 117/122/116
f 144/136/130 120/129/123 147/183/177
f 119/1524/2230 188/166/160 174/125/119
f 149/146/140 150/145/139 154/1528/2234
f 150/145/139 151/147/141 154/1528/2234
f 153/149/143 152/148/142 154/1528/2234
f 149/146/140 154/1528/2234 152/148/142
f 153/149/143 154/1528/2234 151/147/141
f 159/150/144 161/157/151 155/151/145
f 149/146/140 152/148/142 165/1529/2235
f 157/141/135 135/140/134 158/152/146
f 160/153/147 177/1530/2236 161/157/151
f 137/134/128 142/1527/2233 140/135/129
f 142/1527/2233 143/138/132 164/1531/2237
f 140/135/129 142/1527/2233 164/1531/2237
f 140/135/129 164/1531/2237 135/140/134
f 178/155/149 162/154/148 163/1532/2238
f 158/152/146 135/140/134 241/1533/2239
f 135/140/134 164/1531/2237 241/1533/2239
f 160/153/147 158/152/146 241/1533/2239
f 152/148/142 155/151/145 165/1529/2235
f 131/143/137 149/146/140 165/1529/2235
f 165/1529/2235 156/1534/2240 131/143/137
f 165/1529/2235 155/151/145 166/1535/2241
f 166/1535/2241 155/151/145 167/156/150
f 155/151/145 161/157/151 167/156/150
f 169/159/153 166/1535/2241 167/156/150
f 169/159/153 165/1529/2235 166/1535/2241
f 156/1534/2240 165/1529/2235 168/158/152
f 165/1529/2235 169/159/153 168/158/152
f 156/1534/2240 170/1536/2242 128/127/121
f 156/1534/2240 168/158/152 170/1536/2242
f 131/143/137 128/127/121 127/126/120
f 571/588/517 173/163/157 191/162/156
f 118/123/117 114/118/112 122/486/421
f 172/179/173 148/165/159 189/164/158
f 161/1537/151 177/1538/2236 227/236/224
f 176/1539/2243 177/1530/2236 164/1531/2237
f 163/1532/2238 162/154/148 176/1539/2243
f 162/154/148 175/1540/181 176/1539/2243
f 176/1539/2243 175/1540/181 177/1530/2236
f 163/1532/2238 164/1531/2237 178/155/149
f 178/155/149 164/1531/2237 143/138/132
f 164/1531/2237 163/1532/2238 176/1539/2243
f 121/487/422 114/118/112 123/169/163
f 125/170/164 123/169/163 179/168/162
f 116/167/161 126/120/114 180/1541/2244
f 116/167/161 180/1541/2244 182/173/167
f 180/1541/2244 181/174/168 182/173/167
f 180/1541/2244 126/120/114 181/174/168
f 124/1525/2231 125/170/164 183/172/166
f 185/175/169 194/119/113 192/1542/2245
f 148/165/159 172/179/173 187/178/172
f 568/585/514 571/588/517 189/164/158
f 191/162/156 189/164/158 571/588/517
f 194/119/113 195/1543/2246 192/1542/2245
f 185/175/169 192/1542/2245 193/242/230
f 192/1542/2245 195/1543/2246 193/242/230
f 113/116/110 129/128/122 196/121/115
f 197/181/175 208/180/174 193/242/230
f 181/174/168 185/175/169 193/242/230
f 115/117/111 113/116/110 196/121/115
f 193/242/230 195/1543/2246 197/181/175
f 197/181/175 195/1543/2246 194/119/113
f 197/181/175 194/119/113 196/121/115
f 198/184/178 219/1544/192 200/185/179
f 200/185/179 199/182/176 198/184/178
f 148/165/159 198/184/178 146/124/118
f 148/165/159 219/1544/192 198/184/178
f 148/165/159 187/178/172 219/1544/192
f 219/1544/192 187/178/172 233/230/193
f 186/176/170 203/191/183 234/195/187
f 129/128/122 128/127/121 207/198/189
f 207/198/189 128/127/121 209/1545/190
f 128/127/121 170/1536/2242 209/1545/190
f 209/200/190 170/1546/2242 210/193/185
f 218/351/322 212/206/196 215/210/200
f 216/212/202 217/211/201 262/257/240
f 214/209/199 211/214/204 218/351/322
f 211/214/204 224/213/203 221/219/209
f 220/215/205 223/220/210 224/213/203
f 219/202/192 339/201/191 200/186/179
f 225/187/180 226/222/212 175/188/181
f 226/222/212 177/1538/2236 175/188/181
f 168/1547/152 228/245/232 170/1548/2242
f 168/1547/152 161/1537/151 228/245/232
f 228/245/232 227/236/224 245/238/226
f 228/245/232 229/247/216 170/1548/2242
f 231/223/213 230/225/215 240/228/218
f 203/191/183 205/192/184 234/195/187
f 234/195/187 201/177/171 186/176/170
f 217/211/201 236/233/221 250/235/223
f 230/246/215 247/239/227 240/250/218
f 164/1531/2237 177/1530/2236 241/1533/2239
f 241/1533/2239 177/1530/2236 160/153/147
f 161/157/151 159/150/144 160/153/147
f 191/162/156 172/179/173 189/164/158
f 243/241/229 182/173/167 181/174/168
f 243/241/229 184/171/165 182/173/167
f 206/199/188 242/244/228 208/180/174
f 161/1537/151 227/236/224 228/245/232
f 247/239/227 230/246/215 245/238/226
f 226/222/212 227/236/224 177/1538/2236
f 246/1549/233 264/260/243 237/1550/220
f 248/234/222 264/1551/243 249/251/234
f 250/235/223 262/257/240 217/211/201
f 216/212/202 262/257/240 260/217/207
f 248/234/222 249/251/234 259/254/237
f 257/258/241 251/259/242 252/295/276
f 260/217/207 257/258/241 258/218/208
f 220/215/205 222/216/206 255/256/239
f 222/216/206 256/290/272 255/289/239
f 258/218/208 252/295/276 256/290/272
f 257/258/241 252/295/276 258/218/208
f 250/235/223 248/234/222 259/254/237
f 218/351/322 215/210/200 214/209/199
f 246/1549/233 263/261/244 264/260/243
f 266/263/246 265/262/245 285/1552/2247
f 267/1553/277 285/1552/2247 269/1554/262
f 269/1554/262 268/273/256 402/431/263
f 271/266/249 265/262/245 274/267/250
f 270/269/252 268/273/256 284/270/253
f 246/1549/233 254/291/238 263/261/244
f 273/264/247 276/271/254 272/1555/2248
f 276/271/254 273/264/247 279/275/258
f 284/270/253 272/1555/2248 276/271/254
f 277/272/255 278/274/257 280/428/380
f 278/274/257 281/277/260 280/428/380
f 279/275/258 278/274/257 276/271/254
f 276/271/254 278/274/257 277/272/255
f 273/264/247 272/1555/2248 283/265/248
f 283/265/248 272/1555/2248 284/270/253
f 285/1552/2247 265/262/245 271/266/249
f 285/1552/2247 271/266/249 268/273/256
f 285/1552/2247 267/1553/277 266/263/246
f 285/1552/2247 268/273/256 269/1554/262
f 254/291/238 255/289/239 292/287/270
f 290/285/268 342/354/323 294/398/359
f 294/398/359 291/298/278 290/285/268
f 298/278/261 275/268/251 263/261/244
f 290/285/268 291/298/278 293/288/271
f 249/251/234 264/1551/243 266/296/246
f 267/297/277 269/279/262 253/252/235
f 308/310/288 314/313/291 315/311/289
f 312/317/295 317/316/294 313/350/321
f 308/310/288 309/318/296 314/313/291
f 314/313/291 310/312/290 315/311/289
f 317/316/294 311/320/298 313/350/321
f 306/308/286 304/306/284 323/321/299
f 309/318/296 308/310/288 332/336/312
f 315/311/289 310/312/290 318/333/309
f 305/307/285 307/309/287 319/323/301
f 307/309/287 315/311/289 319/323/301
f 320/325/303 403/424/377 321/326/304
f 323/321/299 304/306/284 302/304/282
f 324/324/302 319/323/301 349/332/308
f 403/424/377 320/325/303 432/1556/311
f 331/344/317 333/337/313 329/339/315
f 329/340/315 326/334/310 331/343/317
f 318/333/309 310/312/290 345/346/318
f 336/319/297 309/318/296 346/348/320
f 339/201/191 211/214/204 221/219/209
f 339/201/191 221/219/209 200/186/179
f 221/219/209 225/187/180 200/186/179
f 170/1557/2242 341/224/214 210/353/185
f 291/298/278 343/1558/330 344/328/305
f 310/312/290 334/315/293 345/346/318
f 309/318/296 332/336/312 346/348/320
f 330/342/316 318/333/309 345/346/318
f 346/348/320 332/336/312 330/345/316
f 347/355/324 327/322/300 323/321/299
f 322/329/306 384/1559/379 351/1560/326
f 344/328/305 384/1559/379 322/329/306
f 359/370/336 361/373/339 360/371/337
f 363/374/340 367/1561/2249 364/375/341
f 359/370/336 365/376/342 361/373/339
f 361/373/339 362/372/338 360/371/337
f 366/377/343 367/1561/2249 363/374/340
f 357/368/334 355/366/332 368/378/344
f 356/367/333 358/369/335 372/382/348
f 358/369/335 360/371/337 372/382/348
f 368/378/344 355/366/332 353/365/331
f 373/383/349 372/382/348 383/384/350
f 371/380/346 377/390/354 378/1562/2250
f 378/1563/2250 377/394/354 370/385/351
f 378/1563/2250 370/385/351 375/387/353
f 375/388/353 371/380/346 378/1562/2250
f 371/380/346 362/372/338 379/391/355
f 366/377/343 365/376/342 380/393/357
f 367/1561/2249 381/392/356 364/375/341
f 381/395/356 367/1561/2249 366/377/343
f 362/372/338 364/375/341 379/391/355
f 365/376/342 370/385/351 380/393/357
f 377/390/354 371/380/346 379/391/355
f 380/393/357 370/385/351 377/394/354
f 373/383/349 383/384/350 384/427/379
f 344/363/305 354/362/329 373/383/349
f 373/383/349 384/427/379 344/363/305
f 343/1558/330 294/398/359 385/400/361
f 291/298/278 294/398/359 343/1558/330
f 386/399/360 342/354/323 387/294/275
f 351/405/326 384/1564/379 395/406/364
f 349/332/308 350/361/328 432/335/311
f 393/413/370 386/399/360 387/294/275
f 396/414/371 393/413/370 389/403/363
f 385/400/361 386/399/360 394/410/367
f 393/413/370 387/294/275 389/403/363
f 297/292/273 299/299/279 321/326/304
f 434/1565/366 391/421/369 433/420/374
f 400/422/375 398/418/373 397/417/372
f 397/417/372 399/423/376 400/422/375
f 368/378/344 385/401/361 394/415/367
f 401/425/378 399/423/376 397/417/372
f 268/273/256 270/269/252 402/431/263
f 408/439/386 409/438/385 410/441/388
f 412/440/387 413/443/390 414/1566/2251
f 408/439/386 410/441/388 415/444/391
f 410/441/388 409/438/385 411/442/389
f 416/445/392 412/440/387 414/1566/2251
f 406/437/384 417/446/393 405/434/382
f 404/433/381 421/450/397 407/436/383
f 407/436/383 421/450/397 409/438/385
f 419/449/396 427/1567/2252 426/457/402
f 427/1568/2252 424/452/399 426/461/402
f 427/1568/2252 423/453/400 424/452/399
f 423/456/400 427/1567/2252 419/449/396
f 419/449/396 428/459/404 411/442/389
f 416/445/392 429/462/405 415/444/391
f 413/443/390 430/458/403 414/1566/2251
f 430/460/403 416/445/392 414/1566/2251
f 411/442/389 428/459/404 413/443/390
f 415/444/391 429/462/405 424/452/399
f 426/457/402 428/459/404 419/449/396
f 429/462/405 426/461/402 424/452/399
f 421/450/397 432/468/311 422/451/398
f 403/432/377 421/450/397 404/433/381
f 421/450/397 403/432/377 432/468/311
f 405/434/382 417/446/393 399/1569/376
f 417/446/393 433/466/374 399/1569/376
f 405/434/382 399/1569/376 401/435/378
f 432/1570/311 350/1571/328 435/1572/407
f 435/1572/407 434/1565/366 433/420/374
f 350/1571/328 434/1565/366 435/1572/407
f 441/478/414 446/485/420 442/479/415
f 183/172/166 442/479/415 124/1525/2231
f 183/172/166 184/171/165 442/479/415
f 442/479/415 446/485/420 124/1525/2231
f 588/1573/2253 564/594/523 119/1524/2230
f 447/484/419 558/483/417 449/1574/2254
f 449/1574/2254 122/486/421 447/484/419
f 451/488/423 242/490/228 204/491/182
f 477/524/454 476/523/453 478/1575/2255
f 478/1575/2255 480/526/456 481/550/479
f 478/1575/2255 476/523/453 480/526/456
f 481/550/479 480/526/456 485/1576/2256
f 480/526/456 479/525/455 482/527/457
f 480/526/456 482/527/457 485/1576/2256
f 482/527/457 519/530/460 485/1576/2256
f 498/522/452 488/532/462 487/531/461
f 487/531/461 468/513/443 498/522/452
f 468/513/443 487/531/461 491/536/466
f 497/541/471 496/540/470 493/537/467
f 171/160/154 204/190/182 190/161/155
f 475/521/451 499/543/472 498/522/452
f 498/522/452 501/553/482 500/1577/2257
f 499/543/472 503/545/474 501/553/482
f 475/521/451 477/524/454 505/544/473
f 477/524/454 478/1575/2255 505/544/473
f 478/1575/2255 481/550/479 505/544/473
f 481/550/479 504/1578/2258 505/544/473
f 481/550/479 502/547/476 504/1578/2258
f 504/1578/2258 503/545/474 505/544/473
f 504/1578/2258 506/1579/2259 512/1580/2260
f 504/1578/2258 502/547/476 506/1579/2259
f 506/1579/2259 502/547/476 507/546/475
f 506/1579/2259 507/546/475 510/555/484
f 510/555/484 512/1580/2260 506/1579/2259
f 507/546/475 509/549/478 510/555/484
f 481/550/479 485/1576/2256 519/530/460
f 503/545/474 504/1578/2258 511/554/483
f 504/1578/2258 512/1580/2260 511/554/483
f 510/555/484 511/554/483 512/1580/2260
f 514/551/480 513/557/486 537/552/481
f 500/1577/2257 501/553/482 537/552/481
f 498/522/452 499/543/472 501/553/482
f 516/1581/2261 517/1582/2262 519/530/460
f 517/1582/2262 508/548/477 519/530/460
f 517/1582/2262 516/1581/2261 518/1583/2263
f 519/530/460 515/556/485 516/1581/2261
f 486/529/459 515/556/485 519/530/460
f 515/556/485 173/542/157 538/570/499
f 173/163/157 571/588/517 538/1584/499
f 508/548/477 517/1582/2262 520/559/488
f 520/559/488 509/549/478 508/548/477
f 517/1582/2262 518/1583/2263 520/559/488
f 520/559/488 510/555/484 509/549/478
f 518/1583/2263 516/1581/2261 542/560/489
f 542/560/489 520/559/488 518/1583/2263
f 526/566/495 473/519/449 472/518/448
f 532/1585/2264 523/563/492 527/1586/2265
f 523/563/492 469/515/445 527/1586/2265
f 534/1587/2266 527/1586/2265 529/1588/2267
f 529/1588/2267 528/514/444 531/567/496
f 527/1586/2265 469/515/445 528/514/444
f 529/1588/2267 531/567/496 533/568/497
f 530/1589/2268 492/535/465 494/538/468
f 534/1587/2266 532/1585/2264 527/1586/2265
f 492/535/465 530/1589/2268 533/568/497
f 533/568/497 530/1589/2268 529/1588/2267
f 528/514/444 469/515/445 458/503/433
f 529/1588/2267 530/1589/2268 534/1587/2266
f 468/513/443 491/536/466 531/567/496
f 531/567/496 528/514/444 468/513/443
f 528/514/444 529/1588/2267 527/1586/2265
f 535/1590/2269 467/512/442 466/511/441
f 466/511/441 473/519/449 535/1590/2269
f 496/540/470 495/539/469 493/537/467
f 498/522/452 500/1577/2257 536/1591/2270
f 500/1577/2257 537/552/481 536/1591/2270
f 513/557/486 536/1591/2270 537/552/481
f 495/539/469 498/522/452 536/1591/2270
f 516/1581/2261 515/556/485 541/569/498
f 541/569/498 542/560/489 516/1581/2261
f 541/569/498 543/573/502 542/560/489
f 543/573/502 540/572/501 544/1592/2271
f 543/573/502 544/1592/2271 545/574/503
f 542/560/489 543/573/502 545/574/503
f 592/607/536 548/582/511 549/579/508
f 549/579/508 551/577/506 550/576/505
f 552/578/507 443/480/416 445/482/418
f 552/578/507 551/577/506 553/1593/2272
f 554/1594/2273 558/481/417 443/480/416
f 443/480/416 552/578/507 554/1594/2273
f 557/581/510 553/1593/2272 551/577/506
f 553/1593/2272 557/581/510 556/1595/561
f 554/1594/2273 552/578/507 556/1595/561
f 556/1595/561 552/578/507 553/1593/2272
f 556/1595/561 558/481/417 554/1594/2273
f 558/483/417 556/1596/561 449/1574/2254
f 548/582/511 592/607/536 593/601/530
f 812/1597/1049 813/1598/2274 741/1599/2275
f 565/1600/2276 450/584/513 188/166/160
f 564/594/523 448/593/522 119/1524/2230
f 119/1524/2230 448/593/522 589/1601/2277
f 119/1524/2230 589/1601/2277 188/166/160
f 563/1602/2278 565/1600/2276 188/166/160
f 563/1602/2278 567/1603/2279 587/1604/2280
f 565/1600/2276 587/1604/2280 566/1605/2281
f 566/1605/2281 450/584/513 565/1600/2276
f 587/1604/2280 565/1600/2276 563/1602/2278
f 569/589/518 571/588/517 573/587/516
f 568/585/514 570/1606/2282 572/586/515
f 570/1606/2282 585/1607/2283 572/586/515
f 572/586/515 583/1608/2284 573/587/516
f 573/587/516 583/1608/2284 569/589/518
f 576/1609/2285 579/1610/2286 575/1611/2287
f 571/588/517 569/589/518 574/1612/2288
f 579/1610/2286 539/571/500 575/1611/2287
f 539/571/500 538/570/499 575/1611/2287
f 575/1611/2287 538/570/499 576/1609/2285
f 576/1613/2285 574/1612/2288 577/592/521
f 577/592/521 574/1612/2288 569/589/518
f 538/1584/499 574/1612/2288 576/1613/2285
f 574/1612/2288 538/1584/499 571/588/517
f 576/1609/2285 582/1614/2289 579/1610/2286
f 586/591/520 581/1615/559 580/1616/560
f 578/590/519 581/1615/559 586/591/520
f 576/1609/2285 580/639/560 582/1614/2289
f 580/1616/560 576/1613/2285 577/592/521
f 569/589/518 584/1617/2290 578/590/519
f 578/590/519 584/1617/2290 570/1606/2282
f 569/589/518 583/1608/2284 584/1617/2290
f 583/1608/2284 572/586/515 585/1607/2283
f 570/1606/2282 584/1617/2290 585/1607/2283
f 585/1607/2283 584/1617/2290 583/1608/2284
f 580/1616/560 577/592/521 586/591/520
f 570/1606/2282 568/585/514 450/584/513
f 450/584/513 566/1605/2281 607/1618/546
f 566/1605/2281 587/1604/2280 607/1618/546
f 607/1618/546 570/1606/2282 450/584/513
f 607/1618/546 578/590/519 570/1606/2282
f 587/1604/2280 567/1603/2279 590/596/525
f 567/1603/2279 448/593/522 590/596/525
f 119/1524/2230 122/486/421 588/1573/2253
f 448/593/522 567/1603/2279 589/1601/2277
f 589/1601/2277 567/1603/2279 563/1602/2278
f 589/1601/2277 563/1602/2278 188/166/160
f 122/486/421 449/1574/2254 588/1573/2253
f 564/594/523 588/1573/2253 591/595/524
f 449/1574/2254 556/1596/561 588/1573/2253
f 549/579/508 550/576/505 592/607/536
f 550/576/505 602/1619/2291 592/607/536
f 602/1619/2291 601/606/535 594/605/534
f 745/771/670 595/600/529 744/599/528
f 596/770/669 636/657/571 597/1620/2292
f 598/602/531 594/605/534 599/603/532
f 548/582/511 593/601/530 600/583/512
f 596/770/669 559/604/533 601/606/535
f 559/604/533 596/770/669 638/655/569
f 602/1619/2291 594/605/534 592/607/536
f 607/1618/546 587/1604/2280 590/596/525
f 607/623/546 590/612/525 604/611/538
f 638/655/569 597/1620/2292 637/656/570
f 637/656/570 597/1620/2292 636/657/571
f 604/611/538 993/620/543 607/623/546
f 605/610/537 606/659/572 609/1621/2293
f 604/611/538 605/610/537 608/1000/871
f 578/1622/519 607/1623/546 610/641/545
f 610/641/545 581/640/559 578/1622/519
f 610/622/545 994/621/544 995/624/547
f 609/1621/2293 897/876/773 613/875/772
f 996/1624/2294 621/1625/2295 611/1001/872
f 611/1001/872 621/1625/2295 614/1626/2296
f 609/1621/2293 613/875/772 996/1624/2294
f 609/1621/2293 608/1000/871 605/610/537
f 642/1002/873 650/1627/2297 619/627/550
f 619/627/550 616/1628/2298 620/628/551
f 613/875/772 615/874/771 621/1625/2295
f 621/1625/2295 615/874/771 622/1629/2299
f 614/1626/2296 621/1625/2295 622/1629/2299
f 614/1626/2296 642/1002/873 611/1001/872
f 619/627/550 995/624/547 642/1002/873
f 616/1630/2298 645/1631/2300 643/632/553
f 650/1627/2297 642/1002/873 645/1632/2300
f 617/642/549 618/630/548 648/629/552
f 620/631/551 616/1630/2298 643/632/553
f 628/636/557 625/634/555 627/633/554
f 624/635/556 626/637/558 540/572/501
f 626/637/558 545/574/503 544/1592/2271
f 626/637/558 544/1592/2271 540/572/501
f 624/635/556 540/572/501 539/571/500
f 539/571/500 579/1610/2286 624/635/556
f 579/1610/2286 582/1614/2289 624/635/556
f 545/574/503 626/637/558 627/633/554
f 624/635/556 582/1614/2289 580/639/560
f 591/595/524 588/1573/2253 556/1596/561
f 630/646/562 632/649/565 634/651/567
f 603/654/542 560/650/566 635/652/539
f 936/1182/541 612/1633/2301 606/659/572
f 596/770/669 597/1620/2292 638/655/569
f 630/646/562 560/650/566 603/654/542
f 614/1626/2296 622/1629/2299 640/1634/579
f 622/1629/2299 651/1635/580 640/1634/579
f 622/1629/2299 615/874/771 651/1635/580
f 614/1626/2296 639/1636/582 642/1002/873
f 639/1636/582 645/1632/2300 642/1002/873
f 614/1626/2296 640/1634/579 641/1637/578
f 639/1638/582 644/660/573 645/1631/2300
f 644/660/573 643/632/553 645/1631/2300
f 623/1639/2302 643/632/553 646/662/575
f 643/632/553 623/1639/2302 648/629/552
f 625/1640/555 628/643/557 617/642/549
f 648/629/552 623/1639/2302 625/1640/555
f 617/642/549 648/629/552 625/1640/555
f 645/1632/2300 616/1628/2298 650/1627/2297
f 650/1627/2297 616/1628/2298 619/627/550
f 614/1626/2296 641/1637/578 639/1636/582
f 644/1641/573 639/1642/582 653/674/584
f 644/1641/573 653/674/584 673/673/586
f 653/671/584 654/670/583 656/678/587
f 665/683/593 659/1643/2303 660/684/594
f 661/685/595 659/1643/2303 665/686/593
f 661/685/595 669/691/600 659/1643/2303
f 669/691/600 660/684/594 659/1643/2303
f 671/693/602 670/692/601 669/691/600
f 668/690/599 666/689/598 674/694/603
f 673/673/586 676/698/576 644/1641/573
f 672/688/597 674/694/603 677/696/605
f 672/688/597 677/696/605 678/697/606
f 729/1644/655 730/1645/662 771/1646/656
f 680/701/609 679/700/608 684/738/614
f 679/700/608 710/730/637 684/738/614
f 690/714/621 703/723/630 698/715/622
f 705/1647/2304 702/1648/2305 704/1649/631
f 705/1647/2304 706/1650/632 682/902/611
f 692/1651/679 694/1652/624 695/1653/2306
f 681/705/613 699/710/617 696/718/625
f 699/710/617 688/720/627 696/718/625
f 696/718/625 694/717/624 692/782/679
f 688/720/627 691/722/629 701/721/628
f 701/721/628 691/722/629 703/723/630
f 703/723/630 691/722/629 698/715/622
f 704/724/631 703/723/630 689/712/619
f 706/1650/632 705/1647/2304 704/1649/631
f 694/1652/624 693/1654/623 709/1655/2307
f 704/724/631 689/712/619 706/725/632
f 708/727/634 695/1653/2306 694/1652/624
f 693/1654/623 750/729/636 709/1655/2307
f 694/1652/624 749/728/635 708/727/634
f 689/712/619 690/714/621 711/713/620
f 720/740/645 716/734/641 714/733/640
f 718/742/646 713/732/639 712/731/638
f 690/714/621 689/712/619 703/723/630
f 718/741/646 720/740/645 724/749/650
f 724/749/650 725/748/652 728/1656/2308
f 725/748/652 726/750/653 728/1656/2308
f 726/750/653 727/747/651 728/1656/2308
f 727/747/651 724/746/650 728/1656/2308
f 730/781/662 678/1657/606 677/778/605
f 676/755/576 678/762/606 732/756/657
f 730/763/662 729/758/655 734/761/661
f 737/764/663 735/1658/2309 736/765/664
f 738/766/665 735/1658/2309 739/767/666
f 739/767/666 735/1658/2309 737/764/663
f 609/1621/2293 606/659/572 612/1633/2301
f 629/647/563 742/769/668 741/1599/2275
f 813/1598/2274 746/1659/2310 741/1599/2275
f 741/1599/2275 740/768/667 562/1660/1050
f 629/647/563 630/646/562 742/769/668
f 742/769/668 740/768/667 741/1599/2275
f 742/769/668 630/646/562 743/598/527
f 743/598/527 630/646/562 603/654/542
f 744/599/528 636/657/571 596/770/669
f 601/606/535 602/1619/2291 745/771/670
f 741/1599/2275 562/1660/1050 812/1597/1049
f 746/1659/2310 629/647/563 741/1599/2275
f 813/1661/2274 747/1662/2311 748/1663/2312
f 748/1664/2312 746/1659/2310 813/1598/2274
f 629/647/563 746/1659/2310 748/1664/2312
f 694/1652/624 709/1655/2307 749/728/635
f 749/728/635 709/1655/2307 750/729/636
f 693/1654/623 704/1649/631 750/729/636
f 693/716/623 697/719/626 704/724/631
f 704/1649/631 702/1648/2305 750/729/636
f 702/1648/2305 707/726/633 750/729/636
f 695/1653/2306 708/727/634 751/1665/2313
f 751/1665/2313 753/1666/2314 754/788/685
f 753/1666/2314 755/1667/2315 754/788/685
f 788/1668/2316 776/790/687 787/789/686
f 751/1665/2313 752/773/672 753/1666/2314
f 753/1666/2314 752/773/672 758/784/681
f 752/773/672 757/772/671 758/784/681
f 752/773/672 707/726/633 759/774/673
f 758/784/681 757/772/671 760/776/675
f 755/1667/2315 753/1666/2314 763/783/680
f 753/1666/2314 758/784/681 763/783/680
f 763/783/680 774/803/700 764/1669/2317
f 759/774/673 707/726/633 765/1670/2318
f 765/1670/2318 707/726/633 702/1648/2305
f 702/1648/2305 705/1647/2304 766/1671/2319
f 765/1670/2318 702/1648/2305 766/1671/2319
f 705/1647/2304 765/1670/2318 766/1671/2319
f 765/1670/2318 761/775/674 759/774/673
f 771/1646/656 730/1645/662 920/1672/2320
f 924/917/797 769/904/793 768/903/792
f 767/702/610 680/701/609 771/1646/656
f 771/753/656 680/706/609 681/705/613
f 692/782/679 700/1673/659 772/751/654
f 772/751/654 700/1673/659 729/752/655
f 708/727/634 707/726/633 751/1665/2313
f 707/726/633 752/773/672 751/1665/2313
f 763/783/680 799/804/701 774/803/700
f 775/786/683 773/785/682 762/777/676
f 763/783/680 775/786/683 799/804/701
f 776/790/687 780/1674/2321 777/787/684
f 764/1669/2317 788/1668/2316 787/789/686
f 788/1668/2316 764/1669/2317 778/1675/2322
f 764/1669/2317 774/803/700 778/1675/2322
f 764/1669/2317 755/1667/2315 763/783/680
f 788/1668/2316 778/1675/2322 805/1676/2323
f 805/1676/2323 776/790/687 788/1668/2316
f 804/1677/2324 780/1674/2321 805/1676/2323
f 780/1674/2321 776/790/687 805/1676/2323
f 782/792/689 756/791/688 780/1674/2321
f 780/1674/2321 756/791/688 777/787/684
f 782/792/689 803/1678/2325 784/793/690
f 785/1679/2326 782/792/689 781/800/697
f 785/1679/2326 781/800/697 802/1680/2327
f 754/788/685 755/1667/2315 787/789/686
f 787/789/686 755/1667/2315 764/1669/2317
f 761/775/674 795/1681/2328 789/1682/2329
f 762/777/676 789/1682/2329 790/1683/2330
f 775/786/683 762/777/676 798/1684/2331
f 790/1683/2330 789/1682/2329 791/795/692
f 761/775/674 765/1670/2318 792/1685/2332
f 789/1682/2329 762/777/676 761/775/674
f 761/775/674 792/1685/2332 795/1681/2328
f 762/777/676 790/1683/2330 798/1684/2331
f 798/1684/2331 799/804/701 775/786/683
f 790/1683/2330 793/1686/2333 798/1684/2331
f 790/1683/2330 791/795/692 793/1686/2333
f 795/1681/2328 796/1687/2334 789/1682/2329
f 795/1681/2328 792/1685/2332 796/1687/2334
f 796/1687/2334 792/1685/2332 794/796/693
f 796/1687/2334 794/796/693 797/1688/2335
f 797/1688/2335 789/1682/2329 796/1687/2334
f 794/796/693 791/795/692 797/1688/2335
f 797/1688/2335 791/795/692 789/1682/2329
f 792/1685/2332 765/1670/2318 826/1689/2336
f 798/1684/2331 793/1686/2333 799/804/701
f 802/1680/2327 803/1678/2325 785/1679/2326
f 803/1678/2325 802/1680/2327 784/793/690
f 804/1677/2324 805/1676/2323 806/802/699
f 780/1674/2321 779/801/698 781/800/697
f 804/1677/2324 779/801/698 780/1674/2321
f 780/1674/2321 781/800/697 782/792/689
f 779/801/698 804/1677/2324 806/802/699
f 806/802/699 805/1676/2323 778/1675/2322
f 800/798/695 793/1686/2333 791/795/692
f 799/804/701 793/1686/2333 810/805/702
f 793/1686/2333 800/798/695 810/805/702
f 809/806/703 806/802/699 778/1675/2322
f 811/807/704 812/1227/1049 1196/1224/1046
f 813/1661/2274 811/807/704 815/1690/2337
f 808/809/706 814/811/708 815/1690/2337
f 815/1690/2337 814/811/708 816/1004/875
f 815/1690/2337 816/1004/875 817/1691/2338
f 747/1662/2311 813/1661/2274 815/1690/2337
f 747/1662/2311 815/1690/2337 818/1692/2339
f 815/1690/2337 817/1691/2338 818/1692/2339
f 818/1692/2339 748/1663/2312 747/1662/2311
f 820/812/709 819/810/707 821/1693/2340
f 821/1693/2340 819/810/707 800/798/695
f 800/798/695 801/797/694 821/1693/2340
f 822/814/711 820/812/709 821/1693/2340
f 821/1693/2340 801/797/694 822/814/711
f 765/1670/2318 705/1647/2304 826/1689/2336
f 705/1647/2304 823/1694/2341 826/1689/2336
f 824/1020/891 823/1694/2341 828/900/790
f 828/900/790 825/834/731 824/1020/891
f 833/1695/2342 823/1694/2341 836/1023/894
f 825/834/731 828/900/790 914/872/769
f 823/1694/2341 827/901/791 828/900/790
f 827/901/791 823/1694/2341 705/1647/2304
f 826/1689/2336 830/813/710 829/815/712
f 829/815/712 801/797/694 794/796/693
f 792/1685/2332 826/1689/2336 829/815/712
f 829/815/712 794/796/693 792/1685/2332
f 830/813/710 826/1689/2336 831/1696/2343
f 830/813/710 831/1696/2343 837/1008/879
f 831/1696/2343 833/1695/2342 837/1008/879
f 837/1008/879 833/1695/2342 834/1697/2344
f 832/1009/880 834/1697/2344 835/1022/893
f 835/1022/893 834/1697/2344 836/1023/894
f 823/1694/2341 824/1020/891 836/1023/894
f 836/1023/894 834/1697/2344 833/1695/2342
f 834/1697/2344 832/1009/880 837/1008/879
f 831/1696/2343 826/1689/2336 833/1695/2342
f 833/1695/2342 826/1689/2336 823/1694/2341
f 824/1020/891 825/834/731 863/833/730
f 841/818/715 838/817/714 843/835/732
f 824/1020/891 863/833/730 1024/1698/2345
f 865/1011/882 844/836/733 864/838/735
f 862/837/734 842/822/719 845/828/725
f 846/926/805 867/1699/2346 862/837/734
f 862/837/734 845/828/725 846/926/805
f 851/826/723 873/831/728 852/827/724
f 849/823/720 851/826/723 852/827/724
f 858/1700/2347 855/840/737 874/1701/2348
f 857/839/736 856/843/740 873/831/728
f 859/824/721 861/870/767 926/1702/2349
f 859/824/721 848/820/717 861/870/767
f 838/817/714 842/822/719 843/835/732
f 843/835/732 842/822/719 862/837/734
f 867/1699/2346 864/838/735 862/837/734
f 927/871/768 839/816/713 840/819/716
f 840/819/716 913/873/770 927/871/768
f 864/838/735 818/1692/2339 865/1011/882
f 865/1011/882 818/1692/2339 817/1691/2338
f 748/1663/2312 818/1692/2339 866/1703/2350
f 629/1704/563 748/1663/2312 866/1703/2350
f 866/1705/2350 633/653/568 631/648/564
f 631/648/564 629/647/563 866/1705/2350
f 866/1703/2350 867/1699/2346 932/919/798
f 855/840/737 858/1700/2347 883/841/738
f 858/1700/2347 882/855/752 883/841/738
f 873/831/728 872/949/823 869/845/742
f 872/949/823 856/843/740 1380/844/741
f 856/843/740 872/949/823 873/831/728
f 873/831/728 851/826/723 857/839/736
f 855/840/737 850/825/722 874/1701/2348
f 874/1701/2348 850/825/722 860/864/761
f 946/856/753 868/850/747 875/869/766
f 946/856/753 875/869/766 949/957/828
f 877/849/746 875/869/766 868/850/747
f 882/855/752 858/1700/2347 885/861/758
f 885/861/758 881/847/744 882/855/752
f 946/856/753 1380/844/741 884/842/739
f 858/1700/2347 887/857/754 885/861/758
f 874/1701/2348 886/858/755 887/857/754
f 887/857/754 858/1700/2347 874/1701/2348
f 860/864/761 926/1702/2349 888/865/762
f 896/863/760 874/1701/2348 860/864/761
f 896/863/760 886/858/755 874/1701/2348
f 897/876/773 899/1706/827 901/878/775
f 898/881/774 900/1707/776 903/882/777
f 900/1707/776 919/884/779 903/882/777
f 902/883/778 651/1708/580 615/880/771
f 651/1708/580 902/883/778 906/1709/785
f 902/883/778 907/887/782 906/1709/785
f 906/1709/785 904/1710/783 651/1708/580
f 904/888/783 652/668/581 651/667/580
f 906/1709/785 907/887/782 911/894/787
f 911/895/787 909/893/786 906/892/785
f 919/884/779 900/1707/776 912/1711/789
f 927/871/768 913/873/770 916/897/788
f 915/915/607 768/903/792 912/907/789
f 827/901/791 705/1647/2304 682/902/611
f 915/896/607 914/872/769 682/902/611
f 769/904/793 770/1712/2351 918/1713/794
f 770/1712/2351 921/779/677 923/910/796
f 918/1713/794 770/1712/2351 923/910/796
f 767/916/610 920/1714/2320 922/780/678
f 920/1672/2320 767/702/610 771/1646/656
f 921/779/677 925/1715/2352 922/780/678
f 922/780/678 925/1715/2352 767/916/610
f 923/913/796 917/906/795 918/905/794
f 922/780/678 920/1714/2320 730/781/662
f 770/1712/2351 769/904/793 925/1715/2352
f 925/1715/2352 769/904/793 924/917/797
f 925/1715/2352 924/917/797 767/916/610
f 921/779/677 770/1712/2351 925/1715/2352
f 900/899/776 901/934/775 928/933/810
f 928/933/810 927/871/768 916/897/788
f 928/933/810 916/897/788 900/899/776
f 899/1706/827 897/876/773 612/1633/2301
f 899/1706/827 612/1633/2301 929/1716/2353
f 612/1633/2301 936/1182/541 929/1716/2353
f 609/1621/2293 612/1633/2301 897/876/773
f 634/1717/567 633/918/568 930/617/540
f 635/616/539 634/1717/567 930/617/540
f 932/919/798 867/1699/2346 931/920/799
f 867/1699/2346 846/926/805 931/920/799
f 932/919/798 633/918/568 866/1703/2350
f 811/807/704 813/1661/2274 812/1227/1049
f 854/829/726 953/924/803 934/921/800
f 937/925/804 931/920/799 846/926/805
f 853/830/727 935/922/801 937/925/804
f 936/618/541 937/925/804 929/1718/2353
f 933/923/802 955/951/825 953/924/803
f 888/865/762 926/1702/2349 939/931/809
f 926/1702/2349 861/870/767 939/931/809
f 933/923/802 871/832/729 870/846/743
f 889/862/759 940/935/811 943/1719/816
f 891/860/757 890/859/756 940/935/811
f 889/862/759 891/860/757 940/935/811
f 894/868/765 889/862/759 943/1719/816
f 893/867/764 894/868/765 942/936/812
f 894/868/765 943/1719/816 942/936/812
f 946/856/753 1379/1448/1229 1380/844/741
f 1379/1448/1229 946/856/753 949/957/828
f 945/943/817 943/942/816 940/953/811
f 952/946/820 945/943/817 951/950/824
f 944/940/814 945/943/817 952/946/820
f 955/951/825 933/923/802 956/952/826
f 956/952/826 933/923/802 870/846/743
f 935/922/801 899/956/827 929/1718/2353
f 929/1718/2353 937/925/804 935/922/801
f 935/922/801 934/921/800 899/956/827
f 875/869/766 880/854/751 957/958/829
f 957/958/829 961/961/832 962/964/835
f 1115/969/840 960/962/833 1153/974/845
f 1078/968/839 961/961/832 1114/970/841
f 965/971/842 962/964/835 1077/967/838
f 973/981/852 976/991/862 977/982/853
f 973/981/852 974/992/863 976/991/862
f 976/991/862 975/988/859 977/982/853
f 968/976/847 970/978/849 981/985/856
f 970/978/849 972/980/851 981/985/856
f 969/977/848 967/975/846 1028/1024/895
f 971/979/850 969/977/848 1028/1024/895
f 988/999/870 1052/998/869 991/1720/2354
f 988/999/870 991/1720/2354 992/941/815
f 1187/1090/938 990/1089/942 991/1721/2354
f 1052/998/869 1187/1085/938 991/1720/2354
f 991/1721/2354 990/1089/942 989/1722/1011
f 991/1720/2354 989/1723/1011 992/941/815
f 604/611/538 608/1000/871 993/620/543
f 611/1001/872 608/1000/871 996/1624/2294
f 996/1624/2294 608/1000/871 609/1621/2293
f 996/1624/2294 613/875/772 621/1625/2295
f 997/1005/876 998/1724/2355 1000/1003/874
f 1000/1003/874 817/1691/2338 816/1004/875
f 814/811/708 820/812/709 997/1005/876
f 998/1724/2355 999/1017/888 1000/1003/874
f 1000/1003/874 999/1017/888 817/1691/2338
f 999/1017/888 865/1011/882 817/1691/2338
f 1002/1725/2356 844/836/733 1003/1010/881
f 1004/1726/2357 1011/1727/2358 1005/1728/2359
f 1011/1727/2358 1001/1729/2360 1005/1728/2359
f 1004/1726/2357 1005/1728/2359 1008/1730/2361
f 1005/1728/2359 1006/1731/2362 1008/1730/2361
f 1006/1731/2362 1022/1015/886 1008/1730/2361
f 1022/1015/886 1007/1014/885 1008/1730/2361
f 1008/1730/2361 1009/1007/878 1004/1726/2357
f 1008/1730/2361 1007/1014/885 1009/1007/878
f 1004/1726/2357 1010/1006/877 1011/1727/2358
f 1004/1726/2357 1009/1007/878 1010/1006/877
f 1009/1007/878 1007/1014/885 822/814/711
f 1010/1006/877 832/1009/880 1011/1727/2358
f 1001/1729/2360 1011/1727/2358 1012/1021/892
f 1012/1021/892 1011/1727/2358 835/1022/893
f 832/1009/880 835/1022/893 1011/1727/2358
f 1023/1019/890 1019/1018/889 1020/1732/2363
f 1003/1010/881 1013/1012/883 1014/1733/2364
f 1001/1729/2360 1003/1010/881 1014/1733/2364
f 1003/1010/881 1001/1729/2360 1002/1725/2356
f 1014/1733/2364 1006/1731/2362 1001/1729/2360
f 1006/1731/2362 1005/1728/2359 1001/1729/2360
f 1014/1733/2364 1013/1012/883 1006/1731/2362
f 1006/1731/2362 1021/1734/2365 1022/1015/886
f 1022/1015/886 998/1724/2355 997/1005/876
f 1022/1015/886 997/1005/876 1015/1016/887
f 997/1005/876 820/812/709 1015/1016/887
f 822/814/711 1007/1014/885 1016/1013/884
f 1016/1013/884 1017/1735/2366 1018/1736/2367
f 1016/1013/884 1015/1016/887 1017/1735/2366
f 1015/1016/887 820/812/709 1017/1735/2366
f 1017/1735/2366 820/812/709 1018/1736/2367
f 820/812/709 822/814/711 1018/1736/2367
f 1018/1736/2367 822/814/711 1016/1013/884
f 1019/1018/889 999/1017/888 998/1724/2355
f 1019/1018/889 998/1724/2355 1021/1734/2365
f 1021/1734/2365 998/1724/2355 1022/1015/886
f 1023/1019/890 1013/1012/883 865/1011/882
f 1020/1732/2363 1019/1018/889 1021/1734/2365
f 1023/1019/890 1020/1732/2363 1013/1012/883
f 1013/1012/883 1020/1732/2363 1006/1731/2362
f 1006/1731/2362 1020/1732/2363 1021/1734/2365
f 844/836/733 1002/1725/2356 1024/1698/2345
f 1001/1729/2360 1012/1021/892 1024/1698/2345
f 1024/1698/2345 1012/1021/892 824/1020/891
f 1024/1698/2345 1002/1725/2356 1001/1729/2360
f 844/836/733 1024/1698/2345 863/833/730
f 811/807/704 808/809/706 815/1690/2337
f 926/1702/2349 860/864/761 859/824/721
f 860/864/761 850/825/722 859/824/721
f 1026/1026/897 984/993/864 974/992/863
f 985/994/865 982/989/860 975/988/859
f 1026/1026/897 1032/1031/902 1034/1737/904
f 984/993/864 1026/1026/897 1034/1737/904
f 984/993/864 1034/1737/904 1036/996/867
f 1035/997/868 1033/1738/903 985/994/865
f 1033/1738/903 1029/1028/899 982/989/860
f 982/989/860 985/994/865 1033/1738/903
f 987/995/866 1036/996/867 1040/1739/2368
f 1035/997/868 987/995/866 1040/1739/2368
f 1036/1039/867 1035/1038/868 1040/1740/2368
f 1047/1052/913 1049/1058/919 1048/1053/914
f 1047/1052/913 1050/1059/920 1049/1058/919
f 1049/1058/919 1051/1055/916 1048/1053/914
f 1044/1049/910 1046/1051/912 1053/1054/915
f 1046/1051/912 1048/1053/914 1053/1054/915
f 1045/1050/911 1043/1048/909 1061/1065/926
f 1047/1052/913 1045/1050/911 1061/1065/926
f 1062/1066/927 1056/1060/921 1050/1059/920
f 1057/1061/922 1054/1056/917 1051/1055/916
f 1062/1066/927 1064/1071/932 1066/1741/934
f 1056/1060/921 1062/1066/927 1068/1742/936
f 1056/1060/921 1068/1742/936 1059/1063/924
f 1060/1064/925 1067/1743/935 1057/1061/922
f 1054/1056/917 1067/1743/935 1065/1744/933
f 1065/1744/933 1063/1068/929 1054/1056/917
f 1054/1056/917 1057/1061/922 1067/1743/935
f 1062/1066/927 1066/1741/934 1068/1742/936
f 1058/1062/923 1059/1063/924 1072/1745/2369
f 1060/1064/925 1058/1062/923 1072/1745/2369
f 1059/1081/924 1060/1080/925 1072/1746/2369
f 989/1722/1011 990/1089/942 1074/1088/941
f 1085/1099/950 1087/1107/958 1086/1100/951
f 1085/1099/950 1088/1108/959 1087/1107/958
f 1087/1107/958 1089/1104/955 1086/1100/951
f 1080/1094/945 1082/1096/947 1091/1101/952
f 1082/1096/947 1084/1098/949 1091/1101/952
f 1081/1095/946 1079/1093/944 1100/1114/965
f 1083/1097/948 1081/1095/946 1100/1114/965
f 1102/1116/967 1095/1109/960 1088/1108/959
f 1096/1110/961 1093/1105/956 1089/1104/955
f 1102/1116/967 1107/1121/972 1109/1747/974
f 1095/1109/960 1102/1116/967 1109/1747/974
f 1095/1109/960 1109/1747/974 1098/1112/963
f 1099/1113/964 1108/1748/973 1096/1110/961
f 1108/1748/973 1104/1118/969 1093/1105/956
f 1093/1105/956 1096/1110/961 1108/1748/973
f 1097/1111/962 1098/1112/963 1113/1749/2370
f 1099/1113/964 1097/1111/962 1113/1749/2370
f 1098/1129/963 1099/1128/964 1113/1750/2370
f 1090/1102/953 1112/1045/907 1027/1027/898
f 1122/1142/984 1124/1150/992 1123/1143/985
f 1122/1142/984 1125/1151/993 1124/1150/992
f 1124/1150/992 1126/1147/989 1123/1143/985
f 1117/1137/979 1119/1139/981 1128/1144/986
f 1119/1139/981 1121/1141/983 1128/1144/986
f 1134/1751/2371 1131/1149/991 1132/1152/994
f 1133/1153/995 1131/1149/991 1134/1751/2371
f 1118/1138/980 1116/1136/978 1135/1154/996
f 1120/1140/982 1118/1138/980 1135/1154/996
f 1137/1156/998 1132/1152/994 1125/1151/993
f 1133/1153/995 1130/1148/990 1126/1147/989
f 1144/1167/1005 1143/1166/1004 1134/1752/2371
f 1137/1156/998 1142/1161/1003 1144/1753/1005
f 1132/1152/994 1137/1156/998 1144/1753/1005
f 1132/1152/994 1144/1753/1005 1134/1751/2371
f 1134/1751/2371 1143/1754/1004 1133/1153/995
f 1143/1754/1004 1139/1158/1000 1130/1148/990
f 1130/1148/990 1133/1153/995 1143/1754/1004
f 1127/1145/987 1148/1134/977 1103/1117/968
f 1186/1217/1042 1150/1175/1009 1074/1178/941
f 992/941/815 989/1723/1011 1151/938/813
f 989/1177/1011 1149/1176/1010 1151/1755/813
f 880/854/751 892/853/750 1152/965/836
f 144/136/130 147/183/177 199/182/176
f 222/216/206 258/218/208 256/290/272
f 264/1551/243 248/234/222 237/232/220
f 229/226/216 341/224/214 170/1557/2242
f 128/127/121 131/143/137 156/1534/2240
f 112/115/109 120/129/123 127/126/120
f 864/838/735 867/1699/2346 818/1692/2339
f 867/1699/2346 866/1703/2350 818/1692/2339
f 1161/1189/1018 1163/1197/1026 1162/1190/1019
f 1161/1189/1018 1164/1198/1027 1163/1197/1026
f 1163/1197/1026 1165/1194/1023 1162/1190/1019
f 1156/1184/1013 1158/1186/1015 1167/1191/1020
f 1158/1186/1015 1160/1188/1017 1167/1191/1020
f 1173/1756/2372 1170/1196/1025 1171/1199/1028
f 1172/1200/1029 1170/1196/1025 1173/1756/2372
f 1157/1185/1014 1155/1183/1012 1174/1201/1030
f 1159/1187/1016 1157/1185/1014 1174/1201/1030
f 1176/1203/1032 1171/1199/1028 1164/1198/1027
f 1172/1200/1029 1169/1195/1024 1165/1194/1023
f 1183/1214/1039 1182/1213/1038 1173/1757/2372
f 1176/1203/1032 1181/1208/1037 1183/1758/1039
f 1171/1199/1028 1176/1203/1032 1183/1758/1039
f 1171/1199/1028 1183/1758/1039 1173/1756/2372
f 1173/1756/2372 1182/1759/1038 1172/1200/1029
f 1182/1759/1038 1178/1205/1034 1169/1195/1024
f 1169/1195/1024 1172/1200/1029 1182/1759/1038
f 1166/1192/1021 1147/1173/1008 1138/1157/999
f 1177/1204/1033 1154/973/844 964/966/837
f 1071/1760/937 1075/1092/943 1076/1087/940
f 1071/1760/937 1076/1087/940 1187/1090/938
f 1042/983/854 958/959/830 963/963/834
f 1189/1221/1043 1188/1231/1053 1197/1222/1044
f 1195/1223/1045 1192/1226/1048 1191/1232/1054
f 812/1227/1049 1190/1225/1047 1196/1224/1046
f 562/1228/1050 1191/1232/1054 1192/1226/1048
f 1196/1224/1046 807/808/705 811/807/704
f 1188/1231/1053 1198/1269/1084 1197/1222/1044
f 1188/1231/1053 1193/1230/1052 1198/1269/1084
f 786/799/696 806/802/699 1199/1761/2373
f 1199/1762/2373 1197/1763/1044 1275/1309/1121
f 1203/1308/1058 786/1764/696 1199/1762/2373
f 1199/1762/2373 1275/1309/1121 1203/1308/1058
f 809/806/703 1197/1222/1044 1199/1761/2373
f 1199/1761/2373 806/802/699 809/806/703
f 1202/1237/1057 1201/1240/1060 1205/1243/1063
f 784/1765/690 802/1766/2327 1210/1767/1067
f 1215/1260/1077 1214/1253/1071 1223/1252/1070
f 1210/1768/1067 1211/1263/1066 784/1251/690
f 782/792/689 785/1679/2326 803/1678/2325
f 1212/1264/1068 1217/1257/1074 1215/1260/1077
f 1213/1769/1069 1216/1258/1075 1217/1257/1074
f 1217/1257/1074 1212/1264/1068 1213/1769/1069
f 784/1251/690 1211/1263/1066 1223/1252/1070
f 1201/1240/1060 1320/1770/1172 1225/1265/1080
f 1224/1771/1179 1220/1262/1079 1225/1265/1080
f 1225/1265/1080 1220/1262/1079 1221/1261/1078
f 1225/1265/1080 1221/1261/1078 1222/1259/1076
f 1225/1265/1080 1222/1259/1076 1226/1266/1081
f 1226/1266/1081 1222/1259/1076 1219/1256/1073
f 1226/1266/1081 1219/1256/1073 1218/1255/1072
f 1209/1245/1065 1208/1244/1064 1227/1772/2374
f 1213/1249/1069 1209/1245/1065 1227/1772/2374
f 1216/1258/1075 1213/1769/1069 1227/1772/2374
f 1218/1255/1072 1216/1258/1075 1227/1772/2374
f 1208/1244/1064 1218/1255/1072 1227/1772/2374
f 1331/1234/1056 1200/1233/1055 1220/1370/1079
f 1229/1280/1083 1237/1279/1094 1231/1273/1088
f 1229/1280/1083 1231/1273/1088 1249/1289/1102
f 1231/1273/1088 1248/1272/1087 1249/1289/1102
f 1233/1270/1085 1247/1290/1103 1250/1271/1086
f 1232/1276/1091 1251/1288/1101 1252/1277/1092
f 1247/1290/1103 1245/1317/1128 1243/1316/1127
f 1237/1279/1094 1233/1270/1085 1231/1273/1088
f 1254/1291/1104 1240/1392/1192 1241/1285/1098
f 1242/1284/1097 1234/1287/1100 1257/1322/1133
f 1243/1316/1127 1234/1287/1100 1247/1290/1103
f 1234/1287/1100 1243/1316/1127 1257/1322/1133
f 1269/1301/1114 34/34/34 43/43/43
f 1201/1240/1060 1204/1239/1059 1320/1770/1172
f 1320/1770/1172 1224/1771/1179 1225/1265/1080
f 1304/1313/1124 1249/1289/1102 1236/1275/1090
f 1273/1305/1118 1272/1304/1117 1277/1312/1123
f 1257/1322/1133 1244/1315/1126 1285/1327/1138
f 1243/1316/1127 1244/1315/1126 1257/1322/1133
f 1262/33/33 1263/1297/1110 1291/1328/1139
f 1262/33/33 1291/1328/1139 1281/1510/2223
f 1278/1319/1130 1280/53/53 1281/1510/2223
f 1285/1327/1138 1284/1321/1132 1257/1322/1133
f 1259/1296/1109 1282/1295/1108 1290/1325/1136
f 1264/1298/1111 1259/1296/1109 1286/1773/2375
f 1263/1297/1110 1264/1298/1111 1286/1773/2375
f 1279/1326/1137 1286/1773/2375 1289/1774/2376
f 1279/1326/1137 1263/1297/1110 1286/1773/2375
f 1284/1321/1132 1285/1327/1138 1287/1323/1134
f 1289/1774/2376 1286/1773/2375 1288/1324/1135
f 1288/1324/1135 1287/1323/1134 1289/1774/2376
f 1289/1774/2376 1287/1323/1134 1285/1327/1138
f 1289/1774/2376 1285/1327/1138 1279/1326/1137
f 1288/1324/1135 1286/1773/2375 1290/1325/1136
f 1290/1325/1136 1286/1773/2375 1259/1296/1109
f 1291/1328/1139 1278/1319/1130 1281/1510/2223
f 1292/1775/1142 1306/1330/1141 1325/1329/1140
f 1276/1776/1122 1275/1401/1121 1436/1335/1146
f 1292/1777/1142 1276/1776/1122 1293/1334/1145
f 1438/1337/1148 1298/1339/1150 1299/1342/1153
f 1293/1334/1145 1303/1346/1157 1306/1778/1141
f 1295/1333/1144 1297/1338/1149 1305/1345/1156
f 1292/1777/1142 1293/1334/1145 1306/1778/1141
f 1204/1352/1059 1330/1779/1143 1311/1353/1163
f 1324/1365/1175 1314/1780/2377 1323/1364/1174
f 1314/1780/2377 1324/1365/1175 1318/1366/1176
f 1319/1360/1170 1321/1363/1173 1322/1361/1171
f 1321/1363/1173 1320/1362/1172 1204/1781/1059
f 1204/1781/1059 1309/1782/1162 1321/1363/1173
f 1322/1361/1171 1321/1363/1173 1309/1782/1162
f 1309/1782/1162 1312/1783/1165 1322/1361/1171
f 1322/1361/1171 1318/1366/1176 1317/1358/1168
f 1312/1783/1165 1318/1366/1176 1322/1361/1171
f 1323/1784/1174 1314/1780/2377 1318/1366/1176
f 1318/1366/1176 1312/1783/1165 1323/1784/1174
f 1328/1368/1177 1333/1785/1181 1336/1786/1186
f 1320/1362/1172 1326/1359/1169 1327/1378/1180
f 1224/1371/1179 1320/1787/1172 1327/1373/1180
f 1329/1788/1125 1333/1785/1181 1328/1368/1177
f 1328/1368/1177 1325/1367/1140 1329/1788/1125
f 1292/1775/1142 1325/1329/1140 1330/1789/1143
f 1330/1779/1143 1325/1367/1140 1311/1353/1163
f 106/1372/106 1336/1790/1186 1337/1791/1185
f 1333/1374/1181 1329/1314/1125 1334/1375/1182
f 1277/1312/1123 1329/1314/1125 1325/1329/1140
f 1329/1314/1125 1274/1307/1120 1334/1375/1182
f 1334/1375/1182 109/65/65 1335/1376/1183
f 106/1372/106 1327/1373/1180 1336/1790/1186
f 1336/1786/1186 1327/1378/1180 1328/1368/1177
f 101/111/107 102/1521/2227 1341/1385/1189
f 102/1521/2227 1342/1386/1190 1341/1385/1189
f 1340/1383/1188 105/1522/2228 99/1384/100
f 110/1523/2229 105/1522/2228 1342/1386/1190
f 102/1521/2227 110/1523/2229 1342/1386/1190
f 1341/1385/1189 1338/1390/1184 1335/1389/1183
f 105/1522/2228 1340/1383/1188 1342/1386/1190
f 1240/1392/1192 1254/1291/1104 1266/1300/1113
f 1240/1392/1192 1266/1300/1113 1343/1393/1193
f 1268/1303/1116 1271/1306/1119 1343/1393/1193
f 1266/1300/1113 1268/1303/1116 1343/1393/1193
f 1235/1274/1089 1252/1277/1092 1344/1391/1191
f 1252/1277/1092 1253/1286/1099 1344/1391/1191
f 1241/1285/1098 1240/1392/1192 1344/1391/1191
f 1253/1286/1099 1241/1285/1098 1344/1391/1191
f 1271/1306/1119 1235/1274/1089 1344/1391/1191
f 1443/1410/1204 1348/1405/1200 1345/1395/1195
f 1348/1405/1200 1347/1404/1199 1349/1792/2378
f 1349/1793/2378 1347/1505/1199 1294/1400/1196
f 1294/1400/1196 1345/1399/1195 1349/1793/2378
f 1345/1399/1195 1197/1398/1044 1198/1508/1084
f 1350/1402/1197 1298/1412/1150 1296/1403/1198
f 1300/1343/1154 1352/1344/1155 1355/1794/2379
f 1307/1348/1159 1300/1343/1154 1355/1794/2379
f 1352/1415/1155 1353/1414/1206 1355/1794/2379
f 1353/1414/1206 1307/1348/1159 1355/1794/2379
f 1191/1232/1054 562/1228/1050 1356/1417/1208
f 1193/1230/1052 1194/1229/1051 1358/1420/1210
f 1358/1420/1210 1228/1267/1082 1193/1230/1052
f 1358/1795/1210 1230/1278/1093 1228/1281/1082
f 1358/1795/1210 1238/1282/1095 1230/1278/1093
f 1359/1421/1211 1238/1282/1095 1361/1796/2380
f 1237/1279/1094 1362/1283/1096 1233/1270/1085
f 77/78/78 1372/1428/1218 80/88/88
f 77/78/78 1365/1426/1216 1372/1428/1218
f 1363/1423/1213 1362/1283/1096 1360/1422/1212
f 1360/1422/1212 1366/1425/1215 1363/1423/1213
f 1366/1425/1215 1360/1422/1212 1370/1432/1222
f 1371/1429/1219 1370/1432/1222 1360/1422/1212
f 1371/1429/1219 1360/1422/1212 1359/1421/1211
f 1370/1432/1222 1367/1427/1217 1366/1425/1215
f 1375/1435/1225 1378/1447/1228 1373/1433/1223
f 1372/1428/1218 1367/1427/1217 1374/1434/1224
f 1247/1290/1103 1233/1270/1085 1245/1317/1128
f 1376/1797/1226 1371/1429/1219 1359/1421/1211
f 1359/1421/1211 1361/1796/2380 1376/1797/1226
f 1368/1430/1220 1371/1429/1219 1376/1797/1226
f 1375/1435/1225 1374/1434/1224 1377/1798/1227
f 1376/1436/1226 1375/1441/1225 1377/1443/1227
f 1374/1434/1224 1369/1431/1221 1377/1798/1227
f 1378/1447/1228 95/1519/97 96/101/98
f 810/805/702 800/798/695 819/810/707
f 781/800/697 786/799/696 802/1680/2327
f 802/1766/2327 786/1799/696 1210/1767/1067
f 809/806/703 778/1675/2322 774/803/700
f 1358/1437/1210 1376/1436/1226 1361/1800/2380
f 1361/1796/2380 1238/1282/1095 1358/1795/1210
f 1390/1462/1238 1393/1465/1240 1391/1463/1239
f 1394/1484/1256 1395/1471/1245 1396/1472/1246
f 1395/1471/1245 550/1466/505 1397/1468/1242
f 1398/1467/1241 445/1460/418 1388/1459/1237
f 1398/1467/1241 1399/1801/2381 1397/1468/1242
f 1400/1802/2382 1388/1459/1237 1387/1458/1236
f 1388/1459/1237 1400/1802/2382 1398/1467/1241
f 1401/1469/1243 1397/1468/1242 1399/1801/2381
f 1399/1801/2381 1403/1803/1664 1401/1469/1243
f 1400/1802/2382 1403/1803/1664 1398/1467/1241
f 1403/1803/1664 1399/1801/2381 1398/1467/1241
f 1403/1803/1664 1400/1802/2382 1387/1458/1236
f 1396/1472/1246 1405/1480/1252 1394/1484/1256
f 1406/1804/2125 1407/1805/2383 1408/1806/2384
f 1395/1471/1245 1394/1484/1256 550/1466/505
f 550/1466/505 1394/1484/1256 602/1807/2291
f 602/1807/2291 1409/1483/1255 1410/1482/1254
f 745/1499/670 1411/1476/1248 595/1475/529
f 1413/1500/1270 1414/1808/2385 1415/1494/1266
f 1416/1479/1251 1417/1478/1250 1409/1483/1255
f 1396/1472/1246 1404/1473/1247 1405/1480/1252
f 1413/1500/1270 1410/1482/1254 1418/1481/1253
f 1418/1481/1253 1419/1496/1268 1413/1500/1270
f 602/1807/2291 1394/1484/1256 1409/1483/1255
f 1419/1496/1268 1420/1495/1267 1414/1808/2385
f 1420/1495/1267 1415/1494/1266 1414/1808/2385
f 1421/1485/1257 1427/1491/1263 1422/1486/1258
f 1429/1493/1265 1426/1490/1262 1425/1489/1261
f 1413/1500/1270 1419/1496/1268 1414/1808/2385
f 1421/1485/1257 1429/1493/1265 1425/1489/1261
f 1424/1488/1260 1407/1805/2383 1430/1497/1269
f 1408/1806/2384 1407/1805/2383 1431/1809/2386
f 1407/1805/2383 562/1810/1050 740/1498/667
f 1424/1488/1260 1430/1497/1269 1421/1485/1257
f 1430/1497/1269 1407/1805/2383 740/1498/667
f 1430/1497/1269 1412/1477/1249 1421/1485/1257
f 1412/1477/1249 1429/1493/1265 1421/1485/1257
f 1411/1476/1248 1413/1500/1270 1415/1494/1266
f 1410/1482/1254 745/1499/670 602/1807/2291
f 1407/1805/2383 1406/1804/2125 562/1810/1050
f 1431/1809/2386 1407/1805/2383 1424/1488/1260
f 1432/1811/2387 1408/1806/2384 1431/1809/2386
f 1424/1488/1260 1432/1811/2387 1431/1809/2386
f 1433/1812/2388 1423/1487/1259 1428/1492/1264
f 1423/1487/1259 1433/1812/2388 1424/1488/1260
f 1434/1501/1271 65/66/66 47/47/47
f 1436/1335/1146 1293/1334/1145 1276/1776/1122
f 1275/1401/1121 1294/1400/1196 1436/1335/1146
f 1438/1337/1148 1296/1506/1198 1298/1339/1150
f 1299/1342/1153 1297/1338/1149 1438/1337/1148
f 1303/1346/1157 1304/1507/1124 1306/1778/1141
f 1439/1407/1201 1303/1346/1157 1442/1408/1202
f 1441/1416/1207 1354/1347/1158 1308/1349/1160
f 1305/1345/1156 1440/1409/1203 1442/1408/1202
f 1442/1408/1202 1303/1346/1157 1305/1345/1156
f 1346/1394/1194 1439/1407/1201 1442/1408/1202
f 1345/1395/1195 1346/1394/1194 1443/1410/1204
f 1443/1410/1204 1346/1394/1194 1442/1408/1202
f 1348/1405/1200 1349/1792/2378 1345/1395/1195
f 1449/118/1274 1457/486/1572 1456/487/1571
f 1461/120/1279 1450/117/1275 1451/167/1325
f 1448/116/1276 1462/126/1286 1447/115/1273
f 1447/115/1273 1455/129/1289 1452/122/1280
f 1457/486/1572 1453/123/1281 1454/1524/2389
f 1768/485/1569 1459/1525/2390 1456/487/1571
f 1449/118/1274 1458/169/1326 1450/117/1275
f 1456/487/1571 1459/1525/2390 1460/170/1328
f 1456/487/1571 1460/170/1328 1458/169/1326
f 1453/123/1281 1509/125/1283 1454/1524/2389
f 1509/125/1283 1481/124/1282 1483/165/1324
f 1462/126/1286 1466/143/1301 1465/131/1287
f 1465/131/1287 1468/1526/2391 1467/130/1288
f 1468/1526/2391 1465/131/1287 1471/142/1298
f 1469/144/1304 1465/131/1287 1466/143/1301
f 1471/142/1298 1474/132/1290 1468/1526/2391
f 1492/141/1299 1471/142/1298 1469/144/1304
f 1471/142/1298 1465/131/1287 1469/144/1304
f 1467/130/1288 1473/133/1293 1472/134/1292
f 1473/133/1293 1467/130/1288 1468/1526/2391
f 1475/135/1291 1474/132/1290 1470/140/1300
f 1468/1526/2391 1474/132/1290 1473/133/1293
f 1472/134/1292 1476/137/1294 1467/130/1288
f 1476/137/1294 1477/1527/2392 1478/138/1296
f 1477/1527/2392 1476/137/1294 1472/134/1292
f 1480/139/1297 1534/182/1340 1479/136/1295
f 1452/122/1280 1482/183/1342 1481/124/1282
f 1482/183/1342 1452/122/1280 1455/129/1289
f 1479/136/1295 1482/183/1342 1455/129/1289
f 1454/1524/2389 1509/125/1283 1523/166/1323
f 1484/146/1302 1489/1528/2393 1485/145/1303
f 1485/145/1303 1489/1528/2393 1486/147/1305
f 1488/149/1309 1489/1528/2393 1487/148/1306
f 1484/146/1302 1487/148/1306 1489/1528/2393
f 1488/149/1309 1486/147/1305 1489/1528/2393
f 1494/150/1308 1490/151/1307 1496/157/1317
f 1484/146/1302 1500/1529/2394 1487/148/1306
f 1492/141/1299 1493/152/1311 1470/140/1300
f 1495/153/1310 1496/157/1317 1512/1530/2395
f 1472/134/1292 1475/135/1291 1477/1527/2392
f 1477/1527/2392 1499/1531/2396 1478/138/1296
f 1475/135/1291 1499/1531/2396 1477/1527/2392
f 1475/135/1291 1470/140/1300 1499/1531/2396
f 1513/155/1312 1498/1532/2397 1497/154/1313
f 1493/152/1311 1575/1533/2398 1470/140/1300
f 1470/140/1300 1575/1533/2398 1499/1531/2396
f 1495/153/1310 1575/1533/2398 1493/152/1311
f 1487/148/1306 1500/1529/2394 1490/151/1307
f 1466/143/1301 1500/1529/2394 1484/146/1302
f 1500/1529/2394 1466/143/1301 1491/1534/2399
f 1500/1529/2394 1501/1535/2400 1490/151/1307
f 1501/1535/2400 1502/156/1314 1490/151/1307
f 1490/151/1307 1502/156/1314 1496/157/1317
f 1504/159/1315 1502/156/1314 1501/1535/2400
f 1504/159/1315 1501/1535/2400 1500/1529/2394
f 1491/1534/2399 1503/158/1316 1500/1529/2394
f 1500/1529/2394 1503/158/1316 1504/159/1315
f 1491/1534/2399 1463/127/1285 1505/1536/2401
f 1491/1534/2399 1505/1536/2401 1503/158/1316
f 1466/143/1301 1462/126/1286 1463/127/1285
f 1850/588/1632 1526/162/1320 1508/163/1319
f 1453/123/1281 1457/486/1572 1449/118/1274
f 1507/179/1335 1524/164/1322 1483/165/1324
f 1496/1537/1317 1561/236/1387 1512/1538/2395
f 1511/1539/2402 1499/1531/2396 1512/1530/2395
f 1498/1532/2397 1511/1539/2402 1497/154/1313
f 1497/154/1313 1511/1539/2402 1510/1540/1344
f 1511/1539/2402 1512/1530/2395 1510/1540/1344
f 1498/1532/2397 1513/155/1312 1499/1531/2396
f 1513/155/1312 1478/138/1296 1499/1531/2396
f 1499/1531/2396 1511/1539/2402 1498/1532/2397
f 1456/487/1571 1458/169/1326 1449/118/1274
f 1460/170/1328 1514/168/1327 1458/169/1326
f 1451/167/1325 1515/1541/2403 1461/120/1279
f 1451/167/1325 1517/173/1331 1515/1541/2403
f 1515/1541/2403 1517/173/1331 1516/174/1332
f 1515/1541/2403 1516/174/1332 1461/120/1279
f 1459/1525/2390 1518/172/1329 1460/170/1328
f 1520/175/1333 1527/1542/2404 1529/119/1277
f 1483/165/1324 1522/178/1336 1507/179/1335
f 1847/585/1631 1524/164/1322 1850/588/1632
f 1526/162/1320 1850/588/1632 1524/164/1322
f 1529/119/1277 1527/1542/2404 1530/1543/2405
f 1520/175/1333 1528/242/1391 1527/1542/2404
f 1527/1542/2404 1528/242/1391 1530/1543/2405
f 1448/116/1276 1531/121/1278 1464/128/1284
f 1532/181/1338 1528/242/1391 1542/180/1339
f 1516/174/1332 1528/242/1391 1520/175/1333
f 1450/117/1275 1531/121/1278 1448/116/1276
f 1528/242/1391 1532/181/1338 1530/1543/2405
f 1532/181/1338 1529/119/1277 1530/1543/2405
f 1532/181/1338 1531/121/1278 1529/119/1277
f 1533/184/1341 1535/185/1343 1553/1544/1357
f 1535/185/1343 1533/184/1341 1534/182/1340
f 1483/165/1324 1481/124/1282 1533/184/1341
f 1483/165/1324 1533/184/1341 1553/1544/1357
f 1483/165/1324 1553/1544/1357 1522/178/1336
f 1553/1544/1357 1567/230/1356 1522/178/1336
f 1521/176/1334 1568/195/1348 1538/191/1346
f 1464/128/1284 1541/198/1352 1463/127/1285
f 1541/198/1352 1543/1545/1353 1463/127/1285
f 1463/127/1285 1543/1545/1353 1505/1536/2401
f 1543/200/1353 1544/193/1350 1505/1546/2401
f 1552/351/1482 1549/210/1365 1546/206/1361
f 1550/212/1363 1593/257/1400 1551/211/1364
f 1548/209/1362 1552/351/1482 1545/214/1368
f 1545/214/1368 1555/219/1373 1558/213/1366
f 1554/215/1367 1558/213/1366 1557/220/1372
f 1553/202/1357 1535/186/1343 1670/201/1354
f 1559/187/1345 1510/188/1344 1560/222/1375
f 1560/222/1375 1510/188/1344 1512/1538/2395
f 1503/1547/1316 1505/1548/2401 1562/245/1392
f 1503/1547/1316 1562/245/1392 1496/1537/1317
f 1562/245/1392 1576/238/1389 1561/236/1387
f 1562/245/1392 1505/1548/2401 1563/247/1379
f 1565/223/1376 1574/228/1381 1564/225/1378
f 1538/191/1346 1568/195/1348 1539/192/1347
f 1568/195/1348 1521/176/1334 1536/177/1337
f 1551/211/1364 1581/235/1385 1570/233/1383
f 1564/246/1378 1574/250/1381 1578/239/1390
f 1499/1531/2396 1575/1533/2398 1512/1530/2395
f 1575/1533/2398 1495/153/1310 1512/1530/2395
f 1496/157/1317 1495/153/1310 1494/150/1308
f 1526/162/1320 1524/164/1322 1507/179/1335
f 1381/241/1230 1516/174/1332 1517/173/1331
f 1381/241/1230 1517/173/1331 1519/171/1330
f 1540/199/1351 1542/180/1339 1391/244/1239
f 1496/1537/1317 1562/245/1392 1561/236/1387
f 1578/239/1390 1576/238/1389 1564/246/1378
f 1560/222/1375 1512/1538/2395 1561/236/1387
f 1577/1549/1393 1571/1550/1384 1595/260/1403
f 1579/234/1386 1580/251/1394 1595/1551/1403
f 1581/235/1385 1551/211/1364 1593/257/1400
f 1550/212/1363 1591/217/1371 1593/257/1400
f 1579/234/1386 1590/254/1395 1580/251/1394
f 1588/258/1401 1583/295/1436 1582/259/1402
f 1591/217/1371 1589/218/1370 1588/258/1401
f 1554/215/1367 1586/256/1399 1556/216/1369
f 1556/216/1369 1586/289/1399 1587/290/1432
f 1589/218/1370 1587/290/1432 1583/295/1436
f 1588/258/1401 1589/218/1370 1583/295/1436
f 1581/235/1385 1590/254/1395 1579/234/1386
f 1552/351/1482 1548/209/1362 1549/210/1365
f 1577/1549/1393 1595/260/1403 1594/261/1406
f 1597/263/1404 1616/1552/2406 1596/262/1405
f 1598/1553/1437 1600/1554/1422 1616/1552/2406
f 1600/1554/1422 1733/431/1425 1599/273/1416
f 1602/266/1409 1605/267/1408 1596/262/1405
f 1601/269/1412 1615/270/1415 1599/273/1416
f 1577/1549/1393 1594/261/1406 1585/291/1398
f 1604/264/1407 1603/1555/2407 1607/271/1414
f 1607/271/1414 1610/275/1420 1604/264/1407
f 1615/270/1415 1607/271/1414 1603/1555/2407
f 1608/272/1413 1611/428/1540 1609/274/1417
f 1609/274/1417 1611/428/1540 1612/277/1418
f 1610/275/1420 1607/271/1414 1609/274/1417
f 1607/271/1414 1608/272/1413 1609/274/1417
f 1604/264/1407 1614/265/1410 1603/1555/2407
f 1614/265/1410 1615/270/1415 1603/1555/2407
f 1616/1552/2406 1602/266/1409 1596/262/1405
f 1616/1552/2406 1599/273/1416 1602/266/1409
f 1616/1552/2406 1597/263/1404 1598/1553/1437
f 1616/1552/2406 1600/1554/1422 1599/273/1416
f 1585/291/1398 1623/287/1430 1586/289/1399
f 1621/285/1429 1625/398/1519 1673/354/1483
f 1625/398/1519 1621/285/1429 1622/298/1439
f 1629/278/1421 1594/261/1406 1606/268/1411
f 1621/285/1429 1624/288/1431 1622/298/1439
f 1580/251/1394 1597/296/1404 1595/1551/1403
f 1598/297/1437 1584/252/1397 1600/279/1422
f 1639/310/1449 1646/311/1448 1645/313/1453
f 1643/317/1454 1644/350/1481 1648/316/1455
f 1639/310/1449 1645/313/1453 1640/318/1456
f 1645/313/1453 1646/311/1448 1641/312/1450
f 1648/316/1455 1644/350/1481 1642/320/1458
f 1637/308/1447 1654/321/1459 1635/306/1445
f 1640/318/1456 1663/336/1472 1639/310/1449
f 1646/311/1448 1649/333/1470 1641/312/1450
f 1636/307/1444 1650/323/1462 1638/309/1446
f 1638/309/1446 1650/323/1462 1646/311/1448
f 1651/325/1464 1652/326/1463 1734/424/1538
f 1654/321/1459 1633/304/1443 1635/306/1445
f 1655/324/1461 1680/332/1467 1650/323/1462
f 1734/424/1538 1763/1556/1471 1651/325/1464
f 1662/344/1476 1660/339/1474 1664/337/1473
f 1660/340/1474 1662/343/1476 1657/334/1469
f 1649/333/1470 1676/346/1479 1641/312/1450
f 1667/319/1457 1677/348/1480 1640/318/1456
f 1670/201/1354 1555/219/1373 1545/214/1368
f 1670/201/1354 1535/186/1343 1555/219/1373
f 1555/219/1373 1535/186/1343 1559/187/1345
f 1505/1557/2401 1544/353/1350 1672/224/1377
f 1622/298/1439 1675/328/1466 1674/1558/1491
f 1641/312/1450 1676/346/1479 1665/315/1451
f 1640/318/1456 1677/348/1480 1663/336/1472
f 1661/342/1477 1676/346/1479 1649/333/1470
f 1677/348/1480 1661/345/1477 1663/336/1472
f 1678/355/1485 1654/321/1459 1658/322/1460
f 1653/329/1465 1682/1560/1487 1715/1559/1539
f 1675/328/1466 1653/329/1465 1715/1559/1539
f 1690/370/1497 1691/371/1496 1692/373/1501
f 1694/374/1500 1695/375/1499 1698/1561/2408
f 1690/370/1497 1692/373/1501 1696/376/1502
f 1692/373/1501 1691/371/1496 1693/372/1498
f 1697/377/1503 1694/374/1500 1698/1561/2408
f 1688/368/1495 1699/378/1504 1686/366/1493
f 1687/367/1492 1703/382/1509 1689/369/1494
f 1689/369/1494 1703/382/1509 1691/371/1496
f 1699/378/1504 1684/365/1490 1686/366/1493
f 1704/383/1508 1714/384/1510 1703/382/1509
f 1702/380/1507 1709/1562/2409 1708/390/1514
f 1709/1563/2409 1701/385/1511 1708/394/1514
f 1709/1563/2409 1706/387/1512 1701/385/1511
f 1706/388/1512 1709/1562/2409 1702/380/1507
f 1702/380/1507 1710/391/1516 1693/372/1498
f 1697/377/1503 1711/393/1517 1696/376/1502
f 1698/1561/2408 1695/375/1499 1712/392/1515
f 1712/395/1515 1697/377/1503 1698/1561/2408
f 1693/372/1498 1710/391/1516 1695/375/1499
f 1696/376/1502 1711/393/1517 1701/385/1511
f 1708/390/1514 1710/391/1516 1702/380/1507
f 1711/393/1517 1708/394/1514 1701/385/1511
f 1704/383/1508 1715/427/1539 1714/384/1510
f 1675/363/1466 1704/383/1508 1685/362/1489
f 1704/383/1508 1675/363/1466 1715/427/1539
f 1674/1558/1491 1716/400/1520 1625/398/1519
f 1622/298/1439 1674/1558/1491 1625/398/1519
f 1717/399/1521 1718/294/1435 1673/354/1483
f 1682/405/1487 1726/406/1525 1715/1564/1539
f 1680/332/1467 1763/335/1471 1681/361/1488
f 1724/413/1530 1718/294/1435 1717/399/1521
f 1727/414/1531 1720/403/1523 1724/413/1530
f 1716/400/1520 1725/410/1528 1717/399/1521
f 1724/413/1530 1720/403/1523 1718/294/1435
f 1628/292/1433 1652/326/1463 1630/299/1438
f 1765/1565/1526 1764/420/1534 1722/421/1529
f 1731/422/1536 1728/417/1532 1729/418/1533
f 1728/417/1532 1731/422/1536 1730/423/1535
f 1699/378/1504 1725/415/1528 1716/401/1520
f 1732/425/1537 1728/417/1532 1730/423/1535
f 1599/273/1416 1733/431/1425 1601/269/1412
f 1739/439/1545 1741/441/1550 1740/438/1546
f 1743/440/1547 1745/1566/2410 1744/443/1548
f 1739/439/1545 1746/444/1551 1741/441/1550
f 1741/441/1550 1742/442/1549 1740/438/1546
f 1747/445/1552 1745/1566/2410 1743/440/1547
f 1737/437/1543 1736/434/1541 1748/446/1553
f 1735/433/1542 1738/436/1544 1752/450/1557
f 1738/436/1544 1740/438/1546 1752/450/1557
f 1750/449/1555 1757/457/1562 1758/1567/2411
f 1758/1568/2411 1757/461/1562 1755/452/1559
f 1758/1568/2411 1755/452/1559 1754/453/1561
f 1754/456/1561 1750/449/1555 1758/1567/2411
f 1750/449/1555 1742/442/1549 1759/459/1563
f 1747/445/1552 1746/444/1551 1760/462/1565
f 1744/443/1548 1745/1566/2410 1761/458/1564
f 1761/460/1564 1745/1566/2410 1747/445/1552
f 1742/442/1549 1744/443/1548 1759/459/1563
f 1746/444/1551 1755/452/1559 1760/462/1565
f 1757/457/1562 1750/449/1555 1759/459/1563
f 1760/462/1565 1755/452/1559 1757/461/1562
f 1752/450/1557 1753/451/1558 1763/468/1471
f 1734/432/1538 1735/433/1542 1752/450/1557
f 1752/450/1557 1763/468/1471 1734/432/1538
f 1736/434/1541 1730/1569/1535 1748/446/1553
f 1748/446/1553 1730/1569/1535 1764/466/1534
f 1736/434/1541 1732/435/1537 1730/1569/1535
f 1763/1570/1471 1766/1572/1567 1681/1571/1488
f 1766/1572/1567 1764/420/1534 1765/1565/1526
f 1681/1571/1488 1766/1572/1567 1765/1565/1526
f 1386/478/1235 1767/479/1568 1768/485/1569
f 1518/172/1329 1459/1525/2390 1767/479/1568
f 1518/172/1329 1767/479/1568 1519/171/1330
f 1767/479/1568 1459/1525/2390 1768/485/1569
f 1867/1573/2412 1454/1524/2389 1843/594/1642
f 1769/484/1570 1771/1574/2413 1387/483/1236
f 1771/1574/2413 1769/484/1570 1457/486/1572
f 1788/524/1590 1789/1575/2414 1787/523/1591
f 1789/1575/2414 1792/550/1613 1791/526/1592
f 1789/1575/2414 1791/526/1592 1787/523/1591
f 1792/550/1613 1796/1576/2415 1791/526/1592
f 1791/526/1592 1793/527/1594 1790/525/1593
f 1791/526/1592 1796/1576/2415 1793/527/1594
f 1793/527/1594 1796/1576/2415 1826/530/1596
f 1806/522/1588 1798/531/1598 1799/532/1601
f 1798/531/1598 1806/522/1588 1780/513/1582
f 1780/513/1582 1802/536/1602 1798/531/1598
f 1805/541/1605 493/537/467 1804/540/1604
f 1506/160/1318 1525/161/1321 1393/190/1240
f 1786/521/1589 1806/522/1588 1807/543/1606
f 1806/522/1588 1808/1577/2416 1809/553/1614
f 1807/543/1606 1809/553/1614 1811/545/1607
f 1786/521/1589 1813/544/1608 1788/524/1590
f 1788/524/1590 1813/544/1608 1789/1575/2414
f 1789/1575/2414 1813/544/1608 1792/550/1613
f 1792/550/1613 1813/544/1608 1812/1578/2417
f 1792/550/1613 1812/1578/2417 1810/547/1612
f 1812/1578/2417 1813/544/1608 1811/545/1607
f 1812/1578/2417 1820/1580/2418 1814/1579/2419
f 1812/1578/2417 1814/1579/2419 1810/547/1612
f 1814/1579/2419 1815/546/1609 1810/547/1612
f 1814/1579/2419 1818/555/1618 1815/546/1609
f 1818/555/1618 1814/1579/2419 1820/1580/2418
f 1815/546/1609 1818/555/1618 1817/549/1610
f 1792/550/1613 1826/530/1596 1796/1576/2415
f 1811/545/1607 1819/554/1617 1812/1578/2417
f 1812/1578/2417 1819/554/1617 1820/1580/2418
f 1818/555/1618 1820/1580/2418 1819/554/1617
f 1821/551/1616 1833/552/1615 513/557/486
f 1808/1577/2416 1833/552/1615 1809/553/1614
f 1806/522/1588 1809/553/1614 1807/543/1606
f 1823/1581/2420 1826/530/1596 1824/1582/2421
f 1824/1582/2421 1826/530/1596 1816/548/1611
f 1824/1582/2421 1825/1583/2422 1823/1581/2420
f 1826/530/1596 1823/1581/2420 1822/556/1619
f 1797/529/1597 1826/530/1596 1822/556/1619
f 1822/556/1619 1834/570/1626 1508/542/1319
f 1508/163/1319 1834/1584/1626 1850/588/1632
f 1816/548/1611 1827/559/1620 1824/1582/2421
f 1827/559/1620 1816/548/1611 1817/549/1610
f 1824/1582/2421 1827/559/1620 1825/1583/2422
f 1827/559/1620 1817/549/1610 1818/555/1618
f 1825/1583/2422 1838/560/1621 1823/1581/2420
f 1838/560/1621 1825/1583/2422 1827/559/1620
f 526/566/495 1784/518/1586 473/519/449
f 532/1585/2264 1828/1586/2423 523/563/492
f 523/563/492 1828/1586/2423 1781/515/1584
f 534/1587/2266 1830/1588/2424 1828/1586/2423
f 1830/1588/2424 1831/567/1622 1829/514/1581
f 1828/1586/2423 1829/514/1581 1781/515/1584
f 1830/1588/2424 1832/568/1623 1831/567/1622
f 530/1589/2268 494/538/468 1803/535/1603
f 534/1587/2266 1828/1586/2423 532/1585/2264
f 1803/535/1603 1832/568/1623 530/1589/2268
f 1832/568/1623 1830/1588/2424 530/1589/2268
f 1829/514/1581 1775/503/1576 1781/515/1584
f 1830/1588/2424 534/1587/2266 530/1589/2268
f 1780/513/1582 1831/567/1622 1802/536/1602
f 1831/567/1622 1780/513/1582 1829/514/1581
f 1829/514/1581 1828/1586/2423 1830/1588/2424
f 535/1590/2269 1779/511/1580 467/512/442
f 1779/511/1580 535/1590/2269 473/519/449
f 1804/540/1604 493/537/467 495/539/469
f 1806/522/1588 536/1591/2270 1808/1577/2416
f 1808/1577/2416 536/1591/2270 1833/552/1615
f 513/557/486 1833/552/1615 536/1591/2270
f 495/539/469 536/1591/2270 1806/522/1588
f 1823/1581/2420 1837/569/1624 1822/556/1619
f 1837/569/1624 1823/1581/2420 1838/560/1621
f 1837/569/1624 1838/560/1621 1839/573/1627
f 1839/573/1627 1840/1592/2425 1836/572/1628
f 1839/573/1627 1841/574/1629 1840/1592/2425
f 1838/560/1621 1841/574/1629 1839/573/1627
f 1387/483/1236 1771/1574/2413 1403/1596/1664
f 1844/1600/2426 1523/166/1323 1772/584/1630
f 1843/594/1642 1454/1524/2389 1770/593/1639
f 1454/1524/2389 1868/1601/2427 1770/593/1639
f 1454/1524/2389 1523/166/1323 1868/1601/2427
f 1842/1602/2428 1523/166/1323 1844/1600/2426
f 1842/1602/2428 1866/1604/2429 1846/1603/2430
f 1844/1600/2426 1845/1605/2431 1866/1604/2429
f 1845/1605/2431 1844/1600/2426 1772/584/1630
f 1866/1604/2429 1842/1602/2428 1844/1600/2426
f 1848/589/1635 1852/587/1633 1850/588/1632
f 1847/585/1631 1851/586/1634 1849/1606/2432
f 1849/1606/2432 1851/586/1634 1864/1607/2433
f 1851/586/1634 1852/587/1633 1862/1608/2434
f 1852/587/1633 1848/589/1635 1862/1608/2434
f 1855/1609/2435 1854/1611/2436 1858/1610/2437
f 1850/588/1632 1853/1612/2438 1848/589/1635
f 1858/1610/2437 1854/1611/2436 1835/571/1625
f 1835/571/1625 1854/1611/2436 1834/570/1626
f 1854/1611/2436 1855/1609/2435 1834/570/1626
f 1855/1613/2435 1856/592/1636 1853/1612/2438
f 1856/592/1636 1848/589/1635 1853/1612/2438
f 1834/1584/1626 1855/1613/2435 1853/1612/2438
f 1853/1612/2438 1850/588/1632 1834/1584/1626
f 1855/1609/2435 1858/1610/2437 1861/1614/2439
f 1865/591/1637 1859/1616/1663 1860/1615/1662
f 1857/590/1638 1865/591/1637 1860/1615/1662
f 1855/1609/2435 1861/1614/2439 1859/639/1663
f 1859/1616/1663 1856/592/1636 1855/1613/2435
f 1848/589/1635 1857/590/1638 1863/1617/2440
f 1857/590/1638 1849/1606/2432 1863/1617/2440
f 1848/589/1635 1863/1617/2440 1862/1608/2434
f 1862/1608/2434 1864/1607/2433 1851/586/1634
f 1849/1606/2432 1864/1607/2433 1863/1617/2440
f 1864/1607/2433 1862/1608/2434 1863/1617/2440
f 1859/1616/1663 1865/591/1637 1856/592/1636
f 1849/1606/2432 1772/584/1630 1847/585/1631
f 1772/584/1630 1874/1618/1648 1845/1605/2431
f 1845/1605/2431 1874/1618/1648 1866/1604/2429
f 1874/1618/1648 1772/584/1630 1849/1606/2432
f 1874/1618/1648 1849/1606/2432 1857/590/1638
f 1866/1604/2429 1869/596/1640 1846/1603/2430
f 1846/1603/2430 1869/596/1640 1770/593/1639
f 1454/1524/2389 1867/1573/2412 1457/486/1572
f 1770/593/1639 1868/1601/2427 1846/1603/2430
f 1868/1601/2427 1842/1602/2428 1846/1603/2430
f 1868/1601/2427 1523/166/1323 1842/1602/2428
f 1457/486/1572 1867/1573/2412 1771/1574/2413
f 1843/594/1642 1870/595/1641 1867/1573/2412
f 1771/1574/2413 1867/1573/2412 1403/1596/1664
f 1874/1618/1648 1869/596/1640 1866/1604/2429
f 1874/623/1648 1871/611/1643 1869/612/1640
f 1871/611/1643 1874/623/1648 2221/620/1647
f 1872/610/1644 1876/1621/2441 1873/659/1665
f 1871/611/1643 1875/1000/1947 1872/610/1644
f 1857/1622/1638 1877/641/1649 1874/1623/1648
f 1877/641/1649 1857/1622/1638 1860/640/1662
f 1877/622/1649 2223/624/1653 2222/621/1650
f 1876/1621/2441 1880/875/1850 2125/876/1849
f 2224/1624/2442 1878/1001/1948 1888/1625/2443
f 1878/1001/1948 1881/1626/2444 1888/1625/2443
f 1876/1621/2441 2224/1624/2442 1880/875/1850
f 1876/1621/2441 1872/610/1644 1875/1000/1947
f 1897/1002/1949 1886/627/1654 1902/1627/2445
f 1886/627/1654 1887/628/1655 1883/1628/2446
f 1880/875/1850 1888/1625/2443 1882/874/1847
f 1888/1625/2443 1889/1629/2447 1882/874/1847
f 1881/1626/2444 1889/1629/2447 1888/1625/2443
f 1881/1626/2444 1878/1001/1948 1897/1002/1949
f 1886/627/1654 1897/1002/1949 2223/624/1653
f 1883/1630/2446 1898/632/1657 1900/1631/2448
f 1902/1627/2445 1900/1632/2448 1897/1002/1949
f 1884/642/1651 1901/629/1656 1885/630/1652
f 1887/631/1655 1898/632/1657 1883/1630/2446
f 1893/636/1661 1892/633/1658 625/634/555
f 1890/635/1659 1836/572/1628 1891/637/1660
f 1891/637/1660 1840/1592/2425 1841/574/1629
f 1891/637/1660 1836/572/1628 1840/1592/2425
f 1890/635/1659 1835/571/1625 1836/572/1628
f 1835/571/1625 1890/635/1659 1858/1610/2437
f 1858/1610/2437 1890/635/1659 1861/1614/2439
f 1841/574/1629 1892/633/1658 1891/637/1660
f 1890/635/1659 1859/639/1663 1861/1614/2439
f 1870/595/1641 1403/1596/1664 1867/1573/2412
f 2164/1182/1645 1873/659/1665 1879/1633/2449
f 1881/1626/2444 1895/1634/1671 1889/1629/2447
f 1889/1629/2447 1895/1634/1671 1903/1635/1670
f 1889/1629/2447 1903/1635/1670 1882/874/1847
f 1881/1626/2444 1897/1002/1949 1894/1636/1672
f 1894/1636/1672 1897/1002/1949 1900/1632/2448
f 1881/1626/2444 1896/1637/1668 1895/1634/1671
f 1894/1638/1672 1900/1631/2448 1899/660/1666
f 1899/660/1666 1900/1631/2448 1898/632/1657
f 623/1639/2302 646/662/575 1898/632/1657
f 1898/632/1657 1901/629/1656 623/1639/2302
f 625/1640/555 1884/642/1651 1893/643/1661
f 1901/629/1656 625/1640/555 623/1639/2302
f 1884/642/1651 625/1640/555 1901/629/1656
f 1900/1632/2448 1902/1627/2445 1883/1628/2446
f 1902/1627/2445 1886/627/1654 1883/1628/2446
f 1881/1626/2444 1894/1636/1672 1896/1637/1668
f 1899/1641/1666 1905/674/1673 1894/1642/1672
f 1899/1641/1666 1925/673/1676 1905/674/1673
f 1905/671/1673 1908/678/1678 1906/670/1674
f 1917/683/1684 1912/684/1683 1911/1643/2450
f 1913/685/1685 1917/686/1684 1911/1643/2450
f 1913/685/1685 1911/1643/2450 1921/691/1691
f 1921/691/1691 1911/1643/2450 1912/684/1683
f 1923/693/1692 1921/691/1691 1922/692/1690
f 1920/690/1688 1926/694/1693 1918/689/1689
f 1925/673/1676 1899/1641/1666 1928/698/1667
f 1924/688/1686 1929/696/1694 1926/694/1693
f 1924/688/1686 1930/697/1696 1929/696/1694
f 1978/1644/1746 2004/1646/1745 1979/1645/1749
f 1932/701/1699 1936/738/1705 1931/700/1700
f 1931/700/1700 1936/738/1705 1959/730/1727
f 1942/714/1712 1948/715/1711 1952/723/1721
f 1954/1647/2451 1953/1649/1720 1951/1648/2452
f 1954/1647/2451 1934/902/1702 1955/1650/1722
f 692/1651/679 695/1653/2306 1945/1652/1716
f 1933/705/1703 1946/718/1715 1949/710/1706
f 1949/710/1706 1946/718/1715 1940/720/1717
f 1946/718/1715 692/782/679 1945/717/1716
f 1940/720/1717 1950/721/1718 1943/722/1719
f 1950/721/1718 1952/723/1721 1943/722/1719
f 1952/723/1721 1948/715/1711 1943/722/1719
f 1953/724/1720 1941/712/1710 1952/723/1721
f 1955/1650/1722 1953/1649/1720 1954/1647/2451
f 1945/1652/1716 1958/1655/2453 1944/1654/1713
f 1953/724/1720 1955/725/1722 1941/712/1710
f 1957/727/1726 1945/1652/1716 695/1653/2306
f 1944/1654/1713 1958/1655/2453 1986/729/1724
f 1945/1652/1716 1957/727/1726 1985/728/1725
f 1941/712/1710 1960/713/1709 1942/714/1712
f 1969/740/1736 1963/733/1731 1965/734/1730
f 1967/742/1735 1961/731/1729 1962/732/1728
f 1942/714/1712 1952/723/1721 1941/712/1710
f 1967/741/1735 1973/749/1741 1969/740/1736
f 1973/749/1741 1977/1656/2454 1974/748/1742
f 1974/748/1742 1977/1656/2454 1975/750/1743
f 1975/750/1743 1977/1656/2454 1976/747/1740
f 1976/747/1740 1977/1656/2454 1973/746/1741
f 1979/781/1749 1929/778/1694 1930/1657/1696
f 1928/755/1667 1980/756/1747 1930/762/1696
f 1979/763/1749 1981/761/1748 1978/758/1746
f 1982/764/1750 736/765/664 735/1658/2309
f 738/766/665 1983/767/1751 735/1658/2309
f 1983/767/1751 1982/764/1750 735/1658/2309
f 1876/1621/2441 1879/1633/2449 1873/659/1665
f 1408/1661/2384 1432/1663/2387 1984/1662/2455
f 1945/1652/1716 1985/728/1725 1958/1655/2453
f 1985/728/1725 1986/729/1724 1958/1655/2453
f 1944/1654/1713 1986/729/1724 1953/1649/1720
f 1944/716/1713 1953/724/1720 1947/719/1714
f 1953/1649/1720 1986/729/1724 1951/1648/2452
f 1951/1648/2452 1986/729/1724 1956/726/1723
f 695/1653/2306 751/1665/2313 1957/727/1726
f 751/1665/2313 754/788/685 1988/1666/2456
f 1988/1666/2456 754/788/685 1989/1667/2457
f 2019/1668/2458 2018/789/1765 2009/790/1764
f 751/1665/2313 1988/1666/2456 1987/773/1755
f 1988/1666/2456 1991/784/1763 1987/773/1755
f 1987/773/1755 1991/784/1763 1990/772/1752
f 1987/773/1755 1992/774/1754 1956/726/1723
f 1991/784/1763 1993/776/1756 1990/772/1752
f 1989/1667/2457 1996/783/1760 1988/1666/2456
f 1988/1666/2456 1996/783/1760 1991/784/1763
f 1996/783/1760 1997/1669/2459 2007/803/1776
f 1992/774/1754 1998/1670/2460 1956/726/1723
f 1998/1670/2460 1951/1648/2452 1956/726/1723
f 1951/1648/2452 1999/1671/2461 1954/1647/2451
f 1998/1670/2460 1999/1671/2461 1951/1648/2452
f 1954/1647/2451 1999/1671/2461 1998/1670/2460
f 1998/1670/2460 1992/774/1754 1994/775/1753
f 2004/1646/1745 2148/1672/2462 1979/1645/1749
f 2152/917/1873 2001/903/1868 2002/904/1871
f 2000/702/1698 2004/1646/1745 1932/701/1699
f 2004/753/1745 1933/705/1703 1932/706/1699
f 692/782/679 2005/751/1744 700/1673/659
f 2005/751/1744 1978/752/1746 700/1673/659
f 1957/727/1726 751/1665/2313 1956/726/1723
f 1956/726/1723 751/1665/2313 1987/773/1755
f 1996/783/1760 2007/803/1776 2030/804/1779
f 2008/786/1761 1995/777/1757 2006/785/1762
f 1996/783/1760 2030/804/1779 2008/786/1761
f 2009/790/1764 777/787/684 2012/1674/2463
f 1997/1669/2459 2018/789/1765 2019/1668/2458
f 2019/1668/2458 2010/1675/2464 1997/1669/2459
f 1997/1669/2459 2010/1675/2464 2007/803/1776
f 1997/1669/2459 1996/783/1760 1989/1667/2457
f 2019/1668/2458 2036/1676/2465 2010/1675/2464
f 2036/1676/2465 2019/1668/2458 2009/790/1764
f 2035/1677/2466 2036/1676/2465 2012/1674/2463
f 2012/1674/2463 2036/1676/2465 2009/790/1764
f 2014/792/1767 2012/1674/2463 756/791/688
f 2012/1674/2463 777/787/684 756/791/688
f 2014/792/1767 2015/793/1766 2034/1678/2467
f 2016/1679/2468 2013/800/1775 2014/792/1767
f 2016/1679/2468 2033/1680/2469 2013/800/1775
f 754/788/685 2018/789/1765 1989/1667/2457
f 2018/789/1765 1997/1669/2459 1989/1667/2457
f 1994/775/1753 2020/1682/2470 2026/1681/2471
f 1995/777/1757 2021/1683/2472 2020/1682/2470
f 2008/786/1761 2029/1684/2473 1995/777/1757
f 2021/1683/2472 2022/795/1768 2020/1682/2470
f 1994/775/1753 2023/1685/2474 1998/1670/2460
f 2020/1682/2470 1994/775/1753 1995/777/1757
f 1994/775/1753 2026/1681/2471 2023/1685/2474
f 1995/777/1757 2029/1684/2473 2021/1683/2472
f 2029/1684/2473 2008/786/1761 2030/804/1779
f 2021/1683/2472 2029/1684/2473 2024/1686/2475
f 2021/1683/2472 2024/1686/2475 2022/795/1768
f 2026/1681/2471 2020/1682/2470 2027/1687/2476
f 2026/1681/2471 2027/1687/2476 2023/1685/2474
f 2027/1687/2476 2025/796/1771 2023/1685/2474
f 2027/1687/2476 2028/1688/2477 2025/796/1771
f 2028/1688/2477 2027/1687/2476 2020/1682/2470
f 2025/796/1771 2028/1688/2477 2022/795/1768
f 2028/1688/2477 2020/1682/2470 2022/795/1768
f 2023/1685/2474 2055/1689/2478 1998/1670/2460
f 2029/1684/2473 2030/804/1779 2024/1686/2475
f 2033/1680/2469 2016/1679/2468 2034/1678/2467
f 2034/1678/2467 2015/793/1766 2033/1680/2469
f 2035/1677/2466 2037/802/1773 2036/1676/2465
f 2012/1674/2463 2013/800/1775 2011/801/1774
f 2035/1677/2466 2012/1674/2463 2011/801/1774
f 2012/1674/2463 2014/792/1767 2013/800/1775
f 2011/801/1774 2037/802/1773 2035/1677/2466
f 2037/802/1773 2010/1675/2464 2036/1676/2465
f 2031/798/1769 2022/795/1768 2024/1686/2475
f 2030/804/1779 2041/805/1778 2024/1686/2475
f 2024/1686/2475 2041/805/1778 2031/798/1769
f 2040/806/1777 2010/1675/2464 2037/802/1773
f 2042/807/1780 2424/1224/2124 1406/1227/2125
f 1408/1661/2384 2044/1690/2479 2042/807/1780
f 2039/809/1782 2044/1690/2479 2043/811/1784
f 2044/1690/2479 2045/1004/1952 2043/811/1784
f 2044/1690/2479 2046/1691/2480 2045/1004/1952
f 1984/1662/2455 2044/1690/2479 1408/1661/2384
f 1984/1662/2455 2047/1692/2481 2044/1690/2479
f 2044/1690/2479 2047/1692/2481 2046/1691/2480
f 2047/1692/2481 1984/1662/2455 1432/1663/2387
f 2049/812/1785 2050/1693/2482 2048/810/1783
f 2050/1693/2482 2031/798/1769 2048/810/1783
f 2031/798/1769 2050/1693/2482 2032/797/1770
f 2051/814/1788 2050/1693/2482 2049/812/1785
f 2050/1693/2482 2051/814/1788 2032/797/1770
f 1998/1670/2460 2055/1689/2478 1954/1647/2451
f 1954/1647/2451 2055/1689/2478 2052/1694/2483
f 2053/1020/1967 2057/900/1867 2052/1694/2483
f 2057/900/1867 2053/1020/1967 2054/834/1807
f 2062/1695/2484 2065/1023/1968 2052/1694/2483
f 2054/834/1807 2142/872/1846 2057/900/1867
f 2052/1694/2483 2057/900/1867 2056/901/1866
f 2056/901/1866 1954/1647/2451 2052/1694/2483
f 2055/1689/2478 2058/815/1787 2059/813/1786
f 2058/815/1787 2025/796/1771 2032/797/1770
f 2023/1685/2474 2058/815/1787 2055/1689/2478
f 2058/815/1787 2023/1685/2474 2025/796/1771
f 2059/813/1786 2060/1696/2485 2055/1689/2478
f 2059/813/1786 2066/1008/1955 2060/1696/2485
f 2060/1696/2485 2066/1008/1955 2062/1695/2484
f 2066/1008/1955 2063/1697/2486 2062/1695/2484
f 2061/1009/1956 2064/1022/1969 2063/1697/2486
f 2064/1022/1969 2065/1023/1968 2063/1697/2486
f 2052/1694/2483 2065/1023/1968 2053/1020/1967
f 2065/1023/1968 2062/1695/2484 2063/1697/2486
f 2063/1697/2486 2066/1008/1955 2061/1009/1956
f 2060/1696/2485 2062/1695/2484 2055/1689/2478
f 2062/1695/2484 2052/1694/2483 2055/1689/2478
f 2053/1020/1967 2092/833/1806 2054/834/1807
f 2070/818/1791 2072/835/1809 2067/817/1792
f 2053/1020/1967 2252/1698/2487 2092/833/1806
f 2094/1011/1959 2093/838/1810 2073/836/1808
f 2091/837/1811 2074/828/1801 2071/822/1795
f 2075/926/1881 2091/837/1811 2095/1699/2488
f 2091/837/1811 2075/926/1881 2074/828/1801
f 2080/826/1799 2081/827/1800 2101/831/1805
f 2078/823/1796 2081/827/1800 2080/826/1799
f 2087/1700/2489 2102/1701/2490 2084/840/1815
f 2086/839/1812 2101/831/1805 2085/843/1816
f 2088/824/1798 2154/1702/2491 2090/870/1843
f 2088/824/1798 2090/870/1843 2077/820/1794
f 2067/817/1792 2072/835/1809 2071/822/1795
f 2072/835/1809 2091/837/1811 2071/822/1795
f 2095/1699/2488 2091/837/1811 2093/838/1810
f 2155/871/1844 2069/819/1790 2068/816/1789
f 2069/819/1790 2155/871/1844 2141/873/1845
f 2093/838/1810 2094/1011/1959 2047/1692/2481
f 2094/1011/1959 2046/1691/2480 2047/1692/2481
f 1432/1663/2387 1433/1703/2388 2047/1692/2481
f 1424/1704/1260 1433/1703/2388 1432/1663/2387
f 1433/1703/2388 2160/919/1875 2095/1699/2488
f 2084/840/1815 2111/841/1814 2087/1700/2489
f 2087/1700/2489 2111/841/1814 2110/855/1828
f 2101/831/1805 2097/845/1818 2100/949/1898
f 2100/949/1898 2511/844/1817 2085/843/1816
f 2085/843/1816 2101/831/1805 2100/949/1898
f 2101/831/1805 2086/839/1812 2080/826/1799
f 2084/840/1815 2102/1701/2490 2079/825/1797
f 2102/1701/2490 2089/864/1839 2079/825/1797
f 2174/856/1829 2103/869/1842 2096/850/1821
f 2174/856/1829 2177/957/1904 2103/869/1842
f 2105/849/1822 2096/850/1821 2103/869/1842
f 2110/855/1828 2113/861/1834 2087/1700/2489
f 2113/861/1834 2110/855/1828 2109/847/1820
f 2174/856/1829 2112/842/1813 2511/844/1817
f 2087/1700/2489 2113/861/1834 2115/857/1830
f 2102/1701/2490 2115/857/1830 2114/858/1833
f 2115/857/1830 2102/1701/2490 2087/1700/2489
f 2089/864/1839 2116/865/1838 2154/1702/2491
f 2124/863/1836 2089/864/1839 2102/1701/2490
f 2124/863/1836 2102/1701/2490 2114/858/1833
f 2125/876/1849 2129/878/1851 2127/1706/1903
f 2126/881/1848 2131/882/1854 2128/1707/1852
f 2128/1707/1852 2131/882/1854 2147/884/1857
f 2130/883/1853 1882/880/1847 1903/1708/1670
f 1903/1708/1670 2134/1709/1862 2130/883/1853
f 2130/883/1853 2134/1709/1862 2135/887/1858
f 2134/1709/1862 1903/1708/1670 2132/1710/1860
f 2132/888/1860 1903/667/1670 1904/668/1669
f 2134/1709/1862 2139/894/1863 2135/887/1858
f 2139/895/1863 2134/892/1862 2137/893/1861
f 2147/884/1857 2140/1711/1865 2128/1707/1852
f 2155/871/1844 2144/897/1864 2141/873/1845
f 2143/915/1697 2140/907/1865 2001/903/1868
f 2056/901/1866 1934/902/1702 1954/1647/2451
f 2143/896/1697 1934/902/1702 2142/872/1846
f 2002/904/1871 2146/1713/1870 2003/1712/2492
f 2003/1712/2492 2151/910/1872 2149/779/1759
f 2146/1713/1870 2151/910/1872 2003/1712/2492
f 2000/916/1698 2150/780/1758 2148/1714/2462
f 2148/1672/2462 2004/1646/1745 2000/702/1698
f 2149/779/1759 2150/780/1758 2153/1715/2493
f 2150/780/1758 2000/916/1698 2153/1715/2493
f 2151/913/1872 2146/905/1870 2145/906/1869
f 2150/780/1758 1979/781/1749 2148/1714/2462
f 2003/1712/2492 2153/1715/2493 2002/904/1871
f 2153/1715/2493 2152/917/1873 2002/904/1871
f 2153/1715/2493 2000/916/1698 2152/917/1873
f 2149/779/1759 2153/1715/2493 2003/1712/2492
f 2128/899/1852 2156/933/1886 2129/934/1851
f 2156/933/1886 2144/897/1864 2155/871/1844
f 2156/933/1886 2128/899/1852 2144/897/1864
f 2127/1706/1903 1879/1633/2449 2125/876/1849
f 2127/1706/1903 2157/1716/2494 1879/1633/2449
f 1879/1633/2449 2157/1716/2494 2164/1182/1645
f 1876/1621/2441 2125/876/1849 1879/1633/2449
f 1427/1717/1263 2158/617/1646 1428/918/1264
f 1426/616/1262 2158/617/1646 1427/1717/1263
f 2160/919/1875 2159/920/1874 2095/1699/2488
f 2095/1699/2488 2159/920/1874 2075/926/1881
f 2160/919/1875 1433/1703/2388 1428/918/1264
f 2042/807/1780 1406/1227/2125 1408/1661/2384
f 2083/829/1803 2162/921/1877 2181/924/1878
f 2165/925/1880 2075/926/1881 2159/920/1874
f 2082/830/1802 2165/925/1880 2163/922/1876
f 2164/618/1645 2157/1718/2494 2165/925/1880
f 2161/923/1879 2181/924/1878 2183/951/1902
f 2116/865/1838 2167/931/1885 2154/1702/2491
f 2154/1702/2491 2167/931/1885 2090/870/1843
f 2161/923/1879 2098/846/1819 2099/832/1804
f 2117/862/1835 2171/1719/1893 2168/935/1887
f 2119/860/1831 2168/935/1887 2118/859/1832
f 2117/862/1835 2168/935/1887 2119/860/1831
f 2122/868/1841 2171/1719/1893 2117/862/1835
f 2121/867/1840 2170/936/1889 2122/868/1841
f 2122/868/1841 2170/936/1889 2171/1719/1893
f 2174/856/1829 2511/844/1817 2510/1448/2221
f 2510/1448/2221 2177/957/1904 2174/856/1829
f 2173/943/1892 2168/953/1887 2171/942/1893
f 2180/946/1897 2179/950/1900 2173/943/1892
f 2172/940/1891 2180/946/1897 2173/943/1892
f 2183/951/1902 2184/952/1901 2161/923/1879
f 2184/952/1901 2098/846/1819 2161/923/1879
f 2163/922/1876 2157/1718/2494 2127/956/1903
f 2157/1718/2494 2163/922/1876 2165/925/1880
f 2163/922/1876 2127/956/1903 2162/921/1877
f 2103/869/1842 2185/958/1906 2108/854/1826
f 2185/958/1906 2190/964/1911 2189/961/1908
f 2343/969/1917 2381/974/1920 2188/962/1909
f 2306/968/1915 2342/970/1916 2189/961/1908
f 2193/971/1919 2305/967/1914 2190/964/1911
f 2201/981/1929 2205/982/1928 2204/991/1940
f 2201/981/1929 2204/991/1940 2202/992/1939
f 2204/991/1940 2205/982/1928 2203/988/1936
f 2196/976/1922 2209/985/1933 2198/978/1924
f 2198/978/1924 2209/985/1933 2200/980/1926
f 2197/977/1925 2256/1024/1971 2195/975/1923
f 2199/979/1927 2256/1024/1971 2197/977/1925
f 2216/999/1945 2219/1720/2495 2280/998/1946
f 2216/999/1945 2220/941/1890 2219/1720/2495
f 2415/1090/2014 2219/1721/2495 2218/1089/2017
f 2280/998/1946 2219/1720/2495 2415/1085/2014
f 2219/1721/2495 2217/1722/2086 2218/1089/2017
f 2219/1720/2495 2220/941/1890 2217/1723/2086
f 1871/611/1643 2221/620/1647 1875/1000/1947
f 1878/1001/1948 2224/1624/2442 1875/1000/1947
f 2224/1624/2442 1876/1621/2441 1875/1000/1947
f 2224/1624/2442 1888/1625/2443 1880/875/1850
f 2225/1005/1951 2228/1003/1950 2226/1724/2496
f 2228/1003/1950 2045/1004/1952 2046/1691/2480
f 2043/811/1784 2225/1005/1951 2049/812/1785
f 2226/1724/2496 2228/1003/1950 2227/1017/1966
f 2228/1003/1950 2046/1691/2480 2227/1017/1966
f 2227/1017/1966 2046/1691/2480 2094/1011/1959
f 2230/1725/2497 2231/1010/1957 2073/836/1808
f 2232/1726/2498 2233/1728/2499 2239/1727/2500
f 2239/1727/2500 2233/1728/2499 2229/1729/2501
f 2232/1726/2498 2236/1730/2502 2233/1728/2499
f 2233/1728/2499 2236/1730/2502 2234/1731/2503
f 2234/1731/2503 2236/1730/2502 2250/1015/1962
f 2250/1015/1962 2236/1730/2502 2235/1014/1963
f 2236/1730/2502 2232/1726/2498 2237/1007/1953
f 2236/1730/2502 2237/1007/1953 2235/1014/1963
f 2232/1726/2498 2239/1727/2500 2238/1006/1954
f 2232/1726/2498 2238/1006/1954 2237/1007/1953
f 2237/1007/1953 2051/814/1788 2235/1014/1963
f 2238/1006/1954 2239/1727/2500 2061/1009/1956
f 2229/1729/2501 2240/1021/1970 2239/1727/2500
f 2240/1021/1970 2064/1022/1969 2239/1727/2500
f 2061/1009/1956 2239/1727/2500 2064/1022/1969
f 2251/1019/1964 2248/1732/2504 2247/1018/1965
f 2231/1010/1957 2242/1733/2505 2241/1012/1958
f 2229/1729/2501 2242/1733/2505 2231/1010/1957
f 2231/1010/1957 2230/1725/2497 2229/1729/2501
f 2242/1733/2505 2229/1729/2501 2234/1731/2503
f 2234/1731/2503 2229/1729/2501 2233/1728/2499
f 2242/1733/2505 2234/1731/2503 2241/1012/1958
f 2234/1731/2503 2250/1015/1962 2249/1734/2506
f 2250/1015/1962 2225/1005/1951 2226/1724/2496
f 2250/1015/1962 2243/1016/1961 2225/1005/1951
f 2225/1005/1951 2243/1016/1961 2049/812/1785
f 2051/814/1788 2244/1013/1960 2235/1014/1963
f 2244/1013/1960 2246/1736/2507 2245/1735/2508
f 2244/1013/1960 2245/1735/2508 2243/1016/1961
f 2243/1016/1961 2245/1735/2508 2049/812/1785
f 2245/1735/2508 2246/1736/2507 2049/812/1785
f 2049/812/1785 2246/1736/2507 2051/814/1788
f 2246/1736/2507 2244/1013/1960 2051/814/1788
f 2247/1018/1965 2226/1724/2496 2227/1017/1966
f 2247/1018/1965 2249/1734/2506 2226/1724/2496
f 2249/1734/2506 2250/1015/1962 2226/1724/2496
f 2251/1019/1964 2094/1011/1959 2241/1012/1958
f 2248/1732/2504 2249/1734/2506 2247/1018/1965
f 2251/1019/1964 2241/1012/1958 2248/1732/2504
f 2241/1012/1958 2234/1731/2503 2248/1732/2504
f 2234/1731/2503 2249/1734/2506 2248/1732/2504
f 2073/836/1808 2252/1698/2487 2230/1725/2497
f 2229/1729/2501 2252/1698/2487 2240/1021/1970
f 2252/1698/2487 2053/1020/1967 2240/1021/1970
f 2252/1698/2487 2229/1729/2501 2230/1725/2497
f 2073/836/1808 2092/833/1806 2252/1698/2487
f 2042/807/1780 2044/1690/2479 2039/809/1782
f 2154/1702/2491 2088/824/1798 2089/864/1839
f 2089/864/1839 2088/824/1798 2079/825/1797
f 2254/1026/1973 2202/992/1939 2212/993/1938
f 2213/994/1941 2203/988/1936 2210/989/1935
f 2254/1026/1973 2262/1737/1980 2260/1031/1978
f 2212/993/1938 2262/1737/1980 2254/1026/1973
f 2212/993/1938 2264/996/1943 2262/1737/1980
f 2263/997/1944 2213/994/1941 2261/1738/1979
f 2261/1738/1979 2210/989/1935 2257/1028/1975
f 2210/989/1935 2261/1738/1979 2213/994/1941
f 2215/995/1942 2268/1739/2509 2264/996/1943
f 2263/997/1944 2268/1739/2509 2215/995/1942
f 2264/1039/1943 2268/1740/2509 2263/1038/1944
f 2275/1052/1990 2276/1053/1989 2277/1058/1997
f 2275/1052/1990 2277/1058/1997 2278/1059/1996
f 2277/1058/1997 2276/1053/1989 2279/1055/1993
f 2272/1049/1985 2281/1054/1991 2274/1051/1987
f 2274/1051/1987 2281/1054/1991 2276/1053/1989
f 2273/1050/1988 2289/1065/2002 2271/1048/1986
f 2275/1052/1990 2289/1065/2002 2273/1050/1988
f 2290/1066/2003 2278/1059/1996 2284/1060/1995
f 2285/1061/1998 2279/1055/1993 2282/1056/1992
f 2290/1066/2003 2294/1741/2010 2292/1071/2008
f 2284/1060/1995 2296/1742/2012 2290/1066/2003
f 2284/1060/1995 2287/1063/2000 2296/1742/2012
f 2288/1064/2001 2285/1061/1998 2295/1743/2011
f 2282/1056/1992 2293/1744/2009 2295/1743/2011
f 2293/1744/2009 2282/1056/1992 2291/1068/2005
f 2282/1056/1992 2295/1743/2011 2285/1061/1998
f 2290/1066/2003 2296/1742/2012 2294/1741/2010
f 2286/1062/1999 2300/1745/2510 2287/1063/2000
f 2288/1064/2001 2300/1745/2510 2286/1062/1999
f 2287/1081/2000 2300/1746/2510 2288/1080/2001
f 2217/1722/2086 2302/1088/2018 2218/1089/2017
f 2313/1099/2027 2314/1100/2026 2315/1107/2036
f 2313/1099/2027 2315/1107/2036 2316/1108/2035
f 2315/1107/2036 2314/1100/2026 2317/1104/2032
f 2308/1094/2020 2319/1101/2029 2310/1096/2022
f 2310/1096/2022 2319/1101/2029 2312/1098/2024
f 2309/1095/2023 2328/1114/2041 2307/1093/2021
f 2311/1097/2025 2328/1114/2041 2309/1095/2023
f 2330/1116/2043 2316/1108/2035 2323/1109/2034
f 2324/1110/2037 2317/1104/2032 2321/1105/2031
f 2330/1116/2043 2337/1747/2050 2335/1121/2048
f 2323/1109/2034 2337/1747/2050 2330/1116/2043
f 2323/1109/2034 2326/1112/2039 2337/1747/2050
f 2327/1113/2040 2324/1110/2037 2336/1748/2049
f 2336/1748/2049 2321/1105/2031 2332/1118/2046
f 2321/1105/2031 2336/1748/2049 2324/1110/2037
f 2325/1111/2038 2341/1749/2511 2326/1112/2039
f 2327/1113/2040 2341/1749/2511 2325/1111/2038
f 2326/1129/2039 2341/1750/2511 2327/1128/2040
f 2318/1102/2028 2255/1027/1974 2340/1045/1983
f 2350/1142/2061 2351/1143/2060 2352/1150/2070
f 2350/1142/2061 2352/1150/2070 2353/1151/2069
f 2352/1150/2070 2351/1143/2060 2354/1147/2066
f 2345/1137/2054 2356/1144/2063 2347/1139/2056
f 2347/1139/2056 2356/1144/2063 2349/1141/2058
f 2362/1751/2512 2360/1152/2068 2359/1149/2067
f 2361/1153/2071 2362/1751/2512 2359/1149/2067
f 2346/1138/2057 2363/1154/2072 2344/1136/2055
f 2348/1140/2059 2363/1154/2072 2346/1138/2057
f 2365/1156/2074 2353/1151/2069 2360/1152/2068
f 2361/1153/2071 2354/1147/2066 2358/1148/2065
f 2372/1167/2081 2362/1752/2512 2371/1166/2080
f 2365/1156/2074 2372/1753/2081 2370/1161/2079
f 2360/1152/2068 2372/1753/2081 2365/1156/2074
f 2360/1152/2068 2362/1751/2512 2372/1753/2081
f 2362/1751/2512 2361/1153/2071 2371/1754/2080
f 2371/1754/2080 2358/1148/2065 2367/1158/2076
f 2358/1148/2065 2371/1754/2080 2361/1153/2071
f 2355/1145/2062 2331/1117/2044 2376/1134/2053
f 2414/1217/2118 2302/1178/2018 2378/1175/2085
f 2220/941/1890 2379/938/1888 2217/1723/2086
f 2217/1177/2086 2379/1755/1888 2377/1176/2087
f 2108/854/1826 2380/965/1912 2120/853/1827
f 1479/136/1295 1534/182/1340 1482/183/1342
f 1556/216/1369 1587/290/1432 1589/218/1370
f 1595/1551/1403 1571/232/1384 1579/234/1386
f 1563/226/1379 1505/1557/2401 1672/224/1377
f 1463/127/1285 1491/1534/2399 1466/143/1301
f 1447/115/1273 1462/126/1286 1455/129/1289
f 2093/838/1810 2047/1692/2481 2095/1699/2488
f 2095/1699/2488 2047/1692/2481 1433/1703/2388
f 2389/1189/2095 2390/1190/2094 2391/1197/2104
f 2389/1189/2095 2391/1197/2104 2392/1198/2103
f 2391/1197/2104 2390/1190/2094 2393/1194/2100
f 2384/1184/2088 2395/1191/2097 2386/1186/2090
f 2386/1186/2090 2395/1191/2097 2388/1188/2092
f 2401/1756/2513 2399/1199/2102 2398/1196/2101
f 2400/1200/2105 2401/1756/2513 2398/1196/2101
f 2385/1185/2091 2402/1201/2106 2383/1183/2089
f 2387/1187/2093 2402/1201/2106 2385/1185/2091
f 2404/1203/2108 2392/1198/2103 2399/1199/2102
f 2400/1200/2105 2393/1194/2100 2397/1195/2099
f 2411/1214/2115 2401/1757/2513 2410/1213/2114
f 2404/1203/2108 2411/1758/2115 2409/1208/2113
f 2399/1199/2102 2411/1758/2115 2404/1203/2108
f 2399/1199/2102 2401/1756/2513 2411/1758/2115
f 2401/1756/2513 2400/1200/2105 2410/1759/2114
f 2410/1759/2114 2397/1195/2099 2406/1205/2110
f 2397/1195/2099 2410/1759/2114 2400/1200/2105
f 2394/1192/2096 2366/1157/2075 2375/1173/2084
f 2405/1204/2109 2192/966/1913 2382/973/1921
f 2299/1760/2013 2304/1087/2016 2303/1092/2019
f 2299/1760/2013 2415/1090/2014 2304/1087/2016
f 2270/983/1931 2191/963/1910 2186/959/1905
f 2417/1221/2120 2425/1222/2119 2416/1231/2128
f 2423/1223/2121 2419/1232/2127 2420/1226/2122
f 1406/1227/2125 2424/1224/2124 2418/1225/2123
f 562/1228/1050 2420/1226/2122 2419/1232/2127
f 2424/1224/2124 2042/807/1780 2038/808/1781
f 2416/1231/2128 2425/1222/2119 2426/1269/2156
f 2416/1231/2128 2426/1269/2156 2421/1230/2129
f 2017/799/1772 2427/1761/2514 2037/802/1773
f 2427/1762/2514 2456/1309/2158 2425/1763/2119
f 2431/1308/2134 2427/1762/2514 2017/1764/1772
f 2427/1762/2514 2431/1308/2134 2456/1309/2158
f 2040/806/1777 2427/1761/2514 2425/1222/2119
f 2427/1761/2514 2040/806/1777 2037/802/1773
f 2430/1237/2131 2433/1243/2136 2429/1240/2132
f 2015/1765/1766 2438/1767/2141 2033/1766/2469
f 2443/1260/2150 2451/1252/2145 2442/1253/2144
f 2438/1768/2141 2015/1251/1766 2439/1263/2140
f 2014/792/1767 2034/1678/2467 2016/1679/2468
f 2440/1264/2142 2443/1260/2150 2445/1257/2148
f 2441/1769/2143 2445/1257/2148 2444/1258/2147
f 2445/1257/2148 2441/1769/2143 2440/1264/2142
f 2015/1251/1766 2451/1252/2145 2439/1263/2140
f 2429/1240/2132 2453/1265/2155 2483/1770/2190
f 2452/1771/2195 2453/1265/2155 2448/1262/2153
f 2453/1265/2155 2449/1261/2152 2448/1262/2153
f 2453/1265/2155 2450/1259/2151 2449/1261/2152
f 2453/1265/2155 2454/1266/2154 2450/1259/2151
f 2454/1266/2154 2447/1256/2149 2450/1259/2151
f 2454/1266/2154 2446/1255/2146 2447/1256/2149
f 2437/1245/2138 2455/1772/2515 2436/1244/2139
f 2441/1249/2143 2455/1772/2515 2437/1245/2138
f 2444/1258/2147 2455/1772/2515 2441/1769/2143
f 2446/1255/2146 2455/1772/2515 2444/1258/2147
f 2436/1244/2139 2455/1772/2515 2446/1255/2146
f 1331/1234/1056 2448/1370/2153 2428/1233/2130
f 2429/1240/2132 2483/1770/2190 2432/1239/2133
f 2483/1770/2190 2453/1265/2155 2452/1771/2195
f 2457/1776/2157 2512/1335/2163 2456/1401/2158
f 63/1777/2159 2458/1334/2164 2457/1776/2157
f 2514/1337/2165 2464/1342/2168 2463/1339/2167
f 2458/1334/2164 62/1778/64 2468/1346/2173
f 2460/1333/2161 2469/1345/2174 2462/1338/2166
f 63/1777/2159 62/1778/64 2458/1334/2164
f 2432/1352/2133 2474/1353/2179 64/1779/2160
f 2487/1365/2192 2486/1364/2191 2477/1780/2516
f 2477/1780/2516 2481/1366/2193 2487/1365/2192
f 2482/1360/2187 2485/1361/2188 2484/1363/2189
f 2484/1363/2189 2432/1781/2133 2483/1362/2190
f 2432/1781/2133 2484/1363/2189 2472/1782/2180
f 2485/1361/2188 2472/1782/2180 2484/1363/2189
f 2472/1782/2180 2485/1361/2188 2475/1783/2182
f 2485/1361/2188 2480/1358/2185 2481/1366/2193
f 2475/1783/2182 2485/1361/2188 2481/1366/2193
f 2486/1784/2191 2481/1366/2193 2477/1780/2516
f 2481/1366/2193 2486/1784/2191 2475/1783/2182
f 2490/1368/2194 1435/1786/1272 1434/1785/1271
f 2483/1362/2190 2489/1378/2196 2488/1359/2186
f 2452/1371/2195 2489/1373/2196 2483/1787/2190
f 47/1788/47 2490/1368/2194 1434/1785/1271
f 2490/1368/2194 47/1788/47 61/1367/63
f 64/1779/2160 2474/1353/2179 61/1367/63
f 106/1372/106 107/1791/105 1435/1790/1272
f 106/1372/106 1435/1790/1272 2489/1373/2196
f 1435/1786/1272 2490/1368/2194 2489/1378/2196
f 2519/1410/2205 2491/1395/2198 2494/1405/2206
f 2494/1405/2206 2495/1792/2517 2493/1404/2201
f 2495/1793/2517 2459/1400/2199 2493/1505/2201
f 2459/1400/2199 2495/1793/2517 2491/1399/2198
f 2425/1398/2119 2456/1401/2158 2459/1400/2199
f 2493/1404/2201 2496/1402/2200 2494/1405/2206
f 2465/1343/2171 2501/1794/2518 2498/1344/2172
f 2470/1348/2177 2501/1794/2518 2465/1343/2171
f 2498/1415/2172 2501/1794/2518 2499/1414/2209
f 2499/1414/2209 2501/1794/2518 2470/1348/2177
f 2419/1232/2127 1356/1417/1208 562/1228/1050
f 2421/1230/2129 2502/1420/2211 2422/1229/2126
f 2502/1420/2211 2421/1230/2129 14/1267/10
f 2507/1436/2212 2508/1443/2218 2506/1441/2214
f 2041/805/1778 2048/810/1783 2031/798/1769
f 2013/800/1775 2033/1680/2469 2017/799/1772
f 2033/1766/2469 2438/1767/2141 2017/1799/1772
f 2040/806/1777 2007/803/1776 2010/1675/2464
f 2502/1437/2211 2503/1800/2519 2507/1436/2212
f 2512/1335/2163 2457/1776/2157 2458/1334/2164
f 2456/1401/2158 2512/1335/2163 2459/1400/2199
f 2514/1337/2165 2463/1339/2167 2461/1506/2202
f 2464/1342/2168 2514/1337/2165 2462/1338/2166
f 2468/1346/2173 62/1778/64 46/1507/46
f 2515/1407/2203 2518/1408/2204 2468/1346/2173
f 2517/1416/2210 2471/1349/2176 2500/1347/2175
f 2469/1345/2174 2518/1408/2204 2516/1409/2207
f 2518/1408/2204 2469/1345/2174 2468/1346/2173
f 2492/1394/2197 2518/1408/2204 2515/1407/2203
f 2491/1395/2198 2519/1410/2205 2492/1394/2197
f 2519/1410/2205 2518/1408/2204 2492/1394/2197
f 2494/1405/2206 2491/1395/2198 2495/1792/2517
