# Blender 4.5.3 LTS
# www.blender.org
mtllib diablo_lod3.mtl
o diablo3_pose
v 0.118812 0.706069 0.088011
v 0.105700 0.639308 0.115997
v 0.119969 0.675506 0.125205
v 0.122414 0.758479 0.111574
v 0.082812 0.656595 0.131383
v 0.060722 0.669505 0.139813
v 0.112652 0.648756 0.018421
v 0.121418 0.565444 0.038726
v 0.040570 0.661208 0.164298
v 0.062281 0.639122 0.154193
v 0.042182 0.598585 0.154924
v 0.005054 0.669860 0.160080
v 0.047005 0.703253 0.159196
v 0.012969 0.711183 0.137714
v 0.082695 0.818443 0.101647
v 0.075132 0.577939 0.161707
v 0.203628 0.784259 0.064262
v -0.000353 0.763061 0.127070
v 0.075552 0.582815 0.000079
v 0.109259 0.527665 0.077087
v 0.066631 0.509398 0.078994
v 0.110976 0.529447 0.046130
v 0.091954 0.479162 0.029619
v 0.087407 0.557569 0.030717
v 0.075202 0.509359 0.034225
v 0.023240 0.808682 0.090688
v -0.039416 0.901632 0.061590
v 0.000235 0.809602 0.068327
v -0.017396 0.862925 0.104710
v -0.256295 -0.280060 0.083867
v -0.229613 -0.440497 0.108546
v -0.094174 -0.135341 0.038965
v -0.172729 -0.005784 -0.013769
v -0.214674 -0.014626 -0.095585
v -0.268457 -0.418677 0.099461
v -0.125828 -0.049937 0.027029
v -0.113993 -0.035837 0.032124
v -0.174338 -0.493045 0.069963
v -0.278048 -0.460537 0.165978
v -0.241910 -0.517452 0.102811
v -0.276541 -0.523859 0.094861
v -0.305022 -0.456690 0.113047
v -0.322877 -0.417064 0.054220
v -0.316940 -0.218668 -0.032687
v -0.337902 -0.367228 -0.112657
v -0.226830 -0.533792 0.115394
v -0.213276 -0.530947 0.069533
v -0.259672 -0.555664 0.042200
v -0.323185 -0.489698 0.058638
v -0.303916 -0.531502 0.043967
v -0.072829 -0.168111 -0.232561
v -0.191486 -0.125608 -0.237434
v -0.176766 -0.046701 -0.306588
v -0.074127 -0.207116 0.034049
v -0.179079 -0.312969 -0.203109
v -0.287708 -0.362620 -0.155049
v -0.229097 -0.083629 -0.207834
v -0.060376 -0.241139 0.008175
v -0.368522 -0.391809 -0.020307
v -0.089112 -0.308386 -0.115946
v 0.003211 -0.213814 -0.143280
v -0.149990 -0.463848 -0.088764
v -0.138859 -0.489642 -0.008716
v -0.343496 -0.371420 -0.228429
v -0.272077 -0.361052 -0.244864
v -0.189445 -0.398799 -0.168394
v -0.308949 -0.420437 -0.354550
v -0.212494 -0.439359 -0.371911
v -0.336238 -0.465005 -0.343823
v -0.382580 -0.434831 -0.177490
v -0.331349 -0.549717 -0.356440
v -0.284092 -0.582161 -0.328043
v -0.170722 -0.527846 -0.128806
v -0.147798 -0.483148 -0.180829
v -0.221285 -0.579831 -0.473664
v -0.011067 -0.180448 -0.040049
v -0.044330 -0.061077 0.014087
v -0.233289 -0.566915 -0.352314
v -0.224192 -0.427827 -0.478663
v -0.252411 -0.539511 -0.528654
v -0.337262 -0.465662 -0.499547
v -0.366885 -0.483859 -0.436056
v -0.252424 -0.474754 -0.521727
v -0.282730 -0.731806 -0.349322
v -0.232174 -0.694635 -0.389286
v -0.235256 -0.680757 -0.469092
v -0.246926 -0.729461 -0.412320
v -0.294091 -0.715016 -0.471072
v -0.273470 -0.789883 -0.404017
v -0.242574 -0.788099 -0.372215
v -0.267216 -0.826782 -0.370308
v -0.340754 -0.713417 -0.474790
v -0.383155 -0.716693 -0.435468
v -0.387228 -0.699210 -0.390649
v -0.371834 -0.837582 -0.222503
v -0.333617 -0.750255 -0.315839
v -0.431832 -0.872783 -0.261998
v -0.374683 -0.817637 -0.472737
v -0.354046 -0.856675 -0.144227
v -0.397638 -0.857047 -0.139303
v -0.395129 -0.959792 -0.035738
v -0.417484 -0.942865 -0.027018
v -0.368555 -0.903806 -0.104699
v -0.322708 -0.865621 -0.209732
v -0.289778 -0.834820 -0.271190
v -0.397066 -0.900702 -0.202013
v -0.361247 -0.968101 -0.071208
v -0.435230 -0.953378 -0.090634
v -0.355256 -0.945063 -0.168771
v -0.400448 -0.989475 -0.096693
v -0.423234 -0.981144 -0.036994
v -0.313832 -0.920690 -0.209656
v -0.404492 -0.917887 -0.224240
v -0.353420 -0.972093 -0.286736
v -0.504863 -0.864466 -0.251801
v -0.496998 -0.859813 -0.227417
v -0.590510 -0.949983 -0.219917
v -0.595638 -0.969185 -0.173543
v -0.585380 -0.980045 -0.198625
v -0.499197 -0.904966 -0.256309
v -0.487283 -0.925411 -0.214648
v -0.425953 -0.936594 -0.319536
v -0.314605 -0.829450 -0.452213
v -0.252064 -0.943657 -0.293220
v -0.297573 -0.883839 -0.366763
v -0.263909 -0.870552 -0.328680
v -0.217711 -0.851028 -0.181681
v -0.274982 -0.846826 -0.201400
v -0.240589 -0.848344 -0.152582
v -0.194074 -0.942289 -0.092375
v -0.224163 -0.949558 -0.101599
v -0.205038 -0.968899 -0.106288
v -0.190985 -0.947780 -0.141963
v -0.226698 -0.901436 -0.193649
v -0.262584 -0.885366 -0.168930
v -0.229629 -0.962549 -0.151928
v -0.277216 -0.954491 -0.245136
v 0.023092 -0.181933 -0.010750
v -0.090762 0.060215 -0.000707
v 0.039623 -0.020928 0.015683
v -0.070978 0.083651 0.003863
v -0.163666 0.084369 -0.033927
v -0.238123 0.131069 -0.114110
v -0.012548 -0.262582 -0.308875
v -0.106942 -0.195971 -0.293604
v -0.256054 -0.452518 -0.493463
v -0.208150 -0.500773 -0.534478
v -0.495805 -0.639810 -0.549418
v -0.358310 -0.604172 -0.591642
v -0.543475 -0.680473 -0.592679
v -0.678901 -0.714263 -0.409552
v -0.732201 -0.732937 -0.418381
v -0.745614 -0.786061 -0.249714
v -0.220982 -0.241489 -0.449075
v -0.322829 -0.417570 -0.534454
v -0.554036 -0.612449 -0.514199
v -0.214034 -0.130177 -0.417058
v -0.193667 -0.151219 -0.432652
v -0.187180 -0.109614 -0.371046
v -0.182752 -0.100211 -0.399232
v -0.154664 -0.084145 -0.360278
v -0.256618 -0.206555 -0.577857
v -0.232288 -0.246677 -0.534903
v -0.207043 -0.223298 -0.566162
v -0.175502 -0.177412 -0.542444
v -0.206850 -0.173057 -0.491934
v -0.219757 -0.116929 -0.514189
v -0.225804 -0.033553 -0.470940
v -0.198881 -0.098326 -0.488974
v -0.253038 -0.053721 -0.506921
v -0.200332 -0.021956 -0.448684
v -0.204899 -0.045391 -0.494746
v -0.154816 -0.108278 -0.519774
v -0.211123 0.024150 -0.417662
v -0.118477 -0.035988 -0.474525
v -0.247645 -0.305903 -0.565675
v -0.398193 -0.452405 -0.595126
v -0.566104 -0.576656 -0.550842
v -0.695730 -0.670951 -0.416988
v -0.257512 -0.329192 -0.491811
v -0.266465 -0.276057 -0.560053
v -0.233540 -0.277020 -0.579218
v -0.223983 0.079095 -0.344287
v -0.273790 0.146603 -0.380644
v -0.106632 0.064545 -0.419710
v -0.039883 0.180210 -0.005087
v -0.040138 0.109015 -0.003553
v -0.060307 0.113606 -0.021750
v -0.040950 0.285071 -0.009474
v -0.093193 0.413054 0.033484
v 0.094011 0.486030 -0.010876
v -0.207271 0.115081 -0.054008
v -0.236189 0.103869 -0.152969
v -0.250394 0.095090 -0.218758
v -0.273105 0.138801 -0.195820
v -0.261628 0.136570 -0.260750
v -0.277617 0.138266 -0.311577
v -0.235697 0.111659 -0.290101
v -0.189024 0.117266 -0.218280
v -0.216531 0.119392 -0.254808
v -0.151063 0.123391 -0.040079
v -0.035623 0.213291 -0.027409
v 0.061579 0.246419 -0.053258
v -0.067791 0.376397 0.012034
v -0.144721 0.213259 -0.072552
v -0.186534 0.352765 -0.024856
v -0.191069 0.136007 -0.121575
v -0.193194 0.175482 -0.245591
v -0.218672 0.274243 -0.240828
v -0.299031 0.362400 -0.233154
v -0.276450 0.323409 -0.252121
v -0.229884 0.300934 -0.353496
v -0.174206 0.221569 -0.330625
v -0.272994 0.366677 -0.278221
v -0.130634 0.267241 -0.333696
v -0.073788 0.120304 -0.331195
v -0.171072 0.125922 -0.313061
v -0.084438 0.479224 0.067019
v -0.134239 0.458760 0.060044
v -0.190403 0.302746 -0.305807
v -0.264292 0.383045 -0.296151
v -0.199329 0.395495 -0.396149
v -0.135162 0.361579 -0.373190
v -0.304929 0.400788 -0.389895
v -0.299932 0.435665 -0.345648
v -0.450507 0.471972 -0.439854
v -0.471117 0.488347 -0.466803
v -0.444431 0.500053 -0.439213
v -0.200075 0.458131 -0.351368
v -0.258881 0.411557 -0.286701
v -0.391454 0.585882 -0.301397
v -0.367866 0.573941 -0.361345
v -0.376050 0.620286 -0.389019
v -0.320057 0.502098 -0.218367
v -0.395154 0.634475 -0.277830
v -0.412997 0.686360 -0.368063
v -0.310909 0.662476 -0.382134
v -0.298122 0.643610 -0.271069
v -0.437728 0.701611 -0.296244
v -0.344697 0.688230 -0.332453
v -0.150898 0.625716 -0.381893
v -0.215587 0.687251 -0.293965
v -0.136394 0.664411 -0.350558
v -0.147845 0.552827 -0.395750
v -0.255653 0.648716 -0.236693
v -0.175352 0.693982 -0.263860
v -0.571768 0.731410 -0.382495
v -0.585481 0.763668 -0.340719
v -0.564209 0.782870 -0.365689
v -0.662763 0.762638 -0.377109
v -0.198507 0.499043 -0.375143
v -0.194355 0.486411 -0.514400
v -0.223790 0.482241 -0.487889
v -0.220118 0.525281 -0.519567
v 0.015947 0.389434 0.004624
v -0.136004 0.530199 0.065784
v -0.006409 0.777884 -0.246319
v -0.198748 0.706498 -0.198874
v -0.118503 0.770539 -0.164791
v -0.087029 0.819302 -0.126460
v -0.182727 0.729226 -0.159026
v -0.164370 0.749644 -0.126106
v -0.256001 0.688855 -0.215285
v -0.300909 0.517548 -0.312569
v -0.349824 0.490218 -0.350030
v -0.084640 0.797352 -0.166325
v -0.101750 0.772992 -0.108118
v -0.114342 0.801814 -0.173335
v 0.005352 0.866752 -0.078742
v -0.096685 0.789444 -0.096547
v -0.231258 0.702335 -0.138072
v -0.209972 0.725087 -0.108021
v -0.214478 0.688484 -0.120793
v -0.202068 0.678745 -0.082236
v -0.250591 0.657704 -0.122274
v -0.184781 0.638093 -0.069062
v -0.082118 0.708836 -0.110832
v -0.153165 0.686202 -0.055196
v -0.098004 0.604699 -0.043633
v -0.020624 0.568751 -0.005340
v -0.197223 0.608631 -0.032343
v -0.215319 0.619806 0.000005
v -0.187515 0.528504 0.057647
v -0.235251 0.585948 -0.073696
v -0.334416 0.476799 -0.164737
v -0.360834 0.501914 -0.117217
v -0.292697 0.636558 -0.155166
v -0.396830 0.498295 -0.216146
v -0.312188 0.532491 -0.140032
v -0.332133 0.532392 -0.128114
v -0.388929 0.437258 0.055999
v -0.395968 0.388403 -0.060749
v -0.323474 0.457081 0.127450
v -0.328947 0.544611 -0.065626
v -0.250104 0.446875 0.125686
v -0.444366 0.355921 0.127418
v -0.442931 0.318175 0.040787
v -0.399467 0.379045 0.162020
v -0.401443 0.359333 0.223155
v -0.270049 0.371269 0.177591
v -0.520221 0.340517 0.229841
v -0.472393 0.369047 0.222507
v -0.434029 0.258757 0.104570
v -0.261604 0.565654 0.006691
v -0.168912 0.495922 0.101929
v -0.375576 0.304163 0.240435
v -0.464975 0.359602 0.453290
v -0.503610 0.300135 0.420711
v -0.511321 0.309627 0.471315
v -0.519439 0.248009 0.306254
v -0.509360 0.224743 0.195382
v -0.319193 0.420384 -0.306346
v -0.270813 0.262926 0.044424
v -0.299347 0.434676 -0.262449
v -0.357621 0.330171 -0.112803
v -0.338405 0.289970 -0.041957
v -0.178625 0.408596 -0.028642
v -0.186668 0.415804 0.040083
v -0.353123 0.240221 0.198353
v -0.329791 0.239989 0.108226
v -0.381454 0.243911 0.039469
v -0.437668 0.196688 0.200599
v -0.476589 0.271551 0.441893
v -0.422505 0.281708 0.447909
v -0.371584 0.244602 0.320656
v -0.399135 0.318853 0.411471
v -0.401755 0.329796 0.477227
v -0.549614 0.235039 0.566803
v -0.493344 0.253242 0.624728
v -0.433053 0.263540 0.637470
v -0.456787 0.244559 0.706450
v -0.460845 0.199382 0.774891
v -0.438395 0.169826 0.783378
v -0.384990 0.246616 0.579039
v -0.430079 0.212878 0.717686
v -0.454749 0.142713 0.809405
v -0.370361 0.236606 0.495542
v -0.227666 0.237074 -0.293486
v -0.249967 0.598749 -0.031178
v -0.301344 0.558285 -0.070601
v -0.281535 0.572672 -0.104864
v -0.265276 0.563732 -0.057031
v -0.279391 0.611588 -0.077936
v -0.320775 0.592855 -0.098654
v -0.461225 0.201927 0.643562
v -0.468832 0.172018 0.762879
v -0.339077 0.254264 0.514780
v -0.342680 0.191310 0.551650
v -0.336403 0.188733 0.512461
v -0.266800 0.139611 0.555739
v -0.300220 0.145423 0.523740
v -0.309703 0.149395 0.562549
v -0.392097 0.215663 0.526847
v -0.396657 0.218372 0.560951
v -0.520929 0.225549 0.513739
v -0.520238 0.179346 0.680795
v -0.498368 0.185739 0.694422
v -0.491577 0.066253 0.696344
v -0.461053 0.069373 0.685596
v -0.475564 0.162495 0.679142
v -0.461965 0.033473 0.660722
v -0.512678 0.224334 0.617150
v -0.486052 0.061600 0.660218
v -0.501898 0.157101 0.654061
v -0.546842 0.159578 0.634647
v -0.520043 0.114379 0.627893
v -0.477919 0.074036 0.566979
v -0.506490 0.173450 0.621764
v -0.533745 0.181987 0.580144
v -0.465758 0.094399 0.583175
v -0.527314 0.149990 0.605530
v -0.570778 0.162146 0.588672
v -0.543871 0.121345 0.568000
v -0.501088 0.124618 0.533945
v -0.527840 0.135443 0.571321
v -0.558528 0.172424 0.559977
v -0.540391 0.145524 0.547009
v -0.037749 0.668905 -0.019103
v 0.041579 0.585106 -0.037689
v -0.101122 0.731490 -0.072649
v -0.047508 0.848351 -0.101629
v -0.079611 0.926329 -0.094672
v -0.125248 0.838769 -0.098589
v -0.098969 0.781974 -0.001337
v -0.086508 0.922775 -0.150511
v -0.107057 0.968376 -0.164480
v -0.063458 0.957406 -0.140281
v -0.033955 0.841404 -0.013190
v 0.014845 0.537998 0.031886
v -0.064817 0.649337 0.073924
v -0.051091 0.624203 0.108268
v -0.023012 0.609392 0.113814
v 0.008444 0.626256 0.152574
v 0.017332 0.565891 0.142825
v 0.011797 0.650704 0.161347
v -0.009879 0.654520 0.136061
v -0.181984 0.660475 0.033318
v -0.169711 0.643317 -0.041576
v -0.213336 0.545943 0.073152
v -0.190264 0.512170 0.015506
v -0.017599 0.526185 0.172408
v -0.059218 0.546516 0.170482
v -0.109667 0.686556 0.091697
v -0.143421 0.587320 0.091375
v -0.161805 0.834502 -0.042363
v -0.186585 0.820173 -0.011004
v -0.095761 0.758752 0.093958
v -0.209704 0.793492 -0.062612
v -0.090209 0.839407 0.069129
v -0.181818 0.847936 -0.021517
v -0.040660 0.827013 0.028907
v -0.030605 0.786419 0.093878
v -0.047145 0.854150 0.089588
v -0.091361 0.644730 -0.021316
v -0.102945 0.605469 0.053821
v -0.113606 0.564497 0.047225
v -0.098600 0.538758 0.075264
v 0.039180 0.509191 0.068716
v 0.042229 0.514798 0.037537
v 0.035098 -0.162301 -0.023978
v 0.109586 0.065594 -0.035229
v 0.032069 -0.202367 -0.159519
v 0.107342 0.106153 -0.053223
v 0.124111 0.178064 -0.089447
v 0.193629 0.517872 -0.085477
v 0.228745 0.611586 -0.202801
v 0.119453 0.214347 -0.110964
v 0.153506 0.274441 -0.135227
v 0.154500 0.387271 -0.083711
v 0.191572 0.353642 -0.156645
v 0.227548 0.457252 -0.161817
v 0.246248 0.520407 -0.210148
v 0.233336 0.547247 -0.174877
v 0.088884 0.548778 0.016237
v 0.088903 0.499469 0.033006
v 0.095974 0.489475 0.028129
v 0.379352 -0.388222 -0.082708
v 0.348897 -0.414955 -0.070108
v 0.294047 -0.183640 -0.034253
v 0.120257 -0.156279 0.014059
v 0.173313 0.008549 -0.086536
v 0.128131 -0.026485 0.005265
v 0.099374 -0.034516 0.032240
v 0.310122 -0.488533 -0.096774
v 0.428644 -0.433540 -0.031578
v 0.387508 -0.493424 -0.085845
v 0.418084 -0.489860 -0.104970
v 0.435338 -0.420159 -0.087720
v 0.428629 -0.358570 -0.157531
v 0.338067 -0.155024 -0.141232
v 0.207511 -0.060207 -0.225214
v 0.381432 -0.513464 -0.072107
v 0.354325 -0.510911 -0.108360
v 0.391163 -0.521527 -0.161854
v 0.441324 -0.443207 -0.147630
v 0.427396 -0.483167 -0.161157
v 0.262667 -0.509350 -0.171927
v 0.058880 -0.171724 -0.355226
v 0.181003 -0.119350 -0.250639
v 0.106924 -0.065279 -0.407500
v 0.140653 -0.244126 -0.020112
v 0.123281 -0.174572 -0.257742
v 0.279162 -0.253611 -0.309071
v 0.201789 -0.012196 -0.147208
v 0.431780 -0.343842 -0.238826
v 0.209583 -0.341261 -0.325656
v 0.277631 -0.359588 -0.330686
v 0.131937 -0.302657 -0.197273
v 0.229859 -0.468338 -0.234640
v 0.129580 -0.287278 -0.068664
v 0.379278 -0.374415 -0.414376
v 0.274429 -0.371277 -0.414276
v 0.228154 -0.420567 -0.296245
v 0.292447 -0.432962 -0.525589
v 0.203134 -0.477093 -0.511572
v 0.374687 -0.338774 -0.308840
v 0.331923 -0.468277 -0.522757
v 0.352586 -0.542848 -0.514576
v 0.417448 -0.479866 -0.348907
v 0.373388 -0.568727 -0.293045
v 0.226846 -0.530678 -0.288473
v 0.221162 -0.625113 -0.602687
v 0.322018 -0.584558 -0.482240
v 0.263332 -0.590551 -0.490052
v 0.177811 -0.478991 -0.620352
v 0.223931 -0.589878 -0.667385
v 0.292595 -0.497020 -0.673406
v 0.339033 -0.493172 -0.620295
v 0.206421 -0.526092 -0.666149
v 0.293216 -0.700288 -0.495850
v 0.262639 -0.709722 -0.580549
v 0.306817 -0.743980 -0.513739
v 0.327279 -0.731579 -0.589930
v 0.346576 -0.794524 -0.511036
v 0.330252 -0.790705 -0.469884
v 0.361177 -0.825386 -0.478547
v 0.393522 -0.717345 -0.609456
v 0.428785 -0.676166 -0.552790
v 0.502993 -0.797421 -0.430727
v 0.413843 -0.682477 -0.499830
v 0.543778 -0.837682 -0.495019
v 0.399443 -0.802672 -0.620664
v 0.387241 -0.735065 -0.461623
v 0.541806 -0.821570 -0.394581
v 0.499066 -0.832489 -0.373780
v 0.574748 -0.824412 -0.338379
v 0.535945 -0.832157 -0.316058
v 0.588437 -0.938453 -0.236263
v 0.614938 -0.924514 -0.232523
v 0.432471 -0.825864 -0.406634
v 0.555621 -0.946120 -0.265853
v 0.615426 -0.923923 -0.300950
v 0.544750 -0.924779 -0.357718
v 0.579005 -0.963888 -0.299491
v 0.615255 -0.962217 -0.246453
v 0.569794 -0.875058 -0.437912
v 0.487375 -0.909868 -0.373321
v 0.485706 -0.954964 -0.460836
v 0.645204 -0.843172 -0.483722
v 0.638967 -0.837615 -0.457799
v 0.738709 -0.926265 -0.459313
v 0.750406 -0.942369 -0.414226
v 0.736866 -0.954808 -0.437179
v 0.639911 -0.881310 -0.488941
v 0.633037 -0.898286 -0.450150
v 0.531009 -0.904894 -0.532843
v 0.363638 -0.826025 -0.572472
v 0.399840 -0.938060 -0.415536
v 0.395236 -0.876114 -0.493851
v 0.538256 -0.931167 -0.479844
v 0.384618 -0.866329 -0.442688
v 0.431949 -0.857217 -0.301246
v 0.463708 -0.852891 -0.301361
v 0.448368 -0.933137 -0.199254
v 0.469368 -0.945855 -0.219869
v 0.448828 -0.962428 -0.211334
v 0.421135 -0.944264 -0.239713
v 0.431133 -0.909097 -0.311513
v 0.474668 -0.894397 -0.310247
v 0.449723 -0.966172 -0.265814
v 0.446598 -0.944620 -0.382195
v 0.168294 0.095526 -0.132642
v 0.171997 0.074636 -0.088589
v 0.163660 0.102280 -0.289829
v -0.047078 -0.322356 -0.465100
v -0.206288 -0.446754 -0.598162
v -0.387411 -0.551928 -0.631445
v -0.577268 -0.634450 -0.594559
v -0.091667 -0.245471 -0.549154
v -0.192971 -0.322459 -0.593661
v -0.039630 -0.139333 -0.537867
v -0.067003 -0.159394 -0.524999
v -0.002758 -0.119715 -0.492294
v -0.029161 -0.108621 -0.500134
v -0.003743 -0.094743 -0.459756
v -0.193297 -0.211829 -0.626735
v -0.179382 -0.253998 -0.579149
v -0.121833 -0.178909 -0.554037
v -0.123235 -0.122873 -0.577525
v -0.074207 -0.069368 -0.589386
v -0.104077 -0.103612 -0.551457
v -0.060312 -0.028529 -0.533527
v -0.086847 -0.036440 -0.563797
v -0.047361 0.014447 -0.517698
v -0.001312 0.121070 -0.466925
v -0.076936 0.135676 -0.500486
v 0.199816 0.115534 -0.196930
v 0.180951 0.133328 -0.303068
v 0.122382 0.093143 -0.364584
v 0.124089 0.126241 -0.383709
v 0.061732 0.131667 -0.420178
v 0.052305 0.111699 -0.413423
v 0.074144 0.112935 -0.330333
v 0.022957 0.109107 -0.413525
v 0.145777 0.216484 -0.197195
v 0.204028 0.370595 -0.273119
v 0.142382 0.131247 -0.255844
v 0.101035 0.216253 -0.304349
v 0.040270 0.183712 -0.377359
v 0.037954 0.267704 -0.391379
v 0.138239 0.375646 -0.402097
v 0.062519 0.341381 -0.462596
v 0.070297 0.397820 -0.488371
v -0.073585 0.291924 -0.460452
v 0.002566 0.170052 -0.349875
v -0.065377 0.213124 -0.389385
v 0.030359 0.378028 -0.468122
v -0.015226 0.117944 -0.399893
v -0.037322 0.298039 -0.401392
v 0.008724 0.391009 -0.467447
v -0.085334 0.271272 -0.362405
v -0.122104 0.371764 -0.428210
v -0.060863 0.421087 -0.559308
v -0.021030 0.452630 -0.520165
v -0.039133 0.526067 -0.687711
v -0.056480 0.544539 -0.716439
v -0.046481 0.553633 -0.679165
v -0.064167 0.489677 -0.518018
v 0.013629 0.424359 -0.457184
v -0.076596 0.458615 -0.426983
v 0.034059 0.646790 -0.562284
v -0.027573 0.617808 -0.565147
v -0.056983 0.663208 -0.582711
v 0.039657 0.654522 -0.458563
v 0.049212 0.702444 -0.556603
v -0.035005 0.737550 -0.597828
v -0.088141 0.692419 -0.517555
v 0.011673 0.682001 -0.458427
v 0.035779 0.765880 -0.584386
v -0.034884 0.730782 -0.521235
v -0.053025 0.707351 -0.391444
v 0.027566 0.675789 -0.406652
v -0.043566 0.709190 -0.341240
v 0.013602 0.810697 -0.738305
v 0.049929 0.849733 -0.726969
v 0.014930 0.861312 -0.717741
v 0.052348 0.859491 -0.811793
v -0.089846 0.502438 -0.435432
v 0.020258 0.732692 -0.329245
v 0.043873 0.756245 -0.292845
v 0.059586 0.772580 -0.266577
v 0.032440 0.725214 -0.389414
v -0.010921 0.557471 -0.490824
v -0.008688 0.528187 -0.562068
v 0.062853 0.774432 -0.212158
v 0.054785 0.811956 -0.203284
v 0.076546 0.855004 -0.200400
v 0.035746 0.828975 -0.185001
v 0.069394 0.868522 -0.115191
v 0.078632 0.845775 -0.099980
v 0.094381 0.756588 -0.315898
v 0.104147 0.722062 -0.312394
v 0.067769 0.731605 -0.342010
v 0.126201 0.719616 -0.286365
v 0.125948 0.598799 -0.106719
v 0.159033 0.661783 -0.256758
v 0.097155 0.743402 -0.177369
v 0.262597 0.599471 -0.277858
v 0.159935 0.682094 -0.301691
v 0.108502 0.697828 -0.426470
v 0.163517 0.692097 -0.437492
v 0.170601 0.651999 -0.494631
v 0.097440 0.714089 -0.395521
v 0.082838 0.701191 -0.526412
v 0.129700 0.709587 -0.378825
v 0.136154 0.738569 -0.429164
v 0.169044 0.715419 -0.384658
v 0.163146 0.518577 -0.532762
v 0.257709 0.540987 -0.457627
v 0.270340 0.455924 -0.417760
v 0.221791 0.678811 -0.391528
v 0.245726 0.454530 -0.324079
v 0.208951 0.407684 -0.559999
v 0.131564 0.450698 -0.564053
v 0.272055 0.386566 -0.473098
v 0.253207 0.328120 -0.415615
v 0.249392 0.318885 -0.662285
v 0.280548 0.349264 -0.547992
v 0.289576 0.344099 -0.617007
v 0.185144 0.273132 -0.655764
v 0.114753 0.343577 -0.558003
v 0.098154 0.467919 -0.539362
v 0.267930 0.293568 -0.519828
v 0.427233 0.149142 -0.692591
v 0.372958 0.136526 -0.713812
v 0.151091 0.248224 -0.628644
v 0.079424 0.430382 -0.468204
v 0.022325 0.446251 -0.516226
v 0.036354 0.535063 -0.492347
v 0.070531 0.609360 -0.508517
v 0.197215 0.466898 -0.318270
v 0.246639 0.488211 -0.249959
v 0.193449 0.285350 -0.461584
v 0.107388 0.326697 -0.496327
v 0.079898 0.396543 -0.512558
v 0.154979 0.238105 -0.542046
v 0.343316 0.126391 -0.663494
v 0.371960 0.139277 -0.618045
v 0.284516 0.192759 -0.526031
v 0.416766 0.179336 -0.623520
v 0.422910 0.152319 -0.604183
v 0.440970 0.001260 -0.700345
v 0.496942 0.008884 -0.653750
v 0.517414 0.039314 -0.602918
v 0.373268 0.042849 -0.708609
v 0.571597 -0.019193 -0.598834
v 0.608521 -0.086243 -0.567280
v 0.601852 -0.101330 -0.533514
v 0.472672 0.064269 -0.563635
v 0.565935 -0.034729 -0.558612
v 0.610770 -0.141269 -0.530943
v 0.390061 0.094325 -0.573554
v 0.222179 0.682761 -0.281926
v 0.207155 0.686247 -0.359198
v 0.171578 0.708225 -0.349830
v 0.209737 0.671628 -0.324666
v 0.166749 0.680871 -0.317134
v 0.494200 -0.025658 -0.598890
v 0.583968 -0.104556 -0.565603
v 0.443633 0.033643 -0.568326
v 0.419609 0.110681 -0.497718
v 0.407477 0.032050 -0.400870
v 0.383538 0.049108 -0.438324
v 0.386600 0.075041 -0.484075
v 0.431056 0.067286 -0.498490
v 0.419768 0.034492 -0.444681
v 0.419299 0.057045 -0.545863
v 0.509593 -0.083244 -0.637911
v 0.526233 -0.076147 -0.618217
v 0.496474 -0.186990 -0.574277
v 0.495402 -0.168404 -0.549852
v 0.504843 -0.077238 -0.590470
v 0.466843 -0.198809 -0.540554
v 0.475807 -0.019039 -0.658015
v 0.466317 -0.176128 -0.570334
v 0.464105 -0.046050 -0.629056
v 0.452354 -0.090888 -0.661376
v 0.467495 -0.096893 -0.641815
v 0.393581 -0.144142 -0.586131
v 0.397272 -0.134109 -0.561377
v 0.451697 -0.079402 -0.622421
v 0.421517 -0.043743 -0.663812
v 0.394257 -0.110947 -0.581923
v 0.427976 -0.082642 -0.637456
v 0.416221 -0.078529 -0.686358
v 0.380100 -0.086407 -0.646050
v 0.367408 -0.063136 -0.654193
v 0.395549 -0.073611 -0.646241
v 0.397427 -0.049016 -0.683724
v 0.357181 -0.044096 -0.606069
v 0.084260 0.595150 -0.056110
v 0.125808 0.790456 -0.071781
v 0.108859 0.723879 -0.011851
v 0.004365 0.957981 -0.097683
v 0.086437 0.902939 -0.082002
v 0.087901 0.839487 0.006405
v 0.014651 0.954356 -0.143251
v 0.007884 1.003511 -0.156535
v -0.025241 0.969360 -0.136862
v 0.019473 0.846287 0.024675
v 0.224585 0.763490 -0.011219
v 0.297066 0.725798 0.085865
v 0.308655 0.656542 0.050140
v 0.292600 0.693547 0.120209
v 0.132481 0.571259 0.182167
v 0.157328 0.612487 0.187577
v 0.215711 0.697711 0.118184
v 0.107812 0.916997 -0.021107
v 0.134831 0.918963 0.012904
v 0.175626 0.911923 -0.033856
v 0.039845 0.875564 0.078522
v 0.115391 0.939806 0.001621
v 0.176804 0.692409 0.075480
v 0.210441 0.664748 0.071972
v 0.210562 0.634415 0.096952
v 0.088128 0.595016 0.002689
v 0.128264 0.558201 0.024655
v 0.115978 0.527799 0.032932
v 0.098988 0.529944 0.042052
vn 0.5789 0.0978 0.8095
vn 0.4623 0.0083 0.8867
vn 0.8212 -0.1754 0.5430
vn 0.3543 0.1896 0.9157
vn 0.8868 -0.2387 -0.3957
vn 0.9645 -0.0535 -0.2584
vn 0.8434 -0.4816 0.2382
vn 0.8564 -0.1012 0.5063
vn 0.2796 0.0456 0.9590
vn 0.4770 0.1527 0.8655
vn 0.1553 0.2365 0.9591
vn -0.3789 0.0627 0.9233
vn 0.2611 0.5190 0.8139
vn -0.2369 0.4214 0.8754
vn 0.3570 -0.3038 0.8833
vn -0.1697 -0.1016 0.9802
vn 0.4276 0.8386 0.3374
vn 0.7835 -0.4718 0.4043
vn 0.0290 -0.8042 0.5937
vn 0.8764 -0.2406 -0.4171
vn 0.2175 -0.8448 -0.4888
vn 0.5372 -0.3641 -0.7608
vn -0.3287 -0.3175 -0.8895
vn 0.3433 -0.6226 -0.7032
vn -0.4933 0.8561 -0.1540
vn -0.2739 0.8578 -0.4350
vn 0.0658 0.5729 0.8170
vn -0.3915 0.2753 0.8780
vn 0.4519 0.1267 0.8830
vn 0.2551 0.1051 0.9612
vn -0.9089 0.3692 0.1940
vn -0.6679 0.3303 0.6669
vn -0.3337 0.4794 0.8117
vn -0.7931 0.1939 0.5774
vn -0.8542 0.1333 0.5026
vn -0.1580 0.0811 0.9841
vn -0.3916 -0.7358 0.5525
vn 0.0060 -0.3685 0.9296
vn 0.7099 -0.3829 0.5911
vn 0.0805 -0.3823 0.9205
vn -0.0522 -0.9766 0.2084
vn 0.5573 -0.8202 0.1292
vn -0.8842 -0.3386 0.3219
vn -0.4614 -0.8243 -0.3282
vn -0.4731 -0.2748 -0.8371
vn -0.8612 -0.4622 -0.2115
vn -0.8806 0.0394 -0.4721
vn -0.8237 0.5081 -0.2515
vn -0.9428 0.1805 0.2803
vn -0.2648 0.3103 0.9130
vn -0.2381 0.9420 0.2367
vn 0.1293 -0.3766 -0.9173
vn -0.3541 0.6870 -0.6346
vn 0.8009 -0.2105 0.5605
vn 0.6287 -0.0481 0.7761
vn -0.9699 0.0898 0.2265
vn -0.9991 0.0212 -0.0369
vn -0.7001 -0.6683 0.2515
vn 0.4505 -0.8928 0.0030
vn 0.7602 -0.5272 -0.3796
vn 0.9450 -0.2203 -0.2416
vn 0.7677 0.2194 -0.6021
vn 0.8335 -0.5413 0.1110
vn -0.6124 0.7566 -0.2292
vn -0.4437 0.8557 -0.2661
vn -0.9660 0.2518 -0.0595
vn -0.5824 0.4946 -0.6452
vn -0.9389 0.3422 -0.0369
vn 0.9920 -0.0529 -0.1144
vn 0.7031 -0.7110 0.0094
vn 0.7477 0.6242 -0.2267
vn 0.1599 0.9623 -0.2199
vn 0.9544 -0.1267 -0.2702
vn 0.5600 0.7174 -0.4145
vn -0.0629 -0.6582 0.7502
vn 0.6640 -0.7025 0.2560
vn 0.2982 -0.7338 0.6104
vn 0.1722 0.0236 0.9848
vn 0.2792 0.3278 -0.9026
vn 0.3202 -0.0689 -0.9448
vn 0.6458 0.0909 0.7580
vn 0.8354 0.1919 0.5150
vn 0.8922 -0.3672 0.2630
vn 0.8148 -0.3773 -0.4401
vn 0.9459 -0.2540 -0.2017
vn -0.9031 -0.1174 0.4130
vn -0.9482 0.2171 0.2320
vn 0.0333 0.5415 0.8401
vn -0.4551 -0.3388 -0.8235
vn -0.9013 0.0782 -0.4260
vn -0.3354 -0.0597 -0.9402
vn 0.3394 -0.3707 -0.8645
vn 0.7268 -0.4028 -0.5564
vn 0.5112 0.7039 0.4931
vn -0.2644 0.8225 0.5036
vn -0.5443 0.7853 0.2950
vn 0.4745 0.5508 0.6867
vn -0.3021 0.3831 0.8729
vn -0.4593 -0.6714 0.5816
vn 0.5689 -0.1036 0.8159
vn -0.9705 -0.1592 -0.1812
vn -0.9824 -0.0620 0.1764
vn 0.3506 0.6501 0.6741
vn 0.5210 0.7827 0.3406
vn -0.5609 0.8197 0.1162
vn 0.8113 -0.4096 0.4172
vn 0.3788 -0.6023 0.7027
vn -0.0022 -0.9815 -0.1915
vn -0.1425 -0.9464 -0.2899
vn -0.4657 -0.4761 0.7460
vn -0.0338 -0.9823 -0.1841
vn -0.1031 0.8632 0.4942
vn -0.4558 0.7261 -0.5148
vn -0.7590 0.0458 -0.6495
vn -0.1860 -0.9657 -0.1811
vn -0.5657 -0.2714 0.7787
vn 0.1295 -0.6824 0.7194
vn -0.4864 -0.4368 -0.7567
vn -0.5671 -0.5835 -0.5813
vn 0.4490 -0.5434 -0.7093
vn 0.2458 -0.9068 0.3424
vn 0.6901 -0.6218 -0.3703
vn 0.4520 -0.6280 -0.6335
vn 0.9462 0.0188 -0.3230
vn 0.7433 0.6669 -0.0530
vn -0.3650 0.8079 0.4626
vn 0.7535 -0.3373 -0.5643
vn -0.1437 0.7840 0.6039
vn 0.8704 -0.3523 -0.3439
vn 0.5566 0.0410 0.8298
vn 0.1905 -0.8997 0.3927
vn -0.6526 -0.2348 0.7204
vn -0.8006 -0.1506 0.5799
vn -0.3806 -0.8343 -0.3990
vn 0.7212 -0.5867 -0.3682
vn 0.2606 -0.6887 0.6766
vn 0.0217 0.1364 0.9904
vn -0.2296 0.2750 0.9336
vn -0.3821 0.3896 0.8380
vn 0.3696 -0.8286 0.4205
vn -0.6457 -0.3344 0.6865
vn -0.2552 -0.3223 0.9116
vn 0.5987 -0.7901 0.1316
vn 0.4197 -0.6269 0.6564
vn 0.4712 -0.8300 -0.2985
vn 0.1148 -0.7763 -0.6198
vn 0.7735 -0.4520 0.4442
vn -0.7813 -0.5093 -0.3608
vn -0.2263 -0.4171 0.8803
vn -0.9010 0.1262 0.4151
vn -0.8714 0.1579 0.4644
vn -0.6018 0.4094 0.6858
vn 0.2075 0.4082 0.8890
vn -0.8719 0.4139 -0.2617
vn -0.9118 0.1970 -0.3604
vn -0.9740 0.2232 0.0386
vn -0.7855 0.3349 0.5204
vn -0.9058 -0.1193 0.4065
vn -0.7089 0.1390 -0.6914
vn -0.9213 0.2293 -0.3140
vn -0.5629 -0.1381 -0.8149
vn -0.1039 -0.1875 -0.9767
vn -0.4336 0.5950 -0.6767
vn -0.8238 0.3819 -0.4189
vn -0.6861 0.0093 -0.7275
vn -0.8534 0.4054 0.3278
vn -0.7618 0.6183 -0.1935
vn -0.6219 0.7724 0.1293
vn -0.4497 0.4737 -0.7572
vn 0.0229 0.5730 -0.8192
vn -0.4146 0.6258 -0.6607
vn -0.8193 -0.0314 -0.5726
vn -0.7350 0.1009 -0.6705
vn -0.5673 0.7010 -0.4321
vn -0.6003 0.7984 0.0463
vn -0.2906 0.8899 0.3517
vn -0.8664 0.2743 -0.4172
vn -0.8909 -0.4407 -0.1098
vn -0.7553 0.5865 -0.2924
vn -0.4610 0.6752 -0.5758
vn -0.4076 0.2778 0.8699
vn -0.1881 0.1347 0.9729
vn -0.4718 0.3516 0.8086
vn -0.0383 0.2039 0.9782
vn -0.7397 0.6717 0.0402
vn -0.8915 0.4516 0.0343
vn -0.7694 0.6387 -0.0046
vn -0.9883 0.0733 -0.1340
vn -0.7545 0.6521 -0.0747
vn 0.4258 0.8972 -0.1171
vn -0.6606 0.7482 -0.0618
vn -0.6826 -0.0761 0.7269
vn -0.3432 0.3931 0.8530
vn -0.4353 0.1618 0.8856
vn -0.0004 -0.2833 0.9590
vn -0.0495 -0.6116 0.7896
vn 0.4707 -0.7639 0.4415
vn 0.2213 -0.5855 0.7798
vn -0.0789 -0.3589 0.9300
vn -0.7071 0.6889 0.1595
vn -0.9089 -0.3711 -0.1901
vn -0.8607 -0.3949 -0.3213
vn -0.3365 -0.4361 -0.8346
vn -0.0918 0.9453 -0.3130
vn -0.3943 0.4342 -0.8099
vn -0.6961 0.7139 0.0757
vn 0.2121 -0.0329 0.9767
vn 0.1465 -0.3422 0.9282
vn 0.1075 -0.4734 0.8742
vn -0.3037 -0.1763 -0.9363
vn 0.2258 -0.0538 -0.9727
vn -0.4265 -0.4314 -0.7950
vn -0.6987 0.1783 -0.6928
vn -0.7777 -0.5334 -0.3328
vn -0.4820 -0.8414 -0.2445
vn -0.6053 0.2752 0.7469
vn -0.6917 -0.6256 0.3607
vn -0.7814 0.1636 -0.6022
vn -0.2734 0.9388 0.2096
vn -0.5796 -0.0086 -0.8148
vn -0.7491 0.1587 -0.6432
vn -0.9497 -0.1969 -0.2436
vn -0.5300 -0.6981 0.4814
vn -0.4521 -0.7297 -0.5130
vn -0.9689 0.2226 -0.1081
vn -0.3600 -0.0933 0.9283
vn -0.1530 -0.1797 -0.9718
vn 0.2499 0.7462 -0.6170
vn 0.0694 0.5917 -0.8032
vn -0.2653 0.6156 0.7420
vn 0.0854 0.6956 0.7133
vn 0.1504 0.9886 0.0067
vn -0.1291 0.9916 0.0064
vn -0.3371 0.8607 -0.3815
vn -0.4768 -0.4857 -0.7326
vn -0.4125 0.1785 0.8933
vn 0.1319 0.9569 -0.2586
vn -0.9851 0.0409 -0.1672
vn -0.5061 0.3323 -0.7959
vn -0.8095 0.0280 -0.5865
vn -0.8932 -0.3722 -0.2525
vn 0.0851 -0.3517 -0.9322
vn -0.4791 0.5074 -0.7162
vn 0.3213 -0.2475 0.9141
vn 0.4864 0.0837 0.8697
vn 0.5074 -0.0988 0.8560
vn -0.8882 0.1200 -0.4435
vn -0.5120 0.3938 -0.7634
vn -0.7590 0.3108 0.5722
vn -0.6625 0.4280 0.6147
vn -0.5619 0.3777 0.7360
vn -0.9964 -0.0828 -0.0166
vn -0.6192 0.1000 -0.7788
vn -0.9163 0.2083 0.3421
vn -0.3834 0.8597 0.3374
vn -0.0795 0.4309 0.8989
vn -0.6567 0.1165 0.7451
vn 0.0402 0.6354 0.7711
vn 0.2000 0.4511 0.8698
vn -0.3467 0.3521 0.8694
vn -0.0764 0.9682 0.2382
vn -0.4784 0.8070 0.3463
vn -0.7864 0.6010 0.1425
vn -0.9742 0.0566 -0.2186
vn -0.9399 -0.1291 -0.3162
vn -0.8394 0.5142 -0.1763
vn -0.2854 0.7473 0.6000
vn -0.5129 0.8389 0.1821
vn 0.2778 0.8528 0.4422
vn 0.4305 0.2361 0.8712
vn 0.6802 0.0183 0.7328
vn 0.8507 0.2432 0.4660
vn -0.7765 0.6241 -0.0869
vn -0.6354 0.7685 0.0747
vn -0.3669 0.8035 0.4688
vn -0.3016 0.9412 -0.1526
vn -0.8634 0.4589 -0.2095
vn -0.1842 0.9540 0.2365
vn -0.8581 -0.5041 0.0977
vn -0.9496 0.3135 -0.0030
vn -0.8167 -0.5503 0.1736
vn -0.2726 -0.7364 -0.6192
vn 0.5909 -0.8068 -0.0014
vn -0.9914 0.0167 -0.1296
vn -0.6309 0.2941 -0.7179
vn -0.8433 -0.5218 -0.1289
vn -0.0724 -0.8646 -0.4972
vn -0.5720 0.4580 -0.6805
vn 0.5583 0.3059 0.7712
vn 0.7274 -0.6269 0.2791
vn -0.0207 -0.9949 -0.0985
vn -0.7649 -0.5550 -0.3269
vn -0.6625 -0.5963 -0.4534
vn 0.4229 -0.9042 0.0597
vn -0.2979 -0.8813 -0.3668
vn -0.4097 -0.8932 -0.1854
vn 0.7915 -0.5353 0.2949
vn 0.6952 -0.6528 -0.3009
vn 0.9875 -0.0137 0.1571
vn 0.7452 0.6613 0.0857
vn -0.4263 0.6445 0.6347
vn -0.9104 0.4021 0.0980
vn 0.1451 0.8174 0.5576
vn -0.7823 0.3709 0.5004
vn -0.3775 0.8623 0.3376
vn 0.9556 -0.0579 0.2890
vn 0.8039 -0.0095 0.5947
vn -0.3173 0.7055 0.6338
vn 0.9526 -0.2195 0.2107
vn -0.0229 -0.7158 0.6979
vn -0.7341 -0.6394 -0.2287
vn 0.9129 0.3675 -0.1776
vn 0.2547 -0.3814 -0.8886
vn -0.8857 -0.4634 0.0293
vn -0.8305 0.5009 -0.2436
vn -0.5563 0.8154 0.1604
vn -0.3835 0.8859 0.2610
vn -0.5452 0.8149 0.1967
vn -0.6389 0.7691 0.0179
vn 0.3694 -0.7475 0.5521
vn 0.1017 -0.9627 0.2506
vn 0.2899 0.1128 0.9504
vn 0.4075 -0.1744 -0.8964
vn 0.1800 -0.6020 -0.7780
vn 0.8900 -0.3582 0.2823
vn -0.2661 -0.5030 0.8223
vn -0.2844 -0.9096 -0.3030
vn -0.4880 -0.6100 -0.6243
vn -0.9332 0.1049 0.3437
vn 0.0689 0.4378 0.8964
vn -0.4920 -0.4570 0.7411
vn 0.9814 0.0568 0.1831
vn 0.9467 -0.0981 0.3068
vn 0.4232 -0.7970 -0.4309
vn -0.3757 -0.3143 -0.8718
vn -0.3087 -0.5316 -0.7887
vn 0.4752 -0.8381 0.2679
vn -0.7176 -0.1777 0.6734
vn -0.3207 -0.6374 0.7006
vn 0.9915 -0.0730 -0.1078
vn 0.2088 -0.7429 -0.6360
vn 0.3269 -0.9082 -0.2614
vn -0.4300 -0.2100 -0.8781
vn -0.7650 -0.1766 0.6194
vn -0.3738 -0.9020 0.2162
vn 0.7619 -0.0321 0.6469
vn 0.7733 -0.2203 -0.5945
vn -0.5003 -0.1208 -0.8574
vn -0.1184 0.3546 -0.9275
vn -0.5174 -0.8449 0.1357
vn -0.9320 -0.1006 -0.3483
vn 0.1027 -0.2392 0.9655
vn 0.5795 0.4787 -0.6596
vn -0.7754 0.5846 -0.2385
vn -0.5620 0.4647 -0.6843
vn -0.9869 -0.0122 -0.1607
vn -0.9367 -0.0453 -0.3472
vn -0.1101 0.7615 0.6387
vn -0.3289 -0.2332 -0.9151
vn -0.5798 0.5828 -0.5693
vn 0.7097 0.6840 -0.1690
vn 0.2458 0.9209 0.3025
vn -0.6179 -0.6217 -0.4814
vn -0.4002 -0.9053 0.1422
vn -0.7220 -0.5099 0.4676
vn -0.4105 -0.1367 0.9016
vn -0.5461 -0.2140 0.8099
vn -0.2233 -0.6881 0.6904
vn -0.4968 -0.0603 0.8658
vn -0.5773 -0.7705 0.2703
vn -0.5945 0.2510 0.7639
vn -0.4881 -0.5676 0.6630
vn -0.8706 -0.2618 0.4166
vn -0.8970 0.4079 0.1703
vn -0.5630 -0.0323 -0.8258
vn -0.3625 -0.7978 -0.4818
vn 0.8458 -0.1785 0.5027
vn 0.1137 0.3948 0.9117
vn 0.0603 0.4003 0.9144
vn -0.8214 -0.4275 0.3775
vn 0.2056 0.2085 -0.9562
vn -0.5147 -0.6225 -0.5896
vn -0.1059 0.8007 0.5896
vn -0.5051 0.8630 0.0038
vn 0.1055 0.9446 0.3109
vn -0.9900 0.0262 0.1385
vn -0.5420 0.4619 0.7020
vn 0.8036 -0.4443 0.3959
vn 0.3869 -0.6132 -0.6887
vn 0.7755 -0.2895 -0.5611
vn 0.9096 -0.2644 -0.3206
vn 0.8344 -0.0528 0.5486
vn -0.5188 -0.8297 0.2059
vn -0.3354 -0.7628 -0.5528
vn 0.3407 -0.5598 0.7554
vn 0.4252 0.4204 0.8015
vn -0.1249 -0.9872 -0.0994
vn 0.5746 0.3490 0.7403
vn 0.9358 -0.2191 0.2763
vn 0.9700 -0.0344 0.2405
vn 0.9193 0.1403 0.3676
vn 0.7069 -0.2383 0.6659
vn 0.7292 0.1718 0.6624
vn 0.9004 -0.3339 0.2787
vn 0.8550 -0.3121 0.4142
vn 0.4210 0.4473 0.7891
vn 0.5930 0.2223 0.7739
vn -0.0893 -0.2385 0.9670
vn -0.0640 -0.0907 0.9938
vn 0.9175 0.2973 0.2642
vn 0.9146 0.3078 0.2622
vn 0.4713 0.0487 0.8806
vn 0.3616 -0.4254 0.8296
vn 0.7049 -0.6542 0.2741
vn -0.3459 -0.5993 0.7219
vn 0.3065 -0.4388 0.8447
vn -0.2505 -0.9495 0.1890
vn 0.3653 -0.9086 0.2027
vn 0.9855 -0.1693 -0.0074
vn -0.5376 -0.7739 0.3348
vn 0.7189 -0.5972 -0.3557
vn 0.7129 -0.2223 -0.6650
vn 0.4068 0.0665 -0.9111
vn -0.0290 -0.6099 -0.7920
vn 0.7948 0.3294 -0.5096
vn 0.9023 0.4304 0.0255
vn 0.8260 0.5624 0.0387
vn 0.1614 0.3732 -0.9136
vn -0.5016 -0.1419 -0.8534
vn -0.3097 -0.4872 0.8165
vn -0.6714 -0.6291 0.3917
vn 0.9228 0.3332 -0.1932
vn 0.9025 -0.4306 0.0101
vn 0.9564 -0.1951 -0.2175
vn -0.8376 -0.4876 -0.2465
vn -0.9475 -0.3140 0.0602
vn -0.9799 -0.0277 -0.1977
vn -0.2898 0.5629 -0.7741
vn -0.3951 0.8817 -0.2579
vn 0.5754 0.6750 -0.4618
vn 0.8122 0.4514 -0.3697
vn 0.0789 0.8878 -0.4533
vn 0.7440 0.5459 -0.3852
vn 0.2537 0.4707 -0.8450
vn 0.9875 0.1394 0.0735
vn -0.7705 -0.5999 0.2156
vn -0.9271 0.3747 0.0106
vn -0.9138 -0.4061 -0.0009
vn -0.8245 0.4918 -0.2799
vn 0.4022 -0.9114 0.0868
vn 0.4007 -0.5052 0.7643
vn -0.2159 -0.7983 0.5622
vn -0.5965 0.0954 -0.7970
vn -0.5019 -0.3438 -0.7937
vn -0.6431 -0.4478 0.6213
vn -0.6911 -0.2032 0.6936
vn -0.8298 -0.5579 -0.0149
vn -0.8594 -0.3843 0.3374
vn -0.1049 0.2946 0.9498
vn 0.6191 0.5253 0.5838
vn 0.8787 0.4234 -0.2204
vn 0.3930 0.0385 -0.9187
vn -0.4669 -0.5799 -0.6676
vn -0.7097 -0.6757 -0.1996
vn 0.4496 0.7999 0.3975
vn -0.1074 0.8071 0.5806
vn 0.4982 0.8670 -0.0152
vn -0.4279 0.6941 0.5790
vn 0.5908 0.8068 -0.0024
vn 0.5535 0.2571 0.7922
vn -0.3971 -0.1609 0.9036
vn 0.5363 -0.7485 0.3900
vn 0.9321 -0.1456 -0.3315
vn -0.4165 0.6910 0.5908
vn 0.8012 0.0811 0.5929
vn -0.1809 -0.9821 -0.0530
vn -0.7537 -0.4693 0.4601
vn 0.3497 -0.6405 0.6837
vn 0.0039 -0.9450 -0.3270
vn 0.3789 0.7630 -0.5236
vn 0.6032 0.6932 -0.3945
vn 0.0222 -0.3086 -0.9509
vn 0.0468 -0.9723 -0.2288
vn 0.2319 0.8335 0.5015
vn 0.4351 0.6870 -0.5820
vn 0.6708 0.0474 -0.7401
vn 0.6600 -0.2197 0.7184
vn 0.1673 -0.9764 -0.1365
vn -0.0456 -0.7738 0.6318
vn 0.2740 -0.4310 -0.8597
vn 0.2553 -0.4681 -0.8460
vn -0.6279 -0.6656 -0.4033
vn 0.4057 -0.9140 -0.0011
vn 0.0852 -0.9429 0.3221
vn -0.7327 -0.6805 0.0078
vn -0.6438 -0.6813 -0.3484
vn -0.9654 -0.0792 0.2484
vn -0.6454 0.6483 0.4041
vn 0.4837 0.7405 0.4666
vn -0.8387 -0.5220 -0.1554
vn -0.9495 -0.2634 0.1707
vn -0.0511 -0.7994 0.5986
vn -0.0650 0.2404 0.9685
vn 0.9053 -0.2157 0.3659
vn 0.9657 -0.2489 0.0740
vn -0.7739 -0.6325 -0.0310
vn 0.0931 -0.9201 -0.3804
vn 0.0629 0.4069 0.9113
vn 0.4933 0.5028 0.7098
vn 0.7684 -0.5995 -0.2239
vn 0.5459 -0.3358 -0.7676
vn 0.0539 -0.1389 -0.9888
vn -0.5460 0.0869 -0.8333
vn 0.0959 0.1253 -0.9875
vn 0.6317 -0.1107 -0.7673
vn 0.1559 0.3590 -0.9202
vn 0.3496 0.0773 -0.9337
vn 0.0104 0.1344 -0.9909
vn 0.7896 0.2372 -0.5660
vn 0.7491 0.0326 -0.6616
vn -0.3666 0.1242 -0.9220
vn -0.0328 0.3101 -0.9501
vn -0.2662 0.0803 -0.9606
vn 0.1110 0.0715 -0.9912
vn -0.2733 0.7314 -0.6247
vn 0.3961 0.6133 -0.6833
vn 0.6854 0.3444 -0.6416
vn 0.0126 0.1881 -0.9821
vn 0.4757 0.7463 -0.4656
vn -0.4233 0.7151 -0.5562
vn 0.5963 0.1748 -0.7835
vn 0.6922 0.0592 -0.7193
vn 0.1421 0.5035 -0.8522
vn -0.1989 0.8940 -0.4015
vn -0.0336 0.8889 -0.4568
vn 0.4435 0.6716 -0.5935
vn 0.9925 -0.1184 -0.0301
vn 0.8476 0.1019 0.5208
vn 0.8004 0.4474 0.3991
vn 0.8616 0.1091 0.4957
vn 0.5799 -0.7668 0.2753
vn 0.9108 -0.4128 -0.0105
vn 0.3498 -0.4308 -0.8319
vn -0.0542 -0.2986 -0.9528
vn -0.4879 -0.5011 -0.7147
vn -0.4163 0.3797 -0.8261
vn -0.0900 0.9698 -0.2265
vn 0.0554 0.9969 0.0566
vn 0.9319 -0.2803 -0.2300
vn -0.7181 -0.1135 -0.6866
vn -0.9075 -0.1783 -0.3802
vn -0.1893 0.1627 -0.9684
vn -0.0192 -0.7204 -0.6933
vn 0.0871 -0.4965 -0.8637
vn 0.9219 0.2908 -0.2560
vn -0.1889 0.2761 -0.9424
vn 0.7563 -0.4119 -0.5083
vn -0.2097 0.9366 0.2809
vn 0.1603 0.9871 0.0048
vn -0.5196 0.0294 -0.8539
vn -0.1340 0.2259 -0.9649
vn 0.1278 0.0772 -0.9888
vn -0.3439 -0.1996 -0.9175
vn -0.1568 -0.6481 -0.7453
vn 0.6918 -0.4439 -0.5695
vn 0.9924 0.0812 0.0922
vn 0.1941 0.9544 -0.2266
vn -0.7426 -0.2669 -0.6143
vn -0.8522 0.4658 -0.2383
vn -0.7961 0.6049 0.0161
vn 0.4272 0.7553 0.4970
vn 0.5737 0.7931 0.2043
vn -0.2498 0.9329 0.2594
vn -0.1038 0.9944 0.0189
vn -0.3365 -0.4671 -0.8177
vn 0.9292 0.3617 0.0766
vn -0.4714 0.8752 0.1085
vn 0.2799 0.2123 -0.9363
vn -0.2411 -0.0192 -0.9703
vn -0.1009 0.2301 -0.9679
vn -0.3458 0.6916 -0.6341
vn 0.4194 0.4464 -0.7905
vn -0.1758 0.8659 -0.4683
vn 0.5900 0.4719 -0.6551
vn -0.3932 0.6996 -0.5966
vn 0.9386 0.2737 -0.2101
vn 0.4848 0.5271 -0.6980
vn 0.6634 0.6175 -0.4226
vn 0.9027 0.4065 -0.1408
vn 0.2412 0.9512 -0.1923
vn 0.4922 0.7652 0.4151
vn 0.7386 0.4361 0.5141
vn 0.0266 0.9888 0.1467
vn 0.6809 0.5948 -0.4273
vn 0.6990 0.6920 0.1806
vn 0.3176 0.2805 -0.9058
vn 0.3857 0.5343 -0.7522
vn -0.1974 0.2208 -0.9551
vn 0.9929 0.0159 -0.1179
vn 0.9804 0.1742 -0.0922
vn 0.5366 -0.6547 0.5324
vn 0.5397 -0.5785 0.6117
vn 0.7717 -0.0819 0.6307
vn 0.9625 0.0983 0.2527
vn 0.5120 0.4211 -0.7487
vn 0.8550 0.1012 -0.5087
vn 0.7557 0.6283 -0.1849
vn 0.9612 0.2406 0.1349
vn 0.3808 0.8640 -0.3294
vn -0.0321 0.5767 -0.8163
vn -0.4844 0.1563 -0.8607
vn -0.1452 0.0138 -0.9893
vn -0.7920 -0.3848 -0.4740
vn -0.6297 0.0894 -0.7716
vn -0.4334 0.1134 -0.8940
vn -0.3373 -0.1337 -0.9318
vn 0.3401 -0.9403 0.0105
vn 0.4234 -0.2197 -0.8789
vn -0.3239 0.5647 -0.7590
vn -0.2551 0.6323 -0.7315
vn -0.1726 -0.6924 0.7005
vn -0.9733 -0.2008 -0.1114
vn -0.7990 -0.3014 0.5204
vn -0.6643 -0.7049 0.2486
vn -0.8003 -0.0582 -0.5967
vn -0.7621 -0.6445 -0.0615
vn -0.3736 -0.2368 0.8969
vn 0.1663 -0.6029 0.7803
vn 0.3295 0.7909 0.5156
vn 0.8209 0.4138 0.3935
vn 0.6639 0.3825 -0.6426
vn 0.8198 0.0015 -0.5726
vn 0.3841 -0.1297 -0.9141
vn 0.8910 0.4286 -0.1496
vn -0.7020 -0.3305 -0.6308
vn 0.5420 -0.2978 -0.7859
vn 0.2796 -0.4810 0.8309
vn 0.2532 0.2876 0.9237
vn 0.7126 0.3254 -0.6215
vn 0.1009 0.1928 0.9760
vn 0.8930 0.0970 -0.4395
vn 0.2560 -0.8662 0.4293
vn -0.5381 -0.7333 -0.4155
vn -0.9487 -0.0564 0.3112
vn 0.1367 0.8538 0.5024
vn 0.8133 -0.2100 -0.5427
vn 0.6082 0.6941 -0.3850
vn 0.3890 -0.4239 -0.8179
vn 0.4879 0.8618 0.1390
vn 0.2267 0.9247 0.3057
vn 0.6324 0.7526 0.1835
vn 0.5975 0.7987 0.0715
vn 0.1278 -0.7663 0.6297
vn -0.3947 -0.5350 0.7470
vn -0.9973 -0.0704 0.0206
vn -0.9673 -0.1363 0.2139
vn 0.7122 -0.6161 0.3365
vn 0.0449 -0.3772 0.9250
vn 0.5736 -0.8102 -0.1210
vn -0.3810 -0.9176 0.1137
vn 0.9969 0.0769 -0.0168
vn 0.2751 -0.3718 -0.8866
vn 0.5058 -0.7779 -0.3730
vn 0.2257 0.3772 0.8982
vn 0.4053 0.0994 0.9088
vn -0.4791 -0.5908 0.6492
vn -0.9651 -0.1808 -0.1894
vn -0.4854 -0.6814 0.5477
vn 0.8559 -0.5156 -0.0392
vn 0.0836 -0.5622 -0.8228
vn -0.4768 -0.8719 -0.1114
vn 0.3443 0.3839 0.8568
vn -0.1806 -0.3204 0.9299
vn -0.3689 -0.7250 0.5816
vn -0.7256 0.6236 0.2909
vn -0.9556 0.2686 -0.1214
vn 0.3578 -0.7741 -0.5223
vn 0.6659 -0.0059 0.7460
vn -0.2229 -0.9645 0.1417
vn -0.4021 0.5181 0.7549
vn -0.7587 0.3952 -0.5178
vn -0.8714 -0.0655 -0.4862
vn 0.8783 0.3284 -0.3475
vn 0.8668 0.4983 -0.0166
vn -0.1546 0.7485 0.6449
vn 0.8307 0.5004 -0.2439
vn 0.4879 0.0001 -0.8729
vn 0.2092 0.8245 -0.5257
vn -0.9464 0.1924 -0.2593
vn 0.7638 -0.5269 -0.3729
vn 0.7608 0.6023 0.2418
vn 0.5810 0.3415 -0.7388
vn 0.7546 -0.5292 -0.3879
vn 0.6453 0.1439 0.7502
vn -0.4327 0.1279 0.8924
vn -0.6756 -0.6267 0.3883
vn -0.3408 0.3881 0.8563
vn 0.8599 0.1054 0.4995
vn -0.1715 0.1346 -0.9759
vn 0.8500 -0.1929 -0.4903
vn -0.4247 0.6847 0.5923
vn -0.0863 0.9955 0.0402
vn -0.5741 0.7934 0.2023
vn -0.4738 -0.7937 0.3816
vn -0.4464 -0.5832 -0.6787
vn -0.5748 -0.7409 -0.3474
vn 0.7645 -0.5070 -0.3981
vn 0.2957 -0.2641 -0.9181
vn -0.3495 -0.8167 -0.4591
vn 0.4309 -0.6401 -0.6361
vn 0.4646 -0.6192 -0.6330
vn -0.1346 0.2807 0.9503
vn 0.2290 0.5878 0.7759
vn -0.7897 0.1889 -0.5837
vn -0.3853 0.3501 -0.8538
vn 0.0602 0.3864 0.9204
vn -0.5918 0.4392 0.6759
vn -0.6773 0.7355 -0.0170
vn -0.7675 -0.5691 -0.2951
vn -0.5533 0.4875 -0.6754
vn -0.7912 -0.2232 -0.5694
vn -0.7914 0.6096 -0.0456
vn -0.3015 0.9083 -0.2899
vn -0.5023 0.8309 -0.2396
vn -0.3716 0.8935 -0.2521
vn -0.5405 0.8097 -0.2284
vn -0.6517 0.6710 -0.3536
vn -0.6836 0.6741 0.2798
vn -0.5761 0.6420 0.5059
vn -0.9028 0.3782 0.2046
vn -0.1580 0.9086 0.3866
vn -0.0145 0.6305 0.7760
vn -0.3573 0.9172 -0.1764
vn -0.6891 0.5527 -0.4687
vn -0.4505 0.8897 0.0748
vn -0.4335 0.8992 0.0592
vn 0.6776 0.5484 0.4900
vn 0.8610 0.3174 0.3974
vn 0.7878 0.5050 0.3525
vn 0.2872 0.4795 -0.8292
vn 0.7410 0.6489 0.1727
vn 0.2078 -0.5366 -0.8179
vn -0.2497 -0.3627 -0.8978
vn 0.0176 0.8548 -0.5186
vn -0.2773 0.9030 -0.3283
vn -0.1458 0.8736 -0.4643
vn -0.1824 0.9103 -0.3715
vn -0.2075 0.7479 -0.6305
vn 0.4892 0.7393 -0.4627
vn 0.1383 0.9091 -0.3930
vn 0.7469 0.6562 -0.1077
vn 0.0803 0.8977 -0.4333
vn -0.3339 0.8934 -0.3007
vn 0.4678 0.7431 -0.4785
vn -0.1178 0.8909 -0.4387
vn 0.3592 0.9323 0.0416
vn 0.1203 0.8976 0.4241
vn 0.8765 -0.1547 -0.4559
vn 0.2619 -0.2678 -0.9272
vt 0.691479 0.212705
vt 0.670361 0.192066
vt 0.636080 0.191459
vt 0.611584 0.259104
vt 0.617667 0.066874
vt 0.562000 0.130000
vt 0.590480 0.207087
vt 0.650446 0.161204
vt 0.720491 0.207735
vt 0.708149 0.181955
vt 0.698788 0.244800
vt 0.752851 0.226263
vt 0.628645 0.322009
vt 0.732809 0.260724
vt 0.715768 0.136796
vt 0.737337 0.159739
vt 0.578000 0.291000
vt 0.700086 0.066705
vt 0.748169 0.058239
vt 0.677565 0.040482
vt 0.730920 0.010760
vt 0.275000 0.976000
vt 0.334207 0.987534
vt 0.322000 0.987000
vt 0.240235 0.986882
vt 0.288101 0.655131
vt 0.349139 0.729318
vt 0.314467 0.628994
vt 0.579635 0.748977
vt 0.595607 0.686997
vt 0.647485 0.788662
vt 0.549163 0.772930
vt 0.615199 0.835382
vt 0.571191 0.697866
vt 0.537385 0.698696
vt 0.555902 0.684908
vt 0.570584 0.681974
vt 0.559657 0.652433
vt 0.579952 0.658122
vt 0.612787 0.659763
vt 0.584560 0.647241
vt 0.560081 0.628925
vt 0.594805 0.631725
vt 0.529369 0.663529
vt 0.456349 0.850245
vt 0.497122 0.842587
vt 0.487618 0.892731
vt 0.525000 0.846000
vt 0.501345 0.744670
vt 0.577254 0.846085
vt 0.636502 0.816805
vt 0.642910 0.817983
vt 0.468811 0.780599
vt 0.492979 0.755932
vt 0.660307 0.752777
vt 0.652183 0.764218
vt 0.510440 0.716253
vt 0.386000 0.562000
vt 0.430575 0.529712
vt 0.417045 0.607418
vt 0.388000 0.597000
vt 0.423000 0.813000
vt 0.431000 0.768000
vt 0.448539 0.722211
vt 0.467335 0.752859
vt 0.437120 0.698405
vt 0.648703 0.642436
vt 0.425000 0.499000
vt 0.463962 0.469139
vt 0.489096 0.488920
vt 0.506631 0.436291
vt 0.515395 0.454826
vt 0.366981 0.420012
vt 0.371155 0.459513
vt 0.331406 0.435459
vt 0.351000 0.404000
vt 0.299904 0.430050
vt 0.445380 0.426904
vt 0.413164 0.476822
vt 0.500704 0.367298
vt 0.482108 0.420165
vt 0.492284 0.614129
vt 0.520265 0.549626
vt 0.537048 0.562910
vt 0.395000 0.801000
vt 0.667180 0.818792
vt 0.691916 0.776389
vt 0.550000 0.583000
vt 0.528000 0.603000
vt 0.498241 0.415494
vt 0.515660 0.400128
vt 0.545297 0.558506
vt 0.606825 0.534828
vt 0.584941 0.550176
vt 0.615593 0.557733
vt 0.589632 0.564878
vt 0.629749 0.563761
vt 0.541114 0.491817
vt 0.598428 0.466449
vt 0.623000 0.507429
vt 0.555000 0.509000
vt 0.629113 0.420056
vt 0.599852 0.439000
vt 0.593233 0.414990
vt 0.590890 0.391621
vt 0.554000 0.364000
vt 0.742755 0.664550
vt 0.734743 0.685951
vt 0.723282 0.664753
vt 0.733000 0.642000
vt 0.706489 0.615227
vt 0.704508 0.600485
vt 0.713846 0.608461
vt 0.693038 0.634366
vt 0.709625 0.684673
vt 0.671976 0.500867
vt 0.680000 0.507000
vt 0.681000 0.514000
vt 0.661417 0.532362
vt 0.682121 0.477457
vt 0.694000 0.494000
vt 0.735114 0.613678
vt 0.781252 0.656237
vt 0.766000 0.677000
vt 0.681238 0.675570
vt 0.674984 0.635734
vt 0.742406 0.600687
vt 0.770904 0.631141
vt 0.692699 0.606723
vt 0.387457 0.495715
vt 0.390936 0.522758
vt 0.695000 0.697000
vt 0.679000 0.699000
vt 0.793000 0.639000
vt 0.852726 0.717121
vt 0.869612 0.743033
vt 0.843077 0.723786
vt 0.812721 0.692948
vt 0.798725 0.683767
vt 0.814664 0.673186
vt 0.864447 0.694710
vt 0.829732 0.730781
vt 0.813555 0.731111
vt 0.826256 0.666130
vt 0.840322 0.773517
vt 0.636944 0.399118
vt 0.746000 0.415000
vt 0.719372 0.425163
vt 0.733000 0.401000
vt 0.711000 0.392000
vt 0.696041 0.453068
vt 0.678008 0.400218
vt 0.817000 0.772000
vt 0.655958 0.559292
vt 0.648000 0.573000
vt 0.682413 0.572368
vt 0.685568 0.535374
vt 0.685000 0.525000
vt 0.913000 0.704000
vt 0.887000 0.717000
vt 0.616885 0.597470
vt 0.612805 0.573042
vt 0.577863 0.596513
vt 0.717705 0.750861
vt 0.737774 0.742536
vt 0.743528 0.756406
vt 0.784161 0.746076
vt 0.781497 0.729181
vt 0.796600 0.731831
vt 0.774571 0.720027
vt 0.727676 0.728371
vt 0.793803 0.759295
vt 0.757005 0.772413
vt 0.727497 0.714626
vt 0.758607 0.704000
vt 0.757000 0.794000
vt 0.740000 0.793000
vt 0.703000 0.714000
vt 0.700000 0.733000
vt 0.026930 0.677091
vt 0.016825 0.614628
vt 0.006000 0.629955
vt 0.006000 0.694000
vt 0.056236 0.733582
vt 0.046496 0.746283
vt 0.638539 0.854693
vt 0.007902 0.545923
vt 0.204189 0.941189
vt 0.264000 0.917000
vt 0.239941 0.874512
vt 0.282890 0.887284
vt 0.268000 0.756000
vt 0.236000 0.767000
vt 0.194985 0.661772
vt 0.203000 0.715000
vt 0.165000 0.659000
vt 0.151327 0.580112
vt 0.133151 0.576503
vt 0.119411 0.522585
vt 0.334396 0.806816
vt 0.314000 0.767000
vt 0.286452 0.724709
vt 0.201000 0.637000
vt 0.337770 0.859370
vt 0.344557 0.848855
vt 0.363000 0.821000
vt 0.327727 0.882098
vt 0.333456 0.898425
vt 0.368340 0.785231
vt 0.355579 0.777386
vt 0.377000 0.783000
vt 0.351867 0.777888
vt 0.383259 0.810910
vt 0.321853 0.934244
vt 0.376060 0.838801
vt 0.379758 0.850862
vt 0.342754 0.878949
vt 0.376020 0.892037
vt 0.376435 0.876290
vt 0.395676 0.844709
vt 0.385000 0.871000
vt 0.407734 0.883976
vt 0.376074 0.909404
vt 0.332641 0.744968
vt 0.255634 0.679407
vt 0.207284 0.633858
vt 0.161445 0.577622
vt 0.342718 0.759361
vt 0.372000 0.939000
vt 0.385833 0.925828
vt 0.419000 0.914000
vt 0.046574 0.799064
vt 0.048636 0.817488
vt 0.056000 0.769073
vt 0.041583 0.765719
vt 0.569043 0.899000
vt 0.558648 0.902281
vt 0.542970 0.911743
vt 0.534881 0.912268
vt 0.550853 0.931726
vt 0.529206 0.935879
vt 0.523401 0.929681
vt 0.374205 0.376664
vt 0.413672 0.362368
vt 0.415917 0.311181
vt 0.372729 0.337853
vt 0.357000 0.348000
vt 0.432000 0.356000
vt 0.119397 0.195740
vt 0.144270 0.227846
vt 0.133001 0.232017
vt 0.098000 0.201000
vt 0.375270 0.297127
vt 0.394773 0.207590
vt 0.376550 0.241020
vt 0.378069 0.185189
vt 0.410987 0.953244
vt 0.438000 0.941000
vt 0.395000 0.986000
vt 0.370742 0.961975
vt 0.376000 0.973000
vt 0.485800 0.052432
vt 0.493450 0.083817
vt 0.521000 0.069000
vt 0.355000 0.382000
vt 0.091529 0.924688
vt 0.107103 0.969511
vt 0.120739 0.951393
vt 0.476700 0.352345
vt 0.476396 0.293087
vt 0.532485 0.158143
vt 0.548000 0.208000
vt 0.567096 0.197686
vt 0.786000 0.610000
vt 0.815436 0.623303
vt 0.835930 0.591101
vt 0.849786 0.611245
vt 0.889424 0.663336
vt 0.911000 0.637000
vt 0.924160 0.573077
vt 0.917184 0.557705
vt 0.897351 0.559116
vt 0.907973 0.567485
vt 0.859174 0.650300
vt 0.826088 0.633434
vt 0.870000 0.675000
vt 0.939198 0.496085
vt 0.886747 0.515380
vt 0.908704 0.533083
vt 0.902000 0.477000
vt 0.862368 0.506706
vt 0.786109 0.462806
vt 0.799000 0.492000
vt 0.818545 0.450673
vt 0.867331 0.465992
vt 0.818577 0.514944
vt 0.833924 0.474549
vt 0.872000 0.434000
vt 0.868000 0.411000
vt 0.769809 0.448032
vt 0.755159 0.550082
vt 0.786094 0.566494
vt 0.776498 0.553820
vt 0.803788 0.583699
vt 0.760752 0.590900
vt 0.818368 0.374984
vt 0.798000 0.378000
vt 0.959756 0.984556
vt 0.969098 0.914197
vt 0.971534 0.911204
vt 0.928000 0.961000
vt 0.921525 0.928890
vt 0.908312 0.901963
vt 0.971765 0.893372
vt 0.040945 0.909782
vt 0.006000 0.964208
vt 0.060651 0.852031
vt 0.006000 0.834799
vt 0.943889 0.656668
vt 0.981798 0.596241
vt 0.932000 0.645000
vt 0.845000 0.391000
vt 0.257832 0.127878
vt 0.261062 0.142560
vt 0.245023 0.123765
vt 0.234696 0.036024
vt 0.255550 0.046279
vt 0.249571 0.063293
vt 0.263691 0.092472
vt 0.231000 0.101000
vt 0.223000 0.076000
vt 0.190000 0.114000
vt 0.155916 0.105031
vt 0.224144 0.128243
vt 0.211999 0.145500
vt 0.232308 0.148975
vt 0.245137 0.252060
vt 0.288731 0.234081
vt 0.283437 0.285097
vt 0.254207 0.304195
vt 0.207290 0.258405
vt 0.223000 0.308896
vt 0.209097 0.343068
vt 0.178229 0.250021
vt 0.170495 0.293103
vt 0.189457 0.356758
vt 0.271107 0.188599
vt 0.245121 0.188418
vt 0.207701 0.188493
vt 0.235000 0.351000
vt 0.253718 0.354997
vt 0.239797 0.440268
vt 0.267429 0.428187
vt 0.266528 0.448258
vt 0.279608 0.385344
vt 0.322224 0.228481
vt 0.493532 0.231309
vt 0.488000 0.201000
vt 0.481000 0.203000
vt 0.476009 0.209152
vt 0.388146 0.069400
vt 0.409559 0.053853
vt 0.422384 0.077169
vt 0.351000 0.217000
vt 0.335126 0.254872
vt 0.359210 0.255517
vt 0.306000 0.191000
vt 0.320458 0.183032
vt 0.981452 0.601618
vt 0.984000 0.660000
vt 0.964210 0.555016
vt 0.976235 0.541434
vt 0.147365 0.194248
vt 0.157441 0.214012
vt 0.157534 0.348688
vt 0.319410 0.347191
vt 0.291277 0.345753
vt 0.296597 0.313990
vt 0.336131 0.310304
vt 0.318000 0.294000
vt 0.355000 0.272000
vt 0.287286 0.435385
vt 0.160338 0.451186
vt 0.168142 0.391092
vt 0.183236 0.445414
vt 0.198939 0.428983
vt 0.211044 0.452486
vt 0.126179 0.369602
vt 0.116899 0.329342
vt 0.266028 0.513374
vt 0.294766 0.485535
vt 0.242584 0.512790
vt 0.285554 0.514747
vt 0.229035 0.544099
vt 0.208009 0.545334
vt 0.213996 0.506049
vt 0.211096 0.570735
vt 0.195623 0.571852
vt 0.197034 0.591703
vt 0.218587 0.579851
vt 0.199411 0.488209
vt 0.189138 0.477092
vt 0.420606 0.220585
vt 0.266673 0.163417
vt 0.248245 0.159223
vt 0.238981 0.179516
vt 0.226293 0.170731
vt 0.215193 0.167312
vt 0.253031 0.538252
vt 0.989074 0.289817
vt 0.991497 0.323465
vt 0.982462 0.320903
vt 0.990030 0.343602
vt 0.971000 0.257000
vt 0.989930 0.222028
vt 0.210474 0.518701
vt 0.191422 0.512395
vt 0.179626 0.501540
vt 0.157469 0.512260
vt 0.157860 0.530656
vt 0.174434 0.531996
vt 0.172044 0.479717
vt 0.921608 0.076000
vt 0.969276 0.078783
vt 0.967957 0.090695
vt 0.939000 0.088000
vt 0.987021 0.091601
vt 0.925000 0.090000
vt 0.960000 0.205000
vt 0.989029 0.207019
vt 0.281294 0.548770
vt 0.272935 0.550734
vt 0.287457 0.588336
vt 0.262768 0.560327
vt 0.280092 0.595719
vt 0.293523 0.607867
vt 0.299156 0.589475
vt 0.960755 0.286447
vt 0.945721 0.332595
vt 0.937232 0.329593
vt 0.935222 0.346020
vt 0.949000 0.279000
vt 0.953000 0.248000
vt 0.296000 0.548000
vt 0.302149 0.530458
vt 0.314768 0.518660
vt 0.325377 0.529558
vt 0.339841 0.548954
vt 0.349456 0.540471
vt 0.313468 0.497819
vt 0.924940 0.266852
vt 0.914145 0.277189
vt 0.926657 0.220802
vt 0.943805 0.214827
vt 0.928257 0.195568
vt 0.327202 0.509687
vt 0.300107 0.461884
vt 0.514994 0.309978
vt 0.325245 0.488239
vt 0.340701 0.486478
vt 0.343143 0.494890
vt 0.358503 0.483734
vt 0.321720 0.474605
vt 0.342989 0.473899
vt 0.903674 0.221222
vt 0.883442 0.242347
vt 0.896118 0.214226
vt 0.910342 0.194167
vt 0.919454 0.156639
vt 0.180976 0.061809
vt 0.217610 0.058869
vt 0.108000 0.087000
vt 0.142635 0.079555
vt 0.953000 0.836000
vt 0.955040 0.818476
vt 0.934000 0.863000
vt 0.075927 0.653185
vt 0.055737 0.622784
vt 0.090000 0.585000
vt 0.105603 0.695722
vt 0.082329 0.723336
vt 0.100648 0.750738
vt 0.061820 0.677864
vt 0.116922 0.725170
vt 0.146327 0.673287
vt 0.126357 0.613757
vt 0.163848 0.692030
vt 0.134000 0.738000
vt 0.161000 0.043000
vt 0.176000 0.031000
vt 0.851444 0.070499
vt 0.811524 0.172248
vt 0.877182 0.206752
vt 0.750295 0.205712
vt 0.759824 0.183355
vt 0.783802 0.212468
vt 0.861388 0.854872
vt 0.845472 0.816689
vt 0.903021 0.807093
vt 0.856714 0.267496
vt 0.833117 0.191694
vt 0.839506 0.319604
vt 0.766501 0.137864
vt 0.736469 0.936813
vt 0.801000 0.920000
vt 0.826165 0.949012
vt 0.747154 0.971221
vt 0.610494 0.919571
vt 0.653694 0.917510
vt 0.724421 0.897288
vt 0.791263 0.871868
vt 0.186136 0.785492
vt 0.220000 0.794000
vt 0.238700 0.837799
vt 0.192093 0.900498
vt 0.183294 0.739968
vt 0.149480 0.865149
vt 0.165092 0.785176
vt 0.114853 0.867284
vt 0.143926 0.780221
vt 0.973224 0.692503
vt 0.950092 0.763414
vt 0.950892 0.705235
vt 0.415889 0.655141
vt 0.372036 0.677913
vt 0.350920 0.729347
vt 0.389675 0.623623
vt 0.748177 0.863399
vt 0.756000 0.817000
vt 0.790000 0.811000
vt 0.783327 0.849885
vt 0.893478 0.930825
vt 0.864000 0.975000
vt 0.678810 0.875390
vt 0.674044 0.824979
vt 0.711016 0.866248
vt 0.608856 0.915020
vt 0.134715 0.055921
vt 0.146452 0.078789
vt 0.779303 0.063426
vt 0.768415 0.027913
vt 0.909441 0.404346
vt 0.982458 0.370908
vt 0.902245 0.384103
vt 0.014645 0.121890
vt 0.025823 0.119677
vt 0.031017 0.188111
vt 0.062202 0.227678
vt 0.014000 0.225000
vt 0.014000 0.037912
vt 0.027967 0.048900
vt 0.014000 0.260000
vt 0.054220 0.256054
vt 0.098418 0.416748
vt 0.126774 0.437736
vt 0.116612 0.456243
vt 0.048346 0.400005
vt 0.068311 0.454011
vt 0.014000 0.455585
vt 0.084543 0.379010
vt 0.014000 0.325842
vt 0.069646 0.345969
vt 0.572104 0.701171
vt 0.593870 0.776832
vt 0.648854 0.789295
vt 0.598859 0.690802
vt 0.555857 0.684878
vt 0.531197 0.706201
vt 0.570539 0.681960
vt 0.579969 0.658120
vt 0.559680 0.652423
vt 0.612073 0.659764
vt 0.584604 0.647237
vt 0.594285 0.631229
vt 0.560775 0.626041
vt 0.529315 0.663658
vt 0.639469 0.635823
vt 0.454000 0.857000
vt 0.485643 0.887654
vt 0.497555 0.830468
vt 0.463229 0.826133
vt 0.524574 0.841802
vt 0.563000 0.844000
vt 0.551798 0.779895
vt 0.499000 0.775000
vt 0.468765 0.772765
vt 0.652349 0.764696
vt 0.662314 0.746399
vt 0.502149 0.713783
vt 0.416430 0.606256
vt 0.444204 0.551824
vt 0.415733 0.809886
vt 0.447842 0.724041
vt 0.460000 0.745000
vt 0.408882 0.743884
vt 0.437898 0.697153
vt 0.364206 0.448835
vt 0.383220 0.482795
vt 0.413150 0.476770
vt 0.429848 0.509920
vt 0.489033 0.488972
vt 0.463415 0.469835
vt 0.515235 0.454742
vt 0.507865 0.435590
vt 0.507396 0.511223
vt 0.358846 0.411687
vt 0.331513 0.435316
vt 0.300284 0.429852
vt 0.444692 0.426990
vt 0.483446 0.758011
vt 0.500092 0.367810
vt 0.481830 0.420464
vt 0.478000 0.587000
vt 0.520935 0.549049
vt 0.513838 0.606954
vt 0.537137 0.562826
vt 0.685721 0.783786
vt 0.706000 0.767000
vt 0.498131 0.415421
vt 0.515564 0.400051
vt 0.615279 0.557158
vt 0.584296 0.547213
vt 0.589961 0.564509
vt 0.629757 0.563585
vt 0.621687 0.524188
vt 0.538000 0.492000
vt 0.598585 0.491564
vt 0.596125 0.466497
vt 0.597216 0.426358
vt 0.592789 0.392210
vt 0.661618 0.500493
vt 0.680619 0.511333
vt 0.682465 0.500211
vt 0.759844 0.674022
vt 0.739482 0.658878
vt 0.723206 0.666678
vt 0.733006 0.687122
vt 0.706530 0.615314
vt 0.714509 0.609020
vt 0.704520 0.600481
vt 0.694763 0.635182
vt 0.661465 0.532248
vt 0.698483 0.486235
vt 0.769188 0.634626
vt 0.734163 0.612473
vt 0.782369 0.657194
vt 0.674878 0.636194
vt 0.681018 0.674579
vt 0.742901 0.600829
vt 0.692691 0.606730
vt 0.392130 0.522609
vt 0.675548 0.471389
vt 0.628771 0.419885
vt 0.853892 0.717926
vt 0.843369 0.724159
vt 0.863000 0.747000
vt 0.885738 0.722681
vt 0.812877 0.692845
vt 0.814797 0.673268
vt 0.798656 0.684009
vt 0.868214 0.696986
vt 0.814192 0.732384
vt 0.829352 0.730116
vt 0.826484 0.666151
vt 0.840935 0.772597
vt 0.637596 0.399292
vt 0.719129 0.421694
vt 0.718000 0.446000
vt 0.741000 0.453197
vt 0.694207 0.452921
vt 0.678042 0.400072
vt 0.656120 0.559301
vt 0.682117 0.572770
vt 0.685770 0.534264
vt 0.617450 0.597427
vt 0.613295 0.572688
vt 0.579631 0.596579
vt 0.784159 0.746026
vt 0.796594 0.731803
vt 0.781584 0.729125
vt 0.774717 0.720027
vt 0.727526 0.728428
vt 0.731638 0.745101
vt 0.757338 0.773065
vt 0.793621 0.759568
vt 0.758243 0.704000
vt 0.727625 0.714594
vt 0.741433 0.756971
vt 0.641758 0.816532
vt 0.633618 0.826303
vt 0.659000 0.833000
vt 0.639327 0.858633
vt 0.271828 0.905433
vt 0.213000 0.950000
vt 0.289000 0.825000
vt 0.226000 0.700000
vt 0.183000 0.647000
vt 0.312357 0.764147
vt 0.334804 0.811462
vt 0.338190 0.859438
vt 0.344566 0.848932
vt 0.327686 0.882274
vt 0.332321 0.898156
vt 0.368000 0.783277
vt 0.315929 0.932551
vt 0.376080 0.838746
vt 0.376119 0.850173
vt 0.375232 0.869997
vt 0.382678 0.875179
vt 0.376724 0.892207
vt 0.342737 0.879155
vt 0.379349 0.909065
vt 0.372315 0.948604
vt 0.385864 0.925650
vt 0.560798 0.900444
vt 0.534889 0.912451
vt 0.542481 0.912429
vt 0.523750 0.930450
vt 0.520079 0.932699
vt 0.550361 0.933038
vt 0.372895 0.377391
vt 0.415406 0.331000
vt 0.397000 0.365000
vt 0.358989 0.346508
vt 0.416000 0.362000
vt 0.118838 0.195488
vt 0.148765 0.247541
vt 0.149123 0.217151
vt 0.387344 0.239914
vt 0.364000 0.236000
vt 0.377599 0.187303
vt 0.392039 0.168839
vt 0.412409 0.951437
vt 0.368373 0.967280
vt 0.382632 0.962547
vt 0.487358 0.052760
vt 0.506000 0.088000
vt 0.491000 0.083000
vt 0.473657 0.299989
vt 0.470000 0.350000
vt 0.531000 0.162000
vt 0.835803 0.590676
vt 0.814879 0.623145
vt 0.849937 0.611375
vt 0.889192 0.673573
vt 0.917091 0.558329
vt 0.924042 0.573838
vt 0.897025 0.559884
vt 0.870656 0.622299
vt 0.907658 0.567774
vt 0.858000 0.651135
vt 0.826599 0.633051
vt 0.936000 0.481000
vt 0.937851 0.499185
vt 0.910422 0.532772
vt 0.885272 0.516196
vt 0.858379 0.509897
vt 0.786186 0.462597
vt 0.818573 0.450477
vt 0.818328 0.514856
vt 0.868960 0.466360
vt 0.833907 0.474491
vt 0.755158 0.550085
vt 0.770510 0.446660
vt 0.786091 0.566498
vt 0.776490 0.553830
vt 0.803787 0.583700
vt 0.760764 0.590900
vt 0.922327 0.934651
vt 0.944390 0.654787
vt 0.932966 0.643897
vt 0.982247 0.601698
vt 0.268522 0.052858
vt 0.259179 0.061320
vt 0.286825 0.074072
vt 0.256600 0.027790
vt 0.277000 0.011000
vt 0.255275 0.032969
vt 0.266000 0.048432
vt 0.236773 0.033380
vt 0.255860 0.045393
vt 0.252651 0.077545
vt 0.226207 0.086020
vt 0.265286 0.097720
vt 0.216510 0.136315
vt 0.165740 0.096020
vt 0.265973 0.158329
vt 0.257576 0.130583
vt 0.233168 0.144209
vt 0.274065 0.249139
vt 0.254251 0.304407
vt 0.279489 0.283149
vt 0.197335 0.261791
vt 0.209451 0.303741
vt 0.170106 0.249550
vt 0.177000 0.311000
vt 0.190451 0.356251
vt 0.209865 0.345888
vt 0.284535 0.208758
vt 0.240969 0.238129
vt 0.245942 0.188682
vt 0.192682 0.179132
vt 0.234172 0.357104
vt 0.248860 0.363466
vt 0.270493 0.359960
vt 0.266166 0.445513
vt 0.291149 0.354996
vt 0.303011 0.273072
vt 0.326871 0.217203
vt 0.491518 0.212962
vt 0.480522 0.241972
vt 0.478954 0.202318
vt 0.379114 0.028727
vt 0.388474 0.070364
vt 0.406854 0.046819
vt 0.421515 0.076560
vt 0.319314 0.182397
vt 0.950919 0.575746
vt 0.965000 0.554000
vt 0.982551 0.595876
vt 0.976882 0.541028
vt 0.950889 0.600388
vt 0.157383 0.343148
vt 0.114000 0.323000
vt 0.117000 0.341000
vt 0.319269 0.348677
vt 0.327000 0.317000
vt 0.300472 0.317403
vt 0.318164 0.294082
vt 0.353042 0.266213
vt 0.160454 0.450127
vt 0.183235 0.445411
vt 0.169775 0.392522
vt 0.207635 0.457987
vt 0.213506 0.440752
vt 0.126462 0.370946
vt 0.112000 0.282000
vt 0.090000 0.293000
vt 0.245211 0.459036
vt 0.266170 0.513072
vt 0.294208 0.490575
vt 0.242369 0.511606
vt 0.291122 0.461350
vt 0.285648 0.515023
vt 0.216305 0.506674
vt 0.208241 0.545106
vt 0.228984 0.544242
vt 0.195604 0.571838
vt 0.210908 0.570867
vt 0.197035 0.591703
vt 0.218717 0.579758
vt 0.189449 0.470746
vt 0.190538 0.500972
vt 0.414120 0.277585
vt 0.374494 0.297661
vt 0.420673 0.222530
vt 0.213623 0.163844
vt 0.235141 0.153059
vt 0.238448 0.179161
vt 0.225959 0.170483
vt 0.253071 0.538279
vt 0.989044 0.289484
vt 0.982407 0.320563
vt 0.991495 0.323442
vt 0.990029 0.343602
vt 0.978867 0.229407
vt 0.217596 0.513681
vt 0.174744 0.495108
vt 0.157244 0.512279
vt 0.195932 0.518260
vt 0.157064 0.531108
vt 0.174210 0.532093
vt 0.940000 0.076000
vt 0.968102 0.090689
vt 0.969542 0.078811
vt 0.987019 0.091605
vt 0.923250 0.081834
vt 0.210000 0.519000
vt 0.172000 0.480000
vt 0.273084 0.551307
vt 0.281322 0.548754
vt 0.289087 0.591753
vt 0.262633 0.560148
vt 0.280145 0.596071
vt 0.293522 0.607868
vt 0.299287 0.589480
vt 0.960881 0.285998
vt 0.937280 0.329276
vt 0.945752 0.332494
vt 0.935223 0.346021
vt 0.951897 0.256548
vt 0.294551 0.532066
vt 0.314774 0.525450
vt 0.316798 0.517642
vt 0.347190 0.535629
vt 0.309324 0.535162
vt 0.345415 0.548636
vt 0.313620 0.497837
vt 0.335000 0.553000
vt 0.328445 0.510397
vt 0.351000 0.529000
vt 0.937855 0.227108
vt 0.926302 0.222667
vt 0.923186 0.258856
vt 0.921957 0.272860
vt 0.914000 0.267000
vt 0.928165 0.195651
vt 0.950000 0.203000
vt 0.917726 0.143037
vt 0.953000 0.158000
vt 0.954000 0.131000
vt 0.287641 0.434388
vt 0.514075 0.306762
vt 0.490000 0.357000
vt 0.325205 0.488318
vt 0.339437 0.496070
vt 0.340625 0.486484
vt 0.358612 0.485533
vt 0.357505 0.481963
vt 0.342331 0.475827
vt 0.320505 0.473983
vt 0.907074 0.216918
vt 0.898000 0.211000
vt 0.891942 0.235243
vt 0.910935 0.192915
vt 0.217016 0.059581
vt 0.137000 0.117000
vt 0.075835 0.652472
vt 0.102467 0.703305
vt 0.087798 0.588166
vt 0.082696 0.723152
vt 0.102207 0.751734
vt 0.061167 0.674469
vt 0.053000 0.625000
vt 0.116446 0.724946
vt 0.164146 0.686025
vt 0.100404 0.751305
vt 0.161261 0.043835
vt 0.186000 0.055000
vt 0.753611 0.942294
vt 0.825943 0.948771
vt 0.803324 0.914619
vt 0.744667 0.973948
vt 0.727323 0.941235
vt 0.653659 0.917285
vt 0.608568 0.918564
vt 0.794601 0.870200
vt 0.724431 0.897285
vt 0.186130 0.785429
vt 0.192689 0.896328
vt 0.238653 0.837878
vt 0.183289 0.739954
vt 0.149089 0.868016
vt 0.164868 0.786139
vt 0.100865 0.841839
vt 0.142041 0.781510
vt 0.937402 0.746139
vt 0.111000 0.890000
vt 0.748282 0.863422
vt 0.783405 0.849936
vt 0.784625 0.811948
vt 0.893597 0.931775
vt 0.897677 0.977526
vt 0.607873 0.916625
vt 0.678428 0.875599
vt 0.674641 0.828192
vt 0.709866 0.867055
vt 0.143000 0.055000
vt 0.947291 0.374193
vt 0.981980 0.369001
vt 0.988000 0.393000
vt 0.904878 0.406351
vt 0.912000 0.391000
vt 0.586393 0.346897
vt 0.735203 0.310107
vt 0.562000 0.075000
vt 0.637000 0.035000
vt 0.303445 0.958830
vt 0.281000 0.943000
vt 0.343827 0.674057
vt 0.352753 0.591844
vt 0.536972 0.643837
vt 0.437000 0.628000
vt 0.505885 0.511773
vt 0.450000 0.649000
vt 0.473946 0.655100
vt 0.547000 0.524000
vt 0.562419 0.579385
vt 0.698000 0.510000
vt 0.705741 0.486282
vt 0.786249 0.717702
vt 0.606919 0.870151
vt 0.376986 0.865496
vt 0.347142 0.754802
vt 0.059000 0.979000
vt 0.117479 0.986445
vt 0.585546 0.886582
vt 0.371793 0.950781
vt 0.511000 0.928000
vt 0.580000 0.910000
vt 0.606000 0.880000
vt 0.444000 0.043000
vt 0.454829 0.206943
vt 0.393611 0.169417
vt 0.466350 0.187045
vt 0.483000 0.175000
vt 0.516401 0.195882
vt 0.423921 0.180160
vt 0.512702 0.132128
vt 0.451000 0.183000
vt 0.551000 0.080000
vt 0.916000 0.688000
vt 0.315059 0.147986
vt 0.337348 0.155260
vt 0.077081 0.892011
vt 0.354123 0.103307
vt 0.338704 0.127113
vt 0.323709 0.110758
vt 0.273772 0.069546
vt 0.293912 0.113684
vt 0.280521 0.104941
vt 0.300000 0.140000
vt 0.992614 0.512673
vt 0.270045 0.126507
vt 0.262185 0.110741
vt 0.283667 0.158110
vt 0.173042 0.157539
vt 0.210046 0.163954
vt 0.186021 0.173634
vt 0.293194 0.171000
vt 0.262770 0.176993
vt 0.144000 0.175000
vt 0.350000 0.036000
vt 0.367920 0.024875
vt 0.353420 0.053420
vt 0.422343 0.099935
vt 0.949363 0.598164
vt 0.101712 0.287144
vt 0.255000 0.171000
vt 0.244000 0.162000
vt 0.977386 0.182818
vt 0.927000 0.112000
vt 0.109000 0.595000
vt 0.875700 0.896600
vt 0.820000 0.876000
vt 0.086000 0.812000
vt 0.137819 0.917156
vt 0.772019 0.334757
vt 0.954916 0.673418
vt 0.904000 0.978000
vt 0.797662 0.040200
vt 0.940000 0.431000
vt 0.056209 0.291134
vt 0.054807 0.312163
vt 0.124376 0.479021
vt 0.696215 0.335262
vt 0.593005 0.845974
vt 0.536924 0.643996
vt 0.501000 0.744000
vt 0.469002 0.653198
vt 0.545167 0.558537
vt 0.560402 0.580970
vt 0.786281 0.717727
vt 0.615328 0.861836
vt 0.603870 0.874319
vt 0.573455 0.897331
vt 0.587003 0.885093
vt 0.455282 0.207094
vt 0.465748 0.187183
vt 0.516439 0.196043
vt 0.424029 0.180137
vt 0.514658 0.128881
vt 0.315382 0.151384
vt 0.337049 0.156753
vt 0.323608 0.110754
vt 0.338696 0.127089
vt 0.280308 0.104630
vt 0.293826 0.113796
vt 0.992343 0.507526
vt 0.265604 0.120953
vt 0.276554 0.131663
vt 0.244853 0.125693
vt 0.284622 0.156360
vt 0.174444 0.156002
vt 0.286700 0.171000
vt 0.271577 0.187028
vt 0.274000 0.175000
vt 0.256988 0.173709
vt 0.149782 0.197886
vt 0.353815 0.053815
vt 0.421882 0.099639
vt 0.349274 0.223556
vt 0.246807 0.163277
vt 0.979013 0.183161
vt 0.989866 0.212439
vt 0.900385 0.810788
vt 0.844173 0.820846
vt 0.858000 0.858000
vt 0.140418 0.662286
vt 0.119986 0.599708
vt 0.875653 0.896571
vt 0.135426 0.915447
vt 0.887957 0.373116
s 1
f 6/1/1 5/2/2 3/3/3
f 6/1/1 3/3/3 4/4/4
f 8/5/5 7/6/6 1/7/7
f 8/5/5 1/7/7 2/8/8
f 4/4/4 3/3/3 1/7/7
f 3/3/3 5/2/2 2/8/8
f 6/1/1 9/9/9 10/10/10
f 6/1/1 10/10/10 5/2/2
f 13/11/11 12/12/12 9/9/9
f 13/11/11 9/9/9 6/1/1
f 13/11/11 6/1/1 4/4/4
f 15/13/13 14/14/14 13/11/11
f 15/13/13 13/11/11 4/4/4
f 16/15/15 10/10/10 11/16/16
f 15/13/13 4/4/4 17/17/17
f 8/5/5 2/8/8 20/18/18
f 20/18/18 2/8/8 16/15/15
f 20/18/18 16/15/15 21/19/19
f 22/20/20 20/18/18 23/21/21
f 20/18/18 21/19/19 23/21/21
f 24/22/22 23/23/21 25/24/23
f 24/22/22 25/24/23 19/25/24
f 28/26/25 27/27/26 26/28/27
f 30/29/28 31/30/29 32/31/30
f 44/32/31 30/29/28 33/33/32
f 35/34/33 43/35/34 42/36/35
f 39/37/36 41/38/37 40/39/38
f 38/40/39 40/39/38 46/41/40
f 46/41/40 48/42/41 47/43/42
f 40/39/38 41/38/37 48/42/41
f 42/36/35 43/35/34 49/44/43
f 46/41/40 40/39/38 48/42/41
f 51/45/44 52/46/45 53/47/46
f 57/48/47 45/49/48 44/32/31
f 57/48/47 44/32/31 34/50/49
f 36/51/50 32/31/30 37/52/51
f 55/53/52 56/54/53 52/46/45
f 52/46/45 51/45/44 55/53/52
f 38/40/39 58/55/54 54/56/55
f 59/57/56 30/29/28 44/32/31
f 59/57/56 49/44/43 43/35/34
f 59/58/56 70/59/57 50/60/58
f 59/58/56 50/60/58 49/61/43
f 55/53/52 51/45/44 61/62/59
f 55/53/52 61/62/59 60/63/60
f 62/64/61 66/65/62 55/53/52
f 63/66/63 62/64/61 60/63/60
f 63/67/63 58/55/54 38/40/39
f 70/59/57 64/68/64 67/69/65
f 70/59/57 67/69/65 69/70/66
f 67/69/65 81/71/67 82/72/68
f 67/69/65 82/72/68 69/70/66
f 74/73/69 66/74/62 62/75/61
f 73/76/70 74/73/69 62/75/61
f 73/76/70 62/75/61 63/77/63
f 68/78/71 66/74/62 74/73/69
f 65/79/72 66/74/62 68/78/71
f 66/65/62 56/54/53 55/53/52
f 68/78/71 74/73/69 75/80/73
f 68/78/71 75/80/73 79/81/74
f 73/82/70 72/83/75 78/84/76
f 76/85/77 63/66/63 60/63/60
f 76/85/77 60/63/60 61/62/59
f 77/86/78 54/56/55 58/55/54
f 77/86/78 58/55/54 76/87/77
f 78/84/76 75/88/73 74/89/69
f 81/71/67 79/81/74 83/90/79
f 81/71/67 83/90/79 80/91/80
f 75/92/73 84/93/81 85/94/82
f 90/95/83 87/96/84 85/94/82
f 91/97/85 90/95/83 84/93/81
f 90/95/83 85/94/82 84/93/81
f 71/98/86 94/99/87 96/100/88
f 71/98/86 82/72/68 94/99/87
f 84/93/81 72/101/75 96/100/88
f 71/98/86 96/100/88 72/101/75
f 98/102/89 93/103/90 92/104/91
f 92/104/91 81/71/67 80/91/80
f 92/104/91 80/91/80 88/105/92
f 93/103/90 94/99/87 82/72/68
f 93/103/90 82/72/68 81/71/67
f 81/71/67 92/104/91 93/103/90
f 75/80/73 86/106/93 80/91/80
f 99/107/94 95/108/95 100/109/96
f 100/109/96 103/110/97 99/107/94
f 102/111/98 111/112/99 101/113/100
f 108/114/101 111/112/99 102/111/98
f 106/115/102 108/114/101 100/109/96
f 95/116/95 99/117/94 104/118/103
f 95/116/95 104/118/103 105/119/104
f 95/116/95 97/120/105 106/121/102
f 99/107/94 103/110/97 107/122/106
f 99/107/94 107/122/106 112/123/107
f 107/122/106 103/110/97 101/113/100
f 104/124/103 99/107/94 112/123/107
f 108/114/101 109/125/108 110/126/109
f 107/122/106 110/127/109 109/128/108
f 107/122/106 101/113/100 111/112/99
f 107/122/106 111/112/99 110/127/109
f 110/126/109 111/129/99 108/114/101
f 66/74/62 65/79/72 56/130/53
f 56/130/53 65/79/72 64/68/64
f 56/130/53 64/68/64 45/131/48
f 97/120/105 94/99/87 93/103/90
f 97/120/105 93/103/90 98/102/89
f 109/125/108 108/114/101 106/115/102
f 107/122/106 109/128/108 112/123/107
f 109/125/108 106/115/102 113/132/110
f 109/125/108 113/132/110 114/133/111
f 112/123/107 109/128/108 114/134/111
f 116/135/112 97/136/105 115/137/113
f 117/138/114 119/139/115 118/140/116
f 118/140/116 121/141/117 116/135/112
f 117/138/114 120/142/118 121/143/117
f 117/138/114 121/143/117 119/139/115
f 121/141/117 118/140/116 119/144/115
f 115/137/113 97/136/105 122/145/119
f 115/137/113 122/145/119 120/142/118
f 98/102/89 92/104/91 88/105/92
f 98/102/89 88/105/92 123/146/120
f 112/147/107 114/148/111 137/149/121
f 137/149/121 114/148/111 124/150/122
f 114/148/111 122/151/119 125/152/123
f 124/150/122 114/148/111 125/152/123
f 115/137/113 120/142/118 117/138/114
f 122/145/119 114/153/111 121/143/117
f 122/145/119 121/143/117 120/142/118
f 96/100/88 105/119/104 84/93/81
f 91/97/85 126/154/124 125/155/123
f 124/156/122 126/154/124 127/157/125
f 125/155/123 126/154/124 124/156/122
f 84/93/81 105/119/104 126/154/124
f 84/93/81 126/154/124 91/97/85
f 105/119/104 128/158/126 127/157/125
f 114/159/111 113/160/110 121/141/117
f 91/97/85 125/155/123 123/161/120
f 91/97/85 123/161/120 89/162/127
f 88/163/92 89/162/127 123/161/120
f 128/164/126 129/165/128 127/166/125
f 133/167/129 130/168/130 132/169/131
f 131/170/132 129/165/128 135/171/133
f 128/164/126 135/171/133 129/165/128
f 133/167/129 136/172/134 134/173/135
f 135/171/133 134/174/135 136/175/134
f 135/171/133 136/175/134 131/170/132
f 127/166/125 133/167/129 134/173/135
f 134/173/135 137/176/121 124/177/122
f 137/178/121 134/174/135 135/171/133
f 137/178/121 135/171/133 112/179/107
f 77/180/78 76/181/77 138/182/136
f 77/180/78 138/182/136 140/183/137
f 139/184/138 77/180/78 140/183/137
f 139/184/138 140/183/137 141/185/139
f 77/86/78 139/186/138 36/51/50
f 138/182/136 76/181/77 61/187/59
f 61/188/59 51/189/44 144/190/140
f 144/190/140 51/189/44 145/191/141
f 144/190/140 145/191/141 146/192/142
f 144/190/140 146/192/142 147/193/143
f 147/193/143 146/192/142 148/194/144
f 147/193/143 148/194/144 149/195/145
f 149/195/145 148/194/144 150/196/146
f 150/196/146 148/194/144 151/197/147
f 150/196/146 151/197/147 152/198/148
f 152/198/148 151/197/147 153/199/149
f 146/192/142 145/191/141 154/200/150
f 146/192/142 154/200/150 180/201/151
f 148/194/144 146/192/142 155/202/152
f 148/194/144 155/202/152 156/203/153
f 151/197/147 148/194/144 156/203/153
f 154/200/150 145/191/141 157/204/154
f 154/200/150 157/204/154 158/205/155
f 154/200/150 158/205/155 166/206/156
f 159/207/157 145/191/141 161/208/158
f 154/200/150 162/209/159 163/210/160
f 163/210/160 164/211/161 557/212/162
f 162/209/159 166/206/156 165/213/163
f 51/189/44 53/214/46 161/208/158
f 51/189/44 161/208/158 145/191/141
f 159/207/157 157/204/154 145/191/141
f 163/210/160 162/209/159 164/211/161
f 167/215/164 158/205/155 169/216/165
f 160/217/166 161/208/158 171/218/167
f 160/217/166 171/218/167 168/219/168
f 169/216/165 173/220/169 167/215/164
f 173/220/169 169/216/165 172/221/170
f 173/220/169 172/221/170 175/222/171
f 171/218/167 174/223/172 175/222/171
f 155/202/152 176/224/173 177/225/174
f 156/203/153 155/202/152 177/225/174
f 156/203/153 177/225/174 178/226/175
f 151/197/147 156/203/153 178/226/175
f 151/197/147 178/226/175 179/227/176
f 181/228/177 154/200/150 163/210/160
f 174/223/172 161/208/158 53/214/46
f 174/223/172 53/214/46 183/229/178
f 183/229/178 184/230/179 174/223/172
f 174/223/172 184/230/179 185/231/180
f 174/223/172 185/231/180 175/222/171
f 186/232/181 202/233/182 188/234/183
f 186/232/181 188/234/183 187/235/184
f 143/236/185 193/237/186 57/48/47
f 143/236/185 57/48/47 34/50/49
f 193/237/186 195/238/187 194/239/188
f 194/239/188 199/240/189 200/241/190
f 194/239/188 200/241/190 196/242/191
f 188/243/183 202/244/182 205/245/192
f 188/243/183 205/245/192 201/246/193
f 201/246/193 142/247/194 188/243/183
f 205/245/192 202/244/182 189/248/195
f 190/249/196 318/250/197 317/251/198
f 190/249/196 317/251/198 204/252/199
f 207/253/200 338/254/201 208/255/202
f 208/255/202 338/254/201 213/256/203
f 185/231/180 184/230/179 217/257/204
f 185/231/180 217/257/204 216/258/205
f 199/259/189 217/257/204 198/260/206
f 199/259/189 198/260/206 200/261/190
f 199/262/189 208/263/202 217/264/204
f 188/243/183 142/247/194 139/265/138
f 190/266/196 218/267/207 219/268/208
f 189/248/195 204/269/199 206/270/209
f 189/248/195 206/270/209 205/245/192
f 215/271/210 222/272/211 223/273/212
f 220/274/213 221/275/214 224/276/215
f 221/275/214 225/277/216 224/276/215
f 222/278/211 224/279/215 226/280/217
f 222/278/211 226/280/217 227/281/218
f 224/276/215 225/277/216 226/282/217
f 222/278/211 227/281/218 228/283/219
f 222/278/211 228/283/219 229/284/220
f 226/282/217 225/277/216 228/283/219
f 227/281/218 226/282/217 228/283/219
f 229/284/220 225/277/216 230/285/221
f 230/285/221 225/277/216 221/275/214
f 222/278/211 229/284/220 223/286/212
f 264/287/222 231/288/223 232/289/224
f 264/287/222 234/290/225 235/291/226
f 264/287/222 235/291/226 231/288/223
f 233/292/227 236/293/228 237/294/229
f 235/291/226 238/295/230 239/296/231
f 236/293/228 239/296/231 240/297/232
f 236/293/228 240/297/232 237/294/229
f 242/298/233 243/299/234 237/294/229
f 242/298/233 237/294/229 240/297/232
f 238/295/230 235/291/226 234/290/225
f 233/292/227 232/300/224 247/301/235
f 231/288/223 235/291/226 248/302/236
f 249/303/237 236/293/228 233/292/227
f 249/303/237 233/292/227 247/301/235
f 239/296/231 236/293/228 249/303/237
f 232/289/224 231/288/223 247/304/235
f 235/291/226 239/296/231 248/302/236
f 247/304/235 231/288/223 248/302/236
f 248/302/236 239/296/231 249/303/237
f 247/301/235 250/305/238 249/303/237
f 248/302/236 249/303/237 250/305/238
f 244/306/239 251/307/240 232/300/224
f 244/306/239 232/300/224 233/292/227
f 223/308/212 253/309/241 252/310/242
f 229/311/220 251/312/240 253/309/241
f 251/312/240 244/313/239 254/314/243
f 251/312/240 254/314/243 253/309/241
f 255/315/244 191/316/245 218/267/207
f 255/315/244 189/317/195 203/318/246
f 229/319/220 265/320/247 251/321/240
f 233/292/227 237/294/229 241/322/248
f 233/292/227 241/322/248 244/306/239
f 273/323/249 275/324/250 274/325/251
f 270/326/252 268/327/253 267/328/254
f 262/329/255 278/330/256 277/331/257
f 279/332/258 280/333/259 277/331/257
f 279/332/258 277/331/257 278/330/256
f 276/334/260 279/332/258 278/330/256
f 281/335/261 276/334/260 284/336/262
f 291/337/263 292/338/264 297/339/265
f 291/337/263 297/339/265 296/340/266
f 293/341/267 291/337/263 296/340/266
f 293/341/267 296/340/266 298/342/268
f 299/343/269 295/344/270 293/341/267
f 299/343/269 293/341/267 298/342/268
f 295/344/270 299/343/269 300/345/271
f 299/343/269 306/346/272 300/345/271
f 286/347/273 292/338/264 291/337/263
f 286/347/273 291/337/263 294/348/274
f 291/337/263 293/341/267 304/349/275
f 291/337/263 304/349/275 294/348/274
f 302/350/276 301/351/277 307/352/278
f 299/343/269 302/350/276 307/352/278
f 298/342/268 296/340/266 301/351/277
f 298/342/268 301/351/277 302/350/276
f 308/353/279 309/354/280 301/351/277
f 308/353/279 301/351/277 310/355/281
f 297/339/265 292/338/264 315/356/282
f 171/218/167 175/222/171 172/221/170
f 313/357/283 314/358/284 312/359/285
f 313/357/283 312/359/285 210/360/286
f 312/361/285 314/362/284 230/363/221
f 315/356/282 264/364/222 316/365/287
f 314/366/284 316/365/287 264/364/222
f 315/356/282 288/367/288 234/368/225
f 265/369/247 229/319/220 230/370/221
f 314/371/284 265/320/247 230/372/221
f 318/250/197 219/373/208 305/374/289
f 300/345/271 306/346/272 319/375/290
f 300/345/271 318/250/197 295/344/270
f 322/376/291 311/377/292 303/378/293
f 322/376/291 303/378/293 320/379/294
f 321/380/295 320/379/294 303/378/293
f 297/339/265 315/356/282 316/365/287
f 297/339/265 316/365/287 321/380/295
f 321/380/295 316/365/287 313/381/283
f 321/380/295 313/381/283 320/379/294
f 309/354/280 308/353/279 323/382/296
f 323/383/296 325/384/297 324/385/298
f 324/385/298 326/386/299 327/387/300
f 326/386/299 324/385/298 325/384/297
f 326/386/299 306/346/272 299/343/269
f 325/384/297 306/346/272 326/386/299
f 322/388/291 319/375/290 325/384/297
f 319/375/290 322/388/291 320/389/294
f 329/390/301 307/352/278 309/354/280
f 329/390/301 309/354/280 328/391/302
f 330/392/303 327/387/300 307/352/278
f 329/390/301 328/391/302 362/393/304
f 330/392/303 331/394/305 335/395/306
f 330/392/303 335/395/306 334/396/307
f 331/394/305 332/397/308 333/398/309
f 331/394/305 333/398/309 335/395/306
f 336/399/310 332/397/308 346/400/311
f 333/398/309 332/397/308 336/399/310
f 327/387/300 347/401/312 337/402/313
f 324/385/298 327/387/300 337/402/313
f 205/245/192 209/403/314 338/254/201
f 205/245/192 338/254/201 207/253/200
f 275/324/250 289/404/315 341/405/316
f 275/324/250 341/405/316 284/336/262
f 340/406/317 294/348/274 304/349/275
f 340/406/317 304/349/275 342/407/318
f 304/349/275 339/408/319 342/407/318
f 331/394/305 346/400/311 332/397/308
f 345/409/320 331/394/305 330/392/303
f 335/410/306 333/411/309 346/412/311
f 336/413/310 346/412/311 333/411/309
f 345/414/320 354/415/321 335/410/306
f 345/414/320 335/410/306 346/412/311
f 345/409/320 346/400/311 331/394/305
f 354/416/321 334/396/307 335/395/306
f 347/401/312 348/417/322 349/418/323
f 347/401/312 349/418/323 337/402/313
f 351/419/324 349/418/323 350/420/325
f 348/417/322 352/421/326 350/420/325
f 334/396/307 348/417/322 347/401/312
f 351/419/324 353/422/327 349/418/323
f 353/423/327 351/424/324 352/425/326
f 353/423/327 352/425/326 348/426/322
f 350/427/325 352/425/326 351/424/324
f 354/428/321 353/423/327 348/426/322
f 348/417/322 334/396/307 354/416/321
f 353/422/327 337/402/313 349/418/323
f 354/415/321 355/429/328 353/430/327
f 329/390/301 356/431/329 357/432/330
f 357/432/330 356/431/329 358/433/331
f 329/390/301 357/432/330 360/434/332
f 329/390/301 360/434/332 345/409/320
f 357/432/330 358/433/331 359/435/333
f 357/432/330 359/435/333 360/434/332
f 361/436/334 358/433/331 363/437/335
f 359/435/333 358/433/331 361/436/334
f 356/431/329 363/437/335 358/433/331
f 362/393/304 356/431/329 329/390/301
f 360/438/332 359/439/333 363/440/335
f 361/441/334 363/440/335 359/439/333
f 364/442/336 360/438/332 363/440/335
f 368/443/337 345/414/320 360/438/332
f 368/443/337 360/438/332 364/442/336
f 356/431/329 364/444/336 363/437/335
f 362/393/304 368/445/337 364/444/336
f 362/393/304 364/444/336 356/431/329
f 329/390/301 345/409/320 330/392/303
f 362/393/304 328/391/302 365/446/338
f 362/393/304 365/446/338 368/445/337
f 366/447/339 370/448/340 368/445/337
f 365/446/338 367/449/341 366/447/339
f 369/450/342 365/446/338 328/391/302
f 370/451/340 367/452/341 371/453/343
f 371/453/343 368/454/337 370/451/340
f 369/455/342 368/454/337 371/453/343
f 365/446/338 371/456/343 367/449/341
f 369/450/342 371/456/343 365/446/338
f 368/443/337 355/429/328 354/415/321
f 368/443/337 354/415/321 345/414/320
f 355/457/328 309/354/280 323/382/296
f 328/391/302 309/354/280 355/457/328
f 206/270/209 204/269/199 317/458/198
f 328/391/302 372/459/344 369/450/342
f 372/459/344 373/460/345 375/461/346
f 372/459/344 375/461/346 369/450/342
f 373/460/345 374/462/347 375/461/346
f 376/463/348 377/464/349 373/460/345
f 376/463/348 373/460/345 372/459/344
f 377/464/349 374/462/347 373/460/345
f 376/463/348 372/459/344 328/391/302
f 375/465/346 374/466/347 377/467/349
f 376/468/348 369/455/342 375/465/346
f 376/468/348 375/465/346 377/467/349
f 355/469/328 368/454/337 369/455/342
f 355/469/328 369/455/342 376/468/348
f 376/463/348 328/391/302 355/457/328
f 330/392/303 334/396/307 347/401/312
f 280/333/259 378/470/350 380/471/351
f 280/333/259 380/471/351 277/331/257
f 280/333/259 191/472/245 379/473/352
f 280/333/259 379/473/352 378/470/350
f 381/474/353 269/475/354 260/476/355
f 383/477/356 270/478/252 384/479/357
f 383/477/356 384/479/357 382/480/358
f 382/480/358 385/481/359 383/477/356
f 382/480/358 386/482/360 385/481/359
f 385/481/359 260/483/355 383/477/356
f 383/477/356 260/483/355 270/478/252
f 387/484/361 382/480/358 381/485/353
f 382/480/358 388/486/362 381/485/353
f 387/484/361 260/487/355 385/488/359
f 382/480/358 387/484/361 386/482/360
f 389/489/363 390/490/364 378/470/350
f 389/491/363 392/492/365 390/493/364
f 395/494/366 392/492/365 393/495/367
f 11/16/16 9/9/9 395/494/366
f 12/12/12 395/494/366 9/9/9
f 12/12/12 396/496/368 395/494/366
f 270/497/252 380/498/351 384/499/357
f 12/12/12 403/500/369 391/501/370
f 12/12/12 391/501/370 396/496/368
f 407/502/371 403/500/369 12/12/12
f 407/502/371 12/12/12 14/14/14
f 11/16/16 394/503/372 16/15/15
f 394/503/372 11/16/16 393/495/367
f 399/504/373 397/505/374 398/506/375
f 399/504/373 398/506/375 400/507/376
f 401/508/377 402/509/378 399/504/373
f 399/504/373 404/510/379 403/511/369
f 399/504/373 403/511/369 397/505/374
f 402/509/378 404/510/379 399/504/373
f 406/512/380 405/513/381 384/514/357
f 406/512/380 384/514/357 407/515/371
f 406/512/380 408/516/382 405/513/381
f 409/517/383 410/518/384 406/512/380
f 409/517/383 406/512/380 407/515/371
f 411/519/385 405/520/381 410/518/384
f 411/519/385 410/518/384 409/517/383
f 410/518/384 408/516/382 406/512/380
f 28/521/25 388/522/362 411/523/385
f 28/524/25 413/525/386 27/526/26
f 413/525/386 28/524/25 412/527/387
f 415/528/388 414/529/389 378/530/350
f 415/528/388 378/530/350 390/531/364
f 380/532/351 414/533/389 398/506/375
f 417/534/390 400/535/376 416/536/391
f 417/534/390 402/509/378 401/537/377
f 416/536/391 402/509/378 417/534/390
f 19/538/24 379/473/352 731/539/392
f 389/491/363 394/503/372 392/492/365
f 418/540/393 21/19/19 16/15/15
f 418/540/393 16/15/15 394/503/372
f 23/21/21 21/19/19 418/540/393
f 23/21/21 418/540/393 25/541/23
f 419/542/394 19/543/24 25/544/23
f 326/386/299 299/343/269 327/387/300
f 138/545/136 420/546/395 140/547/137
f 421/548/396 141/549/139 140/547/137
f 138/545/136 61/550/59 422/551/397
f 138/545/136 422/551/397 420/546/395
f 187/552/184 141/549/139 421/548/396
f 187/552/184 421/548/396 423/553/398
f 431/554/399 432/555/400 433/556/401
f 429/557/402 425/558/403 191/559/245
f 429/557/402 430/560/404 431/554/399
f 429/557/402 203/561/246 428/562/405
f 403/511/369 415/528/388 390/531/364
f 437/563/406 439/564/407 440/565/408
f 437/563/406 440/565/408 438/566/409
f 437/563/406 448/567/410 449/568/411
f 445/569/412 446/570/413 447/571/414
f 444/572/415 452/573/416 446/570/413
f 452/573/416 453/574/417 454/575/418
f 446/570/413 454/575/418 447/571/414
f 448/567/410 455/576/419 449/568/411
f 452/573/416 454/575/418 446/570/413
f 453/574/417 457/577/420 454/575/418
f 458/578/421 460/579/422 459/580/423
f 458/578/421 459/580/423 462/581/424
f 451/582/425 464/583/426 450/584/427
f 462/581/424 459/580/423 463/585/428
f 462/581/424 463/585/428 466/586/429
f 444/572/415 461/587/430 470/588/431
f 449/568/411 465/589/432 450/584/427
f 465/589/432 449/568/411 455/576/419
f 465/58/432 455/61/419 456/590/433
f 465/58/432 456/590/433 479/591/434
f 462/581/424 468/63/435 422/592/397
f 469/593/436 466/586/429 473/594/437
f 470/595/431 468/63/435 469/593/436
f 469/593/436 457/596/420 470/595/431
f 473/597/437 467/598/438 472/599/439
f 471/600/440 477/601/441 474/602/442
f 474/602/442 477/601/441 488/603/443
f 474/602/442 488/603/443 487/604/444
f 479/591/434 478/605/445 471/600/440
f 481/606/446 469/607/436 473/597/437
f 481/606/446 457/608/420 469/607/436
f 475/609/447 481/606/446 473/597/437
f 472/599/439 475/609/447 473/597/437
f 467/610/438 466/586/429 463/585/428
f 467/610/438 473/594/437 466/586/429
f 475/609/447 482/611/448 481/606/446
f 475/609/447 485/612/449 482/611/448
f 480/613/450 483/614/451 479/591/434
f 481/615/446 484/616/452 483/614/451
f 481/615/446 483/614/451 480/613/450
f 422/592/397 468/63/435 470/595/431
f 420/617/395 470/588/431 461/587/430
f 470/588/431 420/617/395 422/618/397
f 484/616/452 481/615/446 482/88/448
f 479/591/434 483/614/451 478/605/445
f 487/604/444 489/619/453 485/612/449
f 487/604/444 486/620/454 489/619/453
f 495/621/455 490/622/456 492/623/457
f 496/624/458 503/625/459 495/621/455
f 495/621/455 503/625/459 490/622/456
f 478/626/445 500/627/460 498/628/461
f 478/626/445 498/628/461 488/603/443
f 490/622/456 503/625/459 483/101/451
f 500/627/460 483/101/451 503/625/459
f 497/629/462 493/630/463 486/620/454
f 497/629/462 486/620/454 487/604/444
f 497/629/462 487/604/444 488/603/443
f 497/629/462 488/603/443 498/628/461
f 482/611/448 486/620/454 491/106/464
f 500/627/460 503/625/459 499/631/465
f 499/631/465 505/632/466 504/633/467
f 505/634/466 507/635/468 506/636/469
f 505/634/466 506/636/469 504/637/467
f 509/638/470 508/639/471 515/640/472
f 512/641/473 509/638/470 515/640/472
f 499/631/465 510/642/474 505/632/466
f 504/633/467 516/643/475 499/631/465
f 505/634/466 513/644/476 511/645/477
f 505/634/466 511/645/477 507/635/468
f 511/645/477 508/639/471 507/635/468
f 505/634/466 517/646/478 513/644/476
f 512/641/473 514/647/479 513/648/476
f 511/645/477 513/644/476 514/649/479
f 511/645/477 514/649/479 515/640/472
f 511/645/477 515/640/472 508/639/471
f 514/647/479 512/641/473 515/650/472
f 467/598/438 476/651/480 471/600/440
f 467/598/438 471/600/440 472/599/439
f 501/652/481 502/653/482 497/629/462
f 501/652/481 497/629/462 498/628/461
f 513/648/476 518/133/483 516/132/475
f 513/648/476 516/132/475 512/641/473
f 513/644/476 517/646/478 518/134/483
f 512/641/473 516/132/475 504/637/467
f 512/641/473 504/637/467 506/636/469
f 520/654/484 519/655/485 501/656/481
f 520/654/484 501/656/481 516/657/475
f 521/658/486 522/659/487 523/660/488
f 522/659/487 520/654/484 525/661/489
f 521/658/486 523/660/488 525/662/489
f 521/658/486 525/662/489 524/663/490
f 525/661/489 523/664/488 522/659/487
f 519/655/485 524/663/490 526/665/491
f 519/655/485 526/665/491 501/656/481
f 502/653/482 527/666/492 493/630/463
f 502/653/482 493/630/463 497/629/462
f 518/667/483 530/668/493 516/669/475
f 517/147/478 541/149/494 518/667/483
f 518/667/483 526/670/491 530/668/493
f 541/149/494 528/150/495 518/667/483
f 518/667/483 529/671/496 526/670/491
f 528/150/495 529/671/496 518/667/483
f 519/655/485 521/658/486 524/663/490
f 526/665/491 524/663/490 525/662/489
f 526/665/491 525/662/489 530/153/493
f 496/624/458 529/155/496 531/672/497
f 528/673/495 532/674/498 531/672/497
f 529/155/496 528/673/495 531/672/497
f 503/625/459 496/624/458 531/672/497
f 503/625/459 531/672/497 510/642/474
f 510/642/474 532/674/498 533/158/499
f 530/159/493 525/661/489 516/657/475
f 496/624/458 527/675/492 529/155/496
f 496/624/458 494/676/500 527/675/492
f 493/677/463 527/675/492 494/676/500
f 537/678/501 536/679/502 534/680/503
f 535/681/504 539/682/505 533/683/499
f 537/678/501 538/684/506 540/685/507
f 539/682/505 535/681/504 540/686/507
f 539/682/505 540/686/507 538/687/506
f 532/688/498 538/684/506 537/678/501
f 538/684/506 528/177/495 541/176/494
f 541/178/494 517/179/478 539/682/505
f 541/178/494 539/682/505 538/687/506
f 443/689/508 442/690/509 140/691/137
f 443/689/508 140/691/137 420/617/395
f 140/691/137 442/690/509 421/692/396
f 61/188/59 144/190/140 458/693/421
f 61/188/59 458/693/421 422/694/397
f 144/190/140 545/695/510 458/693/421
f 144/190/140 147/193/143 546/192/511
f 144/190/140 546/192/511 545/695/510
f 147/193/143 149/195/145 547/696/512
f 147/193/143 547/696/512 546/192/511
f 149/195/145 150/196/146 548/697/513
f 149/195/145 548/697/513 547/696/512
f 150/196/146 152/198/148 548/697/513
f 546/192/511 550/698/514 549/699/515
f 546/192/511 549/699/515 545/695/510
f 547/696/512 177/225/174 550/698/514
f 547/696/512 550/698/514 546/192/511
f 548/697/513 178/226/175 177/225/174
f 548/697/513 177/225/174 547/696/512
f 152/198/148 179/227/176 178/226/175
f 152/198/148 178/226/175 548/697/513
f 153/199/149 179/227/176 152/198/148
f 549/699/515 551/700/516 458/693/421
f 549/699/515 458/693/421 545/695/510
f 549/699/515 558/206/517 552/701/518
f 549/699/515 552/701/518 551/700/516
f 553/702/519 555/703/520 458/693/421
f 549/699/515 557/212/162 556/704/521
f 556/704/521 165/213/163 558/206/517
f 458/693/421 555/703/520 460/705/422
f 553/702/519 458/693/421 551/700/516
f 557/212/162 164/211/161 556/704/521
f 559/706/522 561/707/523 552/701/518
f 560/708/524 563/709/525 562/710/526
f 554/711/527 560/708/524 562/710/526
f 554/711/527 562/710/526 555/703/520
f 561/707/523 559/706/522 173/220/169
f 173/220/169 175/222/171 563/709/525
f 173/220/169 563/709/525 561/707/523
f 562/710/526 175/222/171 564/712/528
f 177/225/174 176/224/173 550/698/514
f 564/712/528 565/713/529 460/705/422
f 564/712/528 460/705/422 555/703/520
f 565/713/529 564/712/528 566/714/530
f 564/712/528 175/222/171 185/231/180
f 564/712/528 185/231/180 566/714/530
f 544/715/531 464/583/426 451/582/425
f 544/715/531 569/716/532 570/717/533
f 569/716/532 571/718/534 572/719/535
f 569/716/532 572/719/535 573/720/536
f 423/721/398 575/722/537 424/723/538
f 575/722/537 423/721/398 542/724/539
f 575/722/537 428/248/405 427/725/540
f 575/722/537 427/725/540 424/723/538
f 431/726/399 671/727/541 672/728/542
f 579/729/543 585/730/544 586/731/545
f 579/729/543 586/731/545 584/732/546
f 185/231/180 216/258/205 588/733/547
f 185/231/180 588/733/547 566/714/530
f 573/259/536 572/734/535 574/735/548
f 573/259/536 574/735/548 588/733/547
f 573/736/536 588/264/547 585/737/544
f 573/736/536 585/737/544 579/738/543
f 423/721/398 421/265/396 542/724/539
f 428/248/405 575/722/537 576/739/549
f 428/248/405 576/739/549 430/740/404
f 591/741/550 215/271/210 223/273/212
f 591/741/550 223/273/212 592/272/551
f 589/274/552 593/742/553 590/743/554
f 590/743/554 593/742/553 594/744/555
f 592/745/551 596/746/556 595/747/557
f 592/745/551 595/747/557 593/279/553
f 593/742/553 595/748/557 594/744/555
f 592/745/551 598/749/558 597/750/559
f 592/745/551 597/750/559 596/746/556
f 595/748/557 597/750/559 594/744/555
f 596/746/556 597/750/559 595/748/557
f 598/749/558 600/751/560 599/752/561
f 598/749/558 599/752/561 594/744/555
f 599/752/561 590/743/554 594/744/555
f 592/745/551 223/286/212 600/751/560
f 592/745/551 600/751/560 598/749/558
f 669/753/562 623/754/563 602/755/564
f 669/753/562 602/755/564 601/756/565
f 669/753/562 601/756/565 605/757/566
f 669/753/562 605/757/566 604/290/567
f 603/758/568 607/759/569 606/293/570
f 605/757/566 609/760/571 608/761/572
f 606/293/570 607/759/569 610/762/573
f 606/293/570 610/762/573 609/760/571
f 611/298/574 610/762/573 607/759/569
f 611/298/574 607/759/569 243/299/234
f 608/761/572 604/290/567 605/757/566
f 603/758/568 614/763/575 602/764/564
f 601/756/565 615/765/576 605/757/566
f 616/766/577 614/763/575 603/758/568
f 616/766/577 603/758/568 606/293/570
f 609/760/571 616/766/577 606/293/570
f 602/755/564 614/767/575 601/756/565
f 605/757/566 615/765/576 609/760/571
f 614/767/575 615/765/576 601/756/565
f 615/765/576 616/766/577 609/760/571
f 614/763/575 616/766/577 617/768/578
f 615/765/576 617/768/578 616/766/577
f 244/306/239 603/758/568 602/764/564
f 244/306/239 602/764/564 618/307/579
f 600/311/560 252/310/242 618/769/579
f 618/769/579 254/314/243 244/313/239
f 618/769/579 252/310/242 254/314/243
f 600/770/560 618/771/579 624/772/580
f 603/758/568 244/306/239 241/322/248
f 603/758/568 241/322/248 607/759/569
f 266/773/581 626/774/582 257/775/583
f 260/776/355 269/777/354 629/778/584
f 260/776/355 629/778/584 628/779/585
f 630/780/586 626/774/582 627/781/587
f 625/782/588 637/783/589 621/784/590
f 636/785/591 637/783/589 635/786/592
f 645/787/593 632/788/594 639/789/595
f 648/790/596 653/791/597 654/792/598
f 650/793/599 655/794/600 653/791/597
f 650/793/599 653/791/597 648/790/596
f 650/793/599 652/795/601 656/796/602
f 650/793/599 656/796/602 655/794/600
f 655/794/600 656/796/602 663/797/603
f 655/794/600 663/797/603 658/798/604
f 642/799/605 649/800/606 648/790/596
f 642/799/605 651/801/607 649/800/606
f 649/800/606 651/801/607 638/802/608
f 649/800/606 638/802/608 650/793/599
f 655/794/600 659/803/609 657/804/610
f 655/794/600 657/804/610 653/791/597
f 660/805/611 657/804/610 665/806/612
f 660/805/611 665/806/612 666/807/613
f 662/808/614 648/790/596 654/792/598
f 642/799/605 648/790/596 670/809/615
f 562/710/526 563/709/525 175/222/171
f 667/810/616 581/811/617 583/812/618
f 583/813/618 668/814/619 667/815/616
f 668/814/619 599/816/561 667/815/616
f 670/809/615 604/817/567 644/367/620
f 669/818/562 667/819/616 624/820/580
f 624/772/580 599/370/561 600/770/560
f 667/819/616 599/821/561 624/820/580
f 624/772/580 623/822/563 669/818/562
f 652/795/601 671/727/541 673/823/621
f 652/795/601 673/823/621 656/796/602
f 656/796/602 673/823/621 663/797/603
f 673/823/621 675/824/622 674/825/623
f 676/826/624 674/827/623 661/828/625
f 675/829/622 661/828/625 674/827/623
f 662/808/614 675/829/622 667/830/616
f 666/807/613 676/826/624 661/828/625
f 677/831/626 678/832/627 679/833/628
f 678/832/627 681/834/629 680/835/630
f 680/835/630 679/833/628 678/832/627
f 680/835/630 658/798/604 663/797/603
f 679/833/628 680/835/630 663/797/603
f 679/833/628 663/797/603 673/823/621
f 676/836/624 679/833/628 673/823/621
f 673/823/621 674/825/623 676/836/624
f 675/824/622 673/823/621 581/837/617
f 675/824/622 581/837/617 667/838/616
f 680/835/630 681/834/629 664/839/631
f 683/840/632 682/841/633 665/806/612
f 683/840/632 665/806/612 664/839/631
f 684/842/634 664/839/631 681/834/629
f 685/843/635 665/806/612 682/841/633
f 683/840/632 714/844/636 682/841/633
f 684/842/634 689/845/637 690/846/638
f 684/842/634 690/846/638 686/847/639
f 686/847/639 690/846/638 688/848/640
f 686/847/639 688/848/640 687/849/641
f 691/850/642 699/851/643 687/849/641
f 688/848/640 691/850/642 687/849/641
f 681/834/629 692/852/644 701/853/645
f 678/832/627 692/852/644 681/834/629
f 578/854/646 577/855/647 579/729/543
f 578/854/646 579/729/543 580/856/648
f 584/732/546 580/856/648 579/729/543
f 693/857/649 697/858/650 636/785/591
f 645/787/593 639/789/595 697/858/650
f 694/859/651 696/860/652 638/802/608
f 694/859/651 638/802/608 651/801/607
f 638/802/608 696/860/652 693/857/649
f 686/847/639 687/849/641 699/851/643
f 698/861/653 684/842/634 686/847/639
f 690/862/638 699/863/643 688/864/640
f 691/865/642 688/864/640 699/863/643
f 698/414/653 699/863/643 690/862/638
f 698/414/653 690/862/638 700/866/654
f 698/861/653 686/847/639 699/851/643
f 700/867/654 690/846/638 689/845/637
f 701/853/645 692/852/644 704/868/655
f 704/868/655 703/869/656 701/853/645
f 705/870/657 701/853/645 702/871/658
f 705/870/657 702/871/658 706/872/659
f 689/845/637 701/853/645 705/870/657
f 704/873/655 705/426/657 706/874/659
f 704/873/655 706/874/659 703/875/656
f 702/876/658 703/875/656 706/874/659
f 707/877/660 705/426/657 704/873/655
f 705/870/657 707/878/660 689/845/637
f 707/879/660 704/868/655 692/852/644
f 683/840/632 709/880/661 708/881/662
f 709/880/661 710/882/663 708/881/662
f 683/840/632 698/861/653 712/883/664
f 683/840/632 712/883/664 709/880/661
f 709/880/661 712/883/664 711/884/665
f 713/885/666 715/886/667 710/882/663
f 711/884/665 713/885/666 710/882/663
f 708/881/662 710/882/663 715/886/667
f 714/844/636 683/840/632 708/881/662
f 712/887/664 715/888/667 711/889/665
f 713/890/666 711/889/665 715/888/667
f 716/891/668 715/888/667 712/887/664
f 716/891/668 712/887/664 698/414/653
f 708/881/662 715/886/667 716/892/668
f 714/844/636 708/881/662 716/892/668
f 683/840/632 684/842/634 698/861/653
f 714/844/636 718/893/669 717/894/670
f 714/844/636 717/894/670 682/841/633
f 718/893/669 719/895/671 717/894/670
f 714/844/636 721/896/672 718/893/669
f 718/893/669 721/896/672 720/897/673
f 722/898/674 682/841/633 717/894/670
f 723/899/675 720/897/673 721/896/672
f 724/900/676 719/895/671 723/901/675
f 721/902/672 724/903/676 723/904/675
f 720/905/673 723/904/675 719/906/671
f 722/907/674 724/903/676 721/902/672
f 722/907/674 721/902/672 716/908/668
f 717/894/670 719/895/671 724/900/676
f 722/898/674 717/894/670 724/900/676
f 716/892/668 721/896/672 714/844/636
f 716/891/668 698/414/653 700/866/654
f 685/909/635 700/910/654 692/911/644
f 685/843/635 677/912/626 665/806/612
f 576/739/549 671/913/541 431/914/399
f 576/739/549 431/914/399 430/740/404
f 682/841/633 722/898/674 725/915/677
f 725/915/677 722/898/674 728/916/678
f 725/915/677 728/916/678 726/917/679
f 728/916/678 730/918/680 726/917/679
f 730/919/680 727/920/681 726/917/679
f 729/921/682 725/915/677 726/917/679
f 729/921/682 726/917/679 727/920/681
f 729/921/682 682/841/633 725/915/677
f 728/922/678 727/923/681 730/924/680
f 729/925/682 727/923/681 728/922/678
f 729/925/682 728/922/678 722/907/674
f 700/910/654 729/925/682 722/907/674
f 700/910/654 722/907/674 716/908/668
f 684/842/634 701/853/645 689/845/637
f 700/867/654 689/845/637 707/878/660
f 635/786/592 637/783/589 732/926/683
f 425/927/403 731/539/392 191/472/245
f 735/928/684 734/929/685 736/930/686
f 734/929/685 735/928/684 737/931/687
f 734/929/685 737/931/687 738/932/688
f 737/931/687 735/928/684 629/933/584
f 735/928/684 736/930/686 630/934/586
f 735/928/684 630/934/586 629/933/584
f 739/935/689 737/488/687 629/936/584
f 734/929/685 738/937/688 739/935/689
f 7/938/6 733/939/690 1/490/7
f 742/940/691 741/941/692 17/942/17
f 743/943/693 744/944/694 746/945/695
f 743/943/693 746/945/695 745/946/696
f 742/940/691 17/942/17 4/947/4
f 742/940/691 4/947/4 747/948/697
f 746/945/695 744/944/694 747/948/697
f 749/949/698 15/950/13 736/951/686
f 749/949/698 736/951/686 748/513/699
f 749/949/698 748/513/699 750/952/700
f 751/953/701 15/950/13 749/949/698
f 751/953/701 749/949/698 752/954/702
f 740/955/703 751/953/701 752/954/702
f 740/955/703 752/954/702 748/956/699
f 752/954/702 749/949/698 750/952/700
f 388/522/362 740/957/703 269/475/354
f 28/521/25 740/957/703 388/522/362
f 751/953/701 740/955/703 28/958/25
f 753/959/704 1/960/7 733/961/690
f 732/962/683 741/941/692 733/963/690
f 745/964/696 755/965/705 743/966/693
f 755/965/705 745/946/696 746/945/695
f 754/967/706 755/965/705 746/945/695
f 19/538/24 731/539/392 756/968/707
f 434/969/708 19/970/24 756/971/707
f 758/972/709 759/973/710 434/969/711
f 742/940/691 743/943/693 741/941/692
f 743/943/693 742/940/691 744/944/694
f 4/947/4 1/960/7 753/959/704
f 1/7/7 3/3/3 2/8/8
f 5/2/2 10/10/10 2/8/8
f 13/11/11 14/14/14 12/12/12
f 2/8/8 10/10/10 16/15/15
f 11/16/16 10/10/10 9/9/9
f 736/974/686 15/13/13 17/17/17
f 15/13/13 18/975/712 14/14/14
f 19/976/24 7/6/6 8/5/5
f 20/18/18 22/20/20 8/5/5
f 24/977/22 8/5/5 22/20/20
f 24/22/22 22/978/20 23/23/21
f 19/25/24 8/979/5 24/22/22
f 29/980/713 18/981/712 26/28/27
f 27/27/26 29/980/713 26/28/27
f 30/29/28 36/51/50 33/33/32
f 30/29/28 32/31/30 36/51/50
f 33/33/32 34/50/49 44/32/31
f 31/30/29 35/34/33 39/37/36
f 40/39/38 38/40/39 31/30/29
f 39/37/36 40/39/38 31/30/29
f 35/34/33 42/36/35 39/37/36
f 42/36/35 41/38/37 39/37/36
f 43/35/34 35/34/33 30/29/28
f 42/36/35 50/982/58 41/38/37
f 48/42/41 41/38/37 50/982/58
f 38/40/39 46/41/40 47/43/42
f 38/40/39 47/43/42 63/67/63
f 194/239/188 53/47/46 52/46/45
f 52/46/45 45/49/48 57/48/47
f 48/983/41 50/60/58 72/83/75
f 49/44/43 50/982/58 42/36/35
f 45/49/48 52/46/45 56/54/53
f 193/237/186 194/239/188 57/48/47
f 52/46/45 57/48/47 194/239/188
f 31/30/29 38/40/39 54/56/55
f 32/31/30 31/30/29 54/56/55
f 45/49/48 59/57/56 44/32/31
f 67/69/65 68/78/71 79/81/74
f 67/69/65 64/68/64 65/79/72
f 69/70/66 71/984/86 70/59/57
f 70/59/57 71/984/86 50/60/58
f 47/985/42 73/82/70 63/986/63
f 47/985/42 48/983/41 73/82/70
f 60/63/60 62/64/61 55/53/52
f 73/82/70 78/84/76 74/89/69
f 77/86/78 32/31/30 54/56/55
f 77/86/78 37/52/51 32/31/30
f 63/67/63 76/87/77 58/55/54
f 48/983/41 72/83/75 73/82/70
f 71/984/86 72/83/75 50/60/58
f 79/81/74 75/80/73 80/91/80
f 67/69/65 79/81/74 81/71/67
f 79/81/74 80/91/80 83/90/79
f 69/70/66 82/72/68 71/98/86
f 65/79/72 68/78/71 67/69/65
f 78/987/76 84/93/81 75/92/73
f 75/92/73 85/94/82 86/988/93
f 78/987/76 72/101/75 84/93/81
f 90/95/83 91/97/85 89/162/127
f 87/96/84 90/95/83 89/162/127
f 86/988/93 85/94/82 87/96/84
f 86/988/93 87/96/84 88/163/92
f 97/120/105 95/116/95 94/99/87
f 94/99/87 95/116/95 96/100/88
f 86/106/93 88/105/92 80/91/80
f 100/109/96 102/111/98 103/110/97
f 100/109/96 108/114/101 102/111/98
f 102/111/98 101/113/100 103/110/97
f 104/118/103 128/158/126 105/119/104
f 106/115/102 100/109/96 95/108/95
f 128/158/126 104/118/103 112/989/107
f 45/131/48 64/68/64 70/59/57
f 45/131/48 70/59/57 59/58/56
f 97/120/105 113/990/110 106/121/102
f 115/137/113 117/138/114 116/135/112
f 117/138/114 118/140/116 116/135/112
f 116/135/112 121/141/117 113/160/110
f 116/135/112 113/160/110 97/136/105
f 122/151/119 97/120/105 98/102/89
f 125/152/123 122/151/119 98/102/89
f 125/152/123 98/102/89 123/146/120
f 96/100/88 95/116/95 105/119/104
f 105/119/104 127/157/125 126/154/124
f 87/96/84 89/162/127 88/163/92
f 127/166/125 129/165/128 130/168/130
f 130/168/130 131/170/132 132/169/131
f 127/166/125 130/168/130 133/167/129
f 130/168/130 129/165/128 131/170/132
f 131/170/132 136/175/134 132/991/131
f 136/172/134 133/167/129 132/169/131
f 128/164/126 112/179/107 135/171/133
f 134/173/135 124/177/122 127/166/125
f 77/86/78 36/51/50 37/52/51
f 36/51/50 139/186/138 142/992/194
f 142/992/194 33/33/32 36/51/50
f 157/204/154 159/207/157 160/217/166
f 159/207/157 161/208/158 160/217/166
f 166/206/156 162/209/159 154/200/150
f 158/205/155 167/215/164 166/206/156
f 157/204/154 160/217/166 158/205/155
f 160/217/166 170/993/714 158/205/155
f 160/217/166 168/219/168 170/993/714
f 170/993/714 169/216/165 158/205/155
f 172/221/170 170/993/714 168/219/168
f 172/221/170 169/216/165 170/993/714
f 174/223/172 171/218/167 161/208/158
f 171/218/167 172/221/170 168/219/168
f 179/227/176 153/199/149 151/197/147
f 182/994/715 176/224/173 181/228/177
f 176/224/173 155/202/152 180/201/151
f 182/994/715 163/210/160 557/212/162
f 163/210/160 182/994/715 181/228/177
f 180/201/151 155/202/152 146/192/142
f 181/228/177 180/201/151 154/200/150
f 180/201/151 181/228/177 176/224/173
f 162/209/159 165/213/163 164/211/161
f 166/206/156 167/215/164 165/213/163
f 167/215/164 173/220/169 165/213/163
f 188/234/183 141/185/139 187/235/184
f 141/185/139 188/234/183 139/184/138
f 280/995/259 256/996/716 218/267/207
f 192/997/717 143/236/185 34/50/49
f 183/229/178 53/214/46 197/998/718
f 197/998/718 53/214/46 198/260/206
f 53/47/46 196/242/191 198/999/206
f 196/242/191 53/47/46 194/239/188
f 200/241/190 198/999/206 196/242/191
f 194/239/188 195/238/187 199/240/189
f 199/240/189 195/238/187 193/237/186
f 143/236/185 192/997/717 207/1000/200
f 207/1000/200 193/237/186 143/236/185
f 207/1000/200 199/240/189 193/237/186
f 192/997/717 142/992/194 201/1001/193
f 34/50/49 33/33/32 142/992/194
f 142/992/194 192/997/717 34/50/49
f 187/235/184 203/318/246 186/232/181
f 203/318/246 189/317/195 202/233/182
f 203/318/246 191/316/245 255/315/244
f 203/318/246 202/233/182 186/232/181
f 207/1000/200 192/997/717 201/1001/193
f 199/262/189 207/1002/200 208/263/202
f 205/245/192 211/1003/719 209/403/314
f 206/270/209 210/360/286 205/245/192
f 209/403/314 212/1004/720 338/254/201
f 338/254/201 212/1004/720 213/256/203
f 211/1003/719 210/360/286 214/1005/721
f 212/1006/720 220/1007/213 215/271/210
f 212/1004/720 209/403/314 220/1008/213
f 213/1009/203 212/1006/720 215/271/210
f 198/260/206 217/257/204 184/230/179
f 198/260/206 184/230/179 183/229/178
f 183/229/178 197/998/718 198/260/206
f 211/1003/719 220/1008/213 209/403/314
f 211/1003/719 214/1005/721 221/1010/214
f 222/272/211 215/271/210 220/1007/213
f 216/1011/205 217/264/204 208/263/202
f 213/1009/203 215/271/210 216/1011/205
f 208/263/202 213/1009/203 216/1011/205
f 211/1003/719 221/1010/214 220/1008/213
f 222/278/211 220/1012/213 224/279/215
f 228/283/219 225/277/216 229/284/220
f 245/1013/722 238/1014/230 234/368/225
f 237/294/229 243/299/234 241/322/248
f 239/296/231 238/295/230 240/297/232
f 247/304/235 248/302/236 250/305/238
f 223/308/212 229/311/220 253/309/241
f 253/309/241 254/314/243 252/310/242
f 218/267/207 190/266/196 255/315/244
f 255/315/244 190/266/196 204/1015/199
f 255/315/244 204/1015/199 189/317/195
f 218/267/207 191/316/245 280/995/259
f 243/1016/234 242/1017/233 246/1018/723
f 242/1017/233 238/1014/230 246/1018/723
f 242/298/233 240/297/232 238/295/230
f 238/1014/230 245/1013/722 246/1018/723
f 243/1016/234 246/1018/723 257/775/583
f 257/775/583 259/1019/724 266/773/581
f 257/775/583 258/1020/725 259/1019/724
f 259/1019/724 258/1020/725 261/1021/726
f 259/1019/724 261/1021/726 262/329/255
f 258/1020/725 246/1018/723 263/1022/727
f 263/1022/727 246/1018/723 245/1013/722
f 232/289/224 251/1023/240 264/287/222
f 246/1018/723 258/1020/725 257/775/583
f 259/1019/724 262/329/255 267/328/254
f 267/328/254 266/773/581 259/1019/724
f 268/327/253 266/773/581 267/328/254
f 260/776/355 268/327/253 270/326/252
f 261/1021/726 271/1024/728 272/1025/729
f 262/329/255 261/1021/726 272/1025/729
f 272/1025/729 271/1024/728 273/323/249
f 258/1020/725 263/1022/727 271/1024/728
f 271/1024/728 261/1021/726 258/1020/725
f 272/1025/729 273/323/249 274/325/251
f 271/1024/728 263/1022/727 287/1026/730
f 272/1025/729 274/325/251 262/329/255
f 266/773/581 268/327/253 260/776/355
f 262/329/255 274/325/251 278/330/256
f 276/334/260 281/335/261 256/1027/716
f 256/1027/716 281/335/261 282/1028/731
f 256/1027/716 282/1028/731 283/1029/732
f 284/336/262 276/334/260 274/325/251
f 274/325/251 275/324/250 284/336/262
f 263/1022/727 245/1013/722 287/1026/730
f 245/1013/722 285/1030/733 287/1026/730
f 286/347/273 285/1030/733 288/367/288
f 288/367/288 292/338/264 286/347/273
f 292/338/264 288/367/288 315/356/282
f 285/1030/733 234/368/225 288/367/288
f 234/368/225 285/1030/733 245/1013/722
f 271/1024/728 287/1026/730 275/324/250
f 275/324/250 273/323/249 271/1024/728
f 275/324/250 287/1026/730 289/404/315
f 287/1026/730 285/1030/733 289/404/315
f 289/404/315 285/1030/733 290/1031/734
f 286/347/273 290/1031/734 285/1030/733
f 295/344/270 305/374/289 293/341/267
f 305/374/289 304/349/275 293/341/267
f 256/1027/716 283/1029/732 219/373/208
f 218/1032/207 256/1027/716 219/373/208
f 299/343/269 298/342/268 302/350/276
f 301/351/277 296/340/266 303/378/293
f 309/354/280 307/352/278 301/351/277
f 301/351/277 311/377/292 310/355/281
f 311/377/292 301/351/277 303/378/293
f 214/1033/721 210/1034/286 221/1035/214
f 210/1034/286 312/361/285 221/1035/214
f 312/361/285 230/363/221 221/1036/214
f 264/1037/222 265/320/247 314/371/284
f 264/364/222 315/356/282 234/368/225
f 265/320/247 264/1037/222 251/321/240
f 314/366/284 313/381/283 316/365/287
f 313/357/283 210/360/286 206/270/209
f 313/357/283 206/270/209 317/458/198
f 190/249/196 219/373/208 318/250/197
f 279/332/258 256/1027/716 280/333/259
f 300/345/271 319/375/290 320/389/294
f 318/250/197 305/374/289 295/344/270
f 303/378/293 297/339/265 321/380/295
f 310/355/281 322/376/291 323/382/296
f 310/355/281 311/377/292 322/376/291
f 308/353/279 310/355/281 323/382/296
f 307/352/278 327/387/300 299/343/269
f 325/384/297 323/383/296 322/388/291
f 325/384/297 319/375/290 306/346/272
f 300/345/271 313/1038/283 317/251/198
f 317/251/198 318/250/197 300/345/271
f 300/345/271 320/389/294 313/1038/283
f 307/352/278 329/390/301 330/392/303
f 201/246/193 205/245/192 207/253/200
f 205/245/192 210/360/286 211/1003/719
f 281/335/261 339/408/319 282/1028/731
f 282/1028/731 339/408/319 283/1029/732
f 339/408/319 304/349/275 283/1029/732
f 344/1039/735 340/406/317 341/405/316
f 341/405/316 342/407/318 343/1040/736
f 342/407/318 284/336/262 343/1040/736
f 284/336/262 341/405/316 343/1040/736
f 341/405/316 289/404/315 344/1039/735
f 340/406/317 344/1039/735 290/1031/734
f 289/404/315 290/1031/734 344/1039/735
f 342/407/318 341/405/316 340/406/317
f 284/336/262 339/408/319 281/335/261
f 342/407/318 339/408/319 284/336/262
f 340/406/317 290/1031/734 294/348/274
f 294/348/274 290/1031/734 286/347/273
f 279/332/258 276/334/260 256/1027/716
f 303/378/293 296/340/266 297/339/265
f 348/417/322 350/420/325 349/418/323
f 337/1041/313 353/430/327 355/429/328
f 367/449/341 370/448/340 366/447/339
f 365/446/338 366/447/339 368/445/337
f 324/385/298 337/402/313 323/383/296
f 337/911/313 355/469/328 323/1042/296
f 43/35/34 30/29/28 59/57/56
f 30/29/28 35/34/33 31/30/29
f 304/349/275 305/374/289 283/1029/732
f 305/374/289 219/373/208 283/1029/732
f 347/401/312 327/387/300 330/392/303
f 270/326/252 267/328/254 380/471/351
f 380/471/351 267/328/254 277/331/257
f 387/484/361 381/485/353 260/487/355
f 387/484/361 385/488/359 386/482/360
f 269/475/354 381/474/353 388/522/362
f 390/493/364 392/492/365 391/501/370
f 395/494/366 396/496/368 392/492/365
f 392/492/365 394/503/372 393/495/367
f 382/480/358 384/479/357 411/1043/385
f 411/1043/385 388/486/362 382/480/358
f 403/500/369 390/493/364 391/501/370
f 11/16/16 395/494/366 393/495/367
f 384/1044/357 380/532/351 398/506/375
f 400/507/376 401/508/377 399/504/373
f 397/505/374 403/511/369 407/1045/371
f 384/1044/357 397/505/374 407/1045/371
f 405/520/381 411/519/385 384/1046/357
f 405/520/381 408/516/382 410/518/384
f 407/515/371 412/1047/387 409/517/383
f 412/1048/387 407/502/371 18/975/712
f 407/502/371 14/14/14 18/975/712
f 28/521/25 411/523/385 412/1049/387
f 412/1047/387 411/519/385 409/517/383
f 18/981/712 29/980/713 413/525/386
f 29/980/713 27/27/26 413/525/386
f 413/525/386 412/527/387 18/981/712
f 391/501/370 392/492/365 396/496/368
f 398/506/375 414/533/389 400/507/376
f 414/533/389 380/532/351 378/1050/350
f 417/534/390 401/537/377 400/535/376
f 378/470/350 379/473/352 19/538/24
f 19/538/24 389/489/363 378/470/350
f 394/503/372 389/491/363 418/540/393
f 419/1051/394 418/540/393 389/491/363
f 418/540/393 419/1051/394 25/541/23
f 278/330/256 274/325/251 276/334/260
f 277/331/257 267/328/254 262/329/255
f 19/543/24 419/542/394 389/1052/363
f 423/553/398 424/1053/538 187/552/184
f 187/552/184 424/1053/538 203/561/246
f 203/561/246 427/1054/540 428/562/405
f 203/561/246 429/557/402 191/559/245
f 203/561/246 424/1053/538 427/1054/540
f 426/1055/737 425/558/403 433/556/401
f 433/556/401 425/558/403 431/554/399
f 425/558/403 429/557/402 431/554/399
f 429/557/402 428/562/405 430/560/404
f 26/1056/27 18/975/712 15/13/13
f 398/506/375 397/505/374 384/1044/357
f 416/536/391 404/510/379 402/509/378
f 404/510/379 416/536/391 415/528/388
f 415/528/388 403/511/369 404/510/379
f 414/529/389 415/528/388 416/536/391
f 416/536/391 400/535/376 414/529/389
f 442/690/509 439/564/407 441/1057/738
f 439/564/407 443/689/508 440/565/408
f 439/564/407 450/584/427 441/1057/738
f 438/566/409 445/569/412 437/563/406
f 446/570/413 438/566/409 444/572/415
f 445/569/412 438/566/409 446/570/413
f 437/563/406 445/569/412 448/567/410
f 448/567/410 445/569/412 447/571/414
f 439/564/407 449/568/411 450/584/427
f 449/568/411 439/564/407 437/563/406
f 441/1057/738 450/584/427 464/583/426
f 448/567/410 447/571/414 456/1058/433
f 454/575/418 456/1058/433 447/571/414
f 444/572/415 453/574/417 452/573/416
f 444/572/415 457/577/420 453/574/417
f 569/716/532 459/580/423 460/579/422
f 454/983/418 480/613/450 456/590/433
f 455/576/419 448/567/410 456/1058/433
f 442/690/509 443/689/508 439/564/407
f 451/582/425 463/585/428 459/580/423
f 544/715/531 451/582/425 569/716/532
f 459/580/423 569/716/532 451/582/425
f 438/566/409 461/587/430 444/572/415
f 440/565/408 461/587/430 438/566/409
f 451/582/425 450/584/427 465/589/432
f 451/582/425 465/589/432 476/1059/480
f 451/582/425 476/1059/480 463/585/428
f 476/1059/480 467/610/438 463/585/428
f 462/581/424 466/586/429 468/63/435
f 470/588/431 457/577/420 444/572/415
f 474/602/442 485/612/449 475/609/447
f 474/602/442 472/599/439 471/600/440
f 477/601/441 471/600/440 478/605/445
f 457/1060/420 481/615/446 480/613/450
f 468/63/435 466/586/429 469/593/436
f 420/617/395 461/587/430 440/565/408
f 420/617/395 440/565/408 443/689/508
f 454/983/418 457/1060/420 480/613/450
f 479/591/434 456/590/433 480/613/450
f 485/612/449 486/620/454 482/611/448
f 474/602/442 487/604/444 485/612/449
f 485/612/449 489/619/453 486/620/454
f 477/601/441 478/626/445 488/603/443
f 472/599/439 474/602/442 475/609/447
f 484/987/452 482/1061/448 490/622/456
f 482/1061/448 491/1062/464 490/622/456
f 484/987/452 490/622/456 483/101/451
f 495/621/455 494/676/500 496/624/458
f 492/623/457 494/676/500 495/621/455
f 491/1062/464 492/623/457 490/622/456
f 491/1062/464 493/677/463 492/623/457
f 483/101/451 500/627/460 478/626/445
f 501/652/481 498/628/461 499/631/465
f 498/628/461 500/627/460 499/631/465
f 491/106/464 486/620/454 493/630/463
f 506/636/469 507/635/468 509/638/470
f 506/636/469 509/638/470 512/641/473
f 509/638/470 507/635/468 508/639/471
f 505/632/466 510/642/474 533/158/499
f 533/158/499 517/989/478 505/632/466
f 476/651/480 465/58/432 471/600/440
f 471/600/440 465/58/432 479/591/434
f 499/631/465 516/643/475 501/652/481
f 519/655/485 520/654/484 521/658/486
f 521/658/486 520/654/484 522/659/487
f 520/654/484 516/657/475 525/661/489
f 526/670/491 502/653/482 501/652/481
f 529/671/496 502/653/482 526/670/491
f 529/671/496 527/666/492 502/653/482
f 503/625/459 510/642/474 499/631/465
f 510/642/474 531/672/497 532/674/498
f 492/623/457 493/677/463 494/676/500
f 532/688/498 534/680/503 533/683/499
f 534/680/503 536/679/502 535/681/504
f 532/688/498 537/678/501 534/680/503
f 534/680/503 535/681/504 533/683/499
f 535/681/504 536/1063/502 540/686/507
f 540/685/507 536/679/502 537/678/501
f 533/683/499 539/682/505 517/179/478
f 538/684/506 532/688/498 528/177/495
f 543/1064/739 441/1057/738 542/1065/539
f 442/690/509 543/1064/739 421/692/396
f 551/700/516 554/711/527 553/702/519
f 553/702/519 554/711/527 555/703/520
f 558/206/517 549/699/515 556/704/521
f 556/704/521 164/211/161 165/213/163
f 458/578/421 462/581/424 422/592/397
f 552/701/518 558/206/517 559/706/522
f 551/700/516 552/701/518 554/711/527
f 554/711/527 552/701/518 560/708/524
f 560/708/524 552/701/518 561/707/523
f 563/709/525 560/708/524 561/707/523
f 564/712/528 555/703/520 562/710/526
f 182/994/715 557/212/162 550/698/514
f 557/212/162 549/699/515 550/698/514
f 550/698/514 176/224/173 182/994/715
f 558/206/517 165/213/163 559/706/522
f 559/706/522 165/213/163 173/220/169
f 568/1066/740 464/583/426 544/715/531
f 567/1067/741 464/583/426 568/1066/740
f 565/713/529 572/734/535 460/705/422
f 460/579/422 572/719/535 571/718/534
f 571/718/534 569/716/532 460/579/422
f 572/734/535 565/713/529 574/735/548
f 569/716/532 573/720/536 570/717/533
f 573/720/536 544/715/531 570/717/533
f 544/715/531 577/1000/647 568/1066/740
f 568/1066/740 577/1000/647 567/1067/741
f 577/1000/647 544/715/531 573/720/536
f 441/1057/738 543/1064/739 442/690/509
f 542/1065/539 441/1057/738 567/1067/741
f 441/1057/738 464/583/426 567/1067/741
f 577/1000/647 542/1065/539 567/1067/741
f 577/855/647 575/722/537 542/724/539
f 573/736/536 579/738/543 577/1002/647
f 578/854/646 580/856/648 582/1068/742
f 576/739/549 578/854/646 581/811/617
f 576/739/549 575/722/537 578/854/646
f 581/811/617 582/1068/742 583/812/618
f 582/1068/742 587/1069/743 583/812/618
f 584/1006/546 591/741/550 589/1070/552
f 584/732/546 589/1071/552 580/856/648
f 586/1072/545 591/741/550 584/1006/546
f 574/735/548 566/714/530 588/733/547
f 574/735/548 565/713/529 566/714/530
f 542/1065/539 421/692/396 543/1064/739
f 582/1068/742 580/856/648 589/1071/552
f 582/1068/742 590/1010/554 587/1069/743
f 592/272/551 589/1070/552 591/741/550
f 591/741/550 586/1072/545 215/271/210
f 216/1011/205 585/737/544 588/264/547
f 586/1072/545 216/1011/205 215/271/210
f 585/737/544 216/1011/205 586/1072/545
f 582/1068/742 589/1071/552 590/1010/554
f 592/745/551 593/279/553 589/1012/552
f 597/750/559 598/749/558 594/744/555
f 612/1073/744 604/817/567 608/1074/572
f 607/759/569 241/322/248 243/299/234
f 609/760/571 610/762/573 608/761/572
f 614/767/575 617/768/578 615/765/576
f 223/308/212 252/310/242 600/311/560
f 243/1016/234 613/1075/745 611/1076/574
f 611/1076/574 613/1075/745 608/1074/572
f 611/298/574 608/761/572 610/762/573
f 608/1074/572 613/1075/745 612/1073/744
f 243/1016/234 257/775/583 613/1075/745
f 257/775/583 620/1077/746 619/1078/747
f 257/775/583 621/784/590 620/1077/746
f 621/784/590 257/775/583 625/782/588
f 619/1078/747 622/1022/748 613/1075/745
f 622/1022/748 612/1073/744 613/1075/745
f 602/755/564 623/754/563 618/1079/579
f 613/1075/745 257/775/583 619/1078/747
f 626/774/582 266/773/581 628/779/585
f 626/774/582 625/782/588 257/775/583
f 627/781/587 626/774/582 628/779/585
f 628/779/585 266/773/581 260/776/355
f 629/778/584 627/781/587 628/779/585
f 629/778/584 630/780/586 627/781/587
f 619/1078/747 631/1080/749 633/1081/750
f 619/1078/747 633/1081/750 622/1022/748
f 631/1080/749 619/1078/747 620/1077/746
f 620/1077/746 621/784/590 631/1080/749
f 631/1080/749 621/784/590 634/1082/751
f 631/1080/749 634/1082/751 632/788/594
f 631/1080/749 632/788/594 633/1081/750
f 633/1081/750 643/1083/752 622/1022/748
f 621/784/590 637/783/589 634/1082/751
f 637/783/589 625/782/588 626/774/582
f 426/1084/737 693/857/649 636/785/591
f 426/1084/737 638/802/608 693/857/649
f 639/789/595 634/1082/751 636/785/591
f 634/1082/751 639/789/595 632/788/594
f 622/1022/748 643/1083/752 612/1073/744
f 612/1073/744 643/1083/752 640/1085/753
f 641/1086/754 644/367/620 640/1085/753
f 644/367/620 641/1086/754 642/799/605
f 642/799/605 670/809/615 644/367/620
f 640/1085/753 644/367/620 604/817/567
f 604/817/567 612/1073/744 640/1085/753
f 633/1081/750 645/787/593 643/1083/752
f 645/787/593 633/1081/750 632/788/594
f 643/1083/752 645/787/593 640/1085/753
f 645/787/593 646/1087/755 640/1085/753
f 645/787/593 647/1088/756 646/1087/755
f 647/1088/756 641/1086/754 646/1087/755
f 641/1086/754 640/1085/753 646/1087/755
f 641/1086/754 651/801/607 642/799/605
f 652/795/601 650/793/599 432/1089/400
f 648/790/596 649/800/606 650/793/599
f 432/1089/400 650/793/599 638/802/608
f 648/790/596 662/808/614 670/809/615
f 426/1084/737 432/1089/400 638/802/608
f 433/1032/401 432/1089/400 426/1084/737
f 658/798/604 659/803/609 655/794/600
f 657/804/610 660/805/611 653/791/597
f 660/805/611 661/828/625 653/791/597
f 659/803/609 664/839/631 657/804/610
f 659/803/609 680/835/630 664/839/631
f 665/806/612 657/804/610 664/839/631
f 661/828/625 660/805/611 666/807/613
f 587/1033/743 590/1090/554 583/813/618
f 583/813/618 590/1090/554 668/814/619
f 668/814/619 590/1091/554 599/816/561
f 662/808/614 669/1092/562 670/809/615
f 669/1092/562 604/817/567 670/809/615
f 618/771/579 623/822/563 624/772/580
f 667/830/616 669/1092/562 662/808/614
f 581/811/617 671/913/541 576/739/549
f 431/726/399 672/728/542 432/1089/400
f 432/1089/400 672/728/542 652/795/601
f 635/786/592 425/927/403 426/1084/737
f 671/727/541 652/795/601 672/728/542
f 661/828/625 675/829/622 662/808/614
f 666/807/613 677/912/626 676/826/624
f 665/806/612 677/912/626 666/807/613
f 659/803/609 658/798/604 680/835/630
f 679/833/628 676/836/624 677/831/626
f 671/727/541 581/837/617 673/823/621
f 664/839/631 684/842/634 683/840/632
f 575/722/537 577/855/647 578/854/646
f 578/854/646 582/1068/742 581/811/617
f 636/785/591 697/858/650 639/789/595
f 647/1088/756 695/1093/757 694/859/651
f 696/860/652 695/1093/757 697/858/650
f 695/1093/757 647/1088/756 645/787/593
f 695/1093/757 645/787/593 697/858/650
f 696/860/652 694/859/651 695/1093/757
f 696/860/652 697/858/650 693/857/649
f 694/859/651 651/801/607 647/1088/756
f 651/801/607 641/1086/754 647/1088/756
f 635/786/592 426/1084/737 636/785/591
f 662/808/614 654/792/598 661/828/625
f 661/828/625 654/792/598 653/791/597
f 702/871/658 701/853/645 703/869/656
f 692/1094/644 700/866/654 707/1095/660
f 710/882/663 709/880/661 711/884/665
f 719/895/671 718/893/669 720/897/673
f 729/925/682 700/910/654 685/909/635
f 678/832/627 677/831/626 692/852/644
f 692/911/644 677/1042/626 685/909/635
f 729/921/682 685/843/635 682/841/633
f 701/853/645 684/842/634 681/834/629
f 635/786/592 732/926/683 731/539/392
f 425/927/403 635/786/592 731/539/392
f 731/539/392 732/926/683 733/939/690
f 731/539/392 733/939/690 7/938/6
f 630/780/586 732/926/683 626/774/582
f 736/1096/686 732/1097/683 630/1098/586
f 732/926/683 637/783/589 626/774/582
f 739/935/689 629/936/584 269/1099/354
f 739/935/689 738/932/688 737/488/687
f 740/1100/703 734/929/685 269/1099/354
f 734/929/685 739/935/689 269/1099/354
f 734/929/685 740/1100/703 736/930/686
f 736/1101/686 741/941/692 732/962/683
f 742/940/691 747/948/697 744/944/694
f 748/956/699 736/1046/686 740/955/703
f 748/956/699 752/954/702 750/952/700
f 15/950/13 751/953/701 26/1102/27
f 26/1102/27 751/953/701 28/958/25
f 741/941/692 743/943/693 733/963/690
f 743/966/693 755/965/705 754/967/706
f 731/539/392 379/473/352 191/472/245
f 7/938/6 756/968/707 731/539/392
f 434/969/711 759/973/710 435/1103/758
f 637/783/589 636/785/591 634/1082/751
f 756/971/707 757/1052/759 434/969/708
f 741/941/692 736/1101/686 17/942/17
f 754/967/706 746/945/695 747/948/697
f 747/948/697 753/959/704 754/967/706
f 753/959/704 747/948/697 4/947/4
f 733/961/690 754/967/706 753/959/704
f 754/967/706 733/961/690 743/966/693
l 435 436
